  0
SECTION
  2
HEADER
  9
$ANGBASE
  50
0.0
  9
$ANGDIR
  70
1
  9
$MEASUREMENT
  70
0
  0
ENDSEC
  0
SECTION
  2
TABLES
  0
TABLE
  2
LTYPE
  70
4
  0
LTYPE
  5
40F
  2
CONTINUOUS
  70
0
  3
Solid line
  72
65
  73
0
  40
0.0
  0
LTYPE
  5
410
  2
DASHDOT
 70
0
  3
Dash Dot ____ _ ____ _
 72
65
 73
4
 40
2.0
 49
1.25
 49
-0.25
 49
0.25
 49
-0.25
  0
LTYPE
  5
411
  2
DASHED
 70
0
  3
Dashed __ __ __ __ __
 72
65
 73
2
 40
0.75
 49
0.5
 49
-0.25
  0
LTYPE
  5
43B
  2
DOTTED
 70
0
  3
Dotted .  .  .  .
 72
65
 73
2
 40
0.2
 49
0.0
 49
-0.2
  0
ENDTAB
  0
TABLE
  2
STYLE
  70
4
  0
STYLE
  2
KICAD
  70
0
  40
0
  41
1
  42
1
  50
0
  71
0
  3
isocp.shx
  0
STYLE
  2
KICADB
  70
0
  40
0
  41
1
  42
1
  50
0
  71
0
  3
isocp.shx
  0
STYLE
  2
KICADI
  70
0
  40
0
  41
1
  42
1
  50
15
  71
0
  3
isocp.shx
  0
STYLE
  2
KICADBI
  70
0
  40
0
  41
1
  42
1
  50
15
  71
0
  3
isocp.shx
  0
ENDTAB
  0
TABLE
  2
LAYER
  70
1
  0
LAYER
  2
BLACK
  70
0
  62
7
  6
CONTINUOUS
  0
ENDTAB
  0
ENDSEC
  0
SECTION
  2
ENTITIES
0
LINE
8
BLACK
6
CONTINUOUS
10
6.4553543307086612
20
-3.8800787401574803
11
6.3766141732283463
21
-3.8800787401574803
0
LINE
8
BLACK
6
CONTINUOUS
10
6.3766141732283463
20
-3.8800787401574803
11
6.3766141732283463
21
-3.8210236220472442
0
LINE
8
BLACK
6
CONTINUOUS
10
6.3766141732283463
20
-3.8210236220472442
11
6.4553543307086612
21
-3.8210236220472442
0
LINE
8
BLACK
6
CONTINUOUS
10
6.4553543307086612
20
-3.8210236220472442
11
6.4553543307086612
21
-3.8800787401574803
0
LINE
8
BLACK
6
CONTINUOUS
10
6.7033858267716537
20
-3.8348031496062993
11
6.624645669291338
21
-3.8348031496062993
0
LINE
8
BLACK
6
CONTINUOUS
10
6.624645669291338
20
-3.8348031496062993
11
6.624645669291338
21
-3.6851968503937007
0
LINE
8
BLACK
6
CONTINUOUS
10
6.624645669291338
20
-3.6851968503937007
11
6.7033858267716537
21
-3.6851968503937007
0
LINE
8
BLACK
6
CONTINUOUS
10
6.7033858267716537
20
-3.6851968503937007
11
6.7033858267716537
21
-3.8348031496062993
0
LINE
8
BLACK
6
CONTINUOUS
10
6.271736377952756
20
-3.7619735039370079
11
6.2746101968503938
21
-3.7638937401574801
0
LINE
8
BLACK
6
CONTINUOUS
10
6.2746101968503938
20
-3.7638937401574801
11
6.2765304330708656
21
-3.766767559055118
0
LINE
8
BLACK
6
CONTINUOUS
10
6.2765304330708656
20
-3.766767559055118
11
6.2772047244094491
21
-3.7701574803149605
0
LINE
8
BLACK
6
CONTINUOUS
10
6.2772047244094491
20
-3.7701574803149605
11
6.2772047244094491
21
-3.7898425196850392
0
LINE
8
BLACK
6
CONTINUOUS
10
6.2772047244094491
20
-3.7898425196850392
11
6.2765304330708656
21
-3.7932324409448817
0
LINE
8
BLACK
6
CONTINUOUS
10
6.2765304330708656
20
-3.7932324409448817
11
6.2746101968503938
21
-3.7961062598425195
0
LINE
8
BLACK
6
CONTINUOUS
10
6.2746101968503938
20
-3.7961062598425195
11
6.271736377952756
21
-3.7980264960629921
0
LINE
8
BLACK
6
CONTINUOUS
10
6.271736377952756
20
-3.7980264960629921
11
6.268346456692913
21
-3.7987007874015748
0
LINE
8
BLACK
6
CONTINUOUS
10
6.268346456692913
20
-3.7987007874015748
11
6.2506299212598426
21
-3.7987007874015748
0
LINE
8
BLACK
6
CONTINUOUS
10
6.2506299212598426
20
-3.7987007874015748
11
6.2472399999999997
21
-3.7980264960629921
0
LINE
8
BLACK
6
CONTINUOUS
10
6.2472399999999997
20
-3.7980264960629921
11
6.2443661811023619
21
-3.7961062598425195
0
LINE
8
BLACK
6
CONTINUOUS
10
6.2443661811023619
20
-3.7961062598425195
11
6.2424459448818892
21
-3.7932324409448817
0
LINE
8
BLACK
6
CONTINUOUS
10
6.2424459448818892
20
-3.7932324409448817
11
6.2417716535433065
21
-3.7898425196850392
0
LINE
8
BLACK
6
CONTINUOUS
10
6.2417716535433065
20
-3.7898425196850392
11
6.2417716535433065
21
-3.7701574803149605
0
LINE
8
BLACK
6
CONTINUOUS
10
6.2417716535433065
20
-3.7701574803149605
11
6.2424459448818892
21
-3.766767559055118
0
LINE
8
BLACK
6
CONTINUOUS
10
6.2424459448818892
20
-3.766767559055118
11
6.2443661811023619
21
-3.7638937401574801
0
LINE
8
BLACK
6
CONTINUOUS
10
6.2443661811023619
20
-3.7638937401574801
11
6.2472399999999997
21
-3.7619735039370079
0
LINE
8
BLACK
6
CONTINUOUS
10
6.2472399999999997
20
-3.7619735039370079
11
6.2506299212598426
21
-3.7612992125984253
0
LINE
8
BLACK
6
CONTINUOUS
10
6.2506299212598426
20
-3.7612992125984253
11
6.268346456692913
21
-3.7612992125984253
0
LINE
8
BLACK
6
CONTINUOUS
10
6.268346456692913
20
-3.7612992125984253
11
6.271736377952756
21
-3.7619735039370079
0
LINE
8
BLACK
6
CONTINUOUS
10
6.3327599999999995
20
-3.7619735039370079
11
6.3356338188976373
21
-3.7638937401574801
0
LINE
8
BLACK
6
CONTINUOUS
10
6.3356338188976373
20
-3.7638937401574801
11
6.33755405511811
21
-3.766767559055118
0
LINE
8
BLACK
6
CONTINUOUS
10
6.33755405511811
20
-3.766767559055118
11
6.3382283464566926
21
-3.7701574803149605
0
LINE
8
BLACK
6
CONTINUOUS
10
6.3382283464566926
20
-3.7701574803149605
11
6.3382283464566926
21
-3.7898425196850392
0
LINE
8
BLACK
6
CONTINUOUS
10
6.3382283464566926
20
-3.7898425196850392
11
6.33755405511811
21
-3.7932324409448817
0
LINE
8
BLACK
6
CONTINUOUS
10
6.33755405511811
20
-3.7932324409448817
11
6.3356338188976373
21
-3.7961062598425195
0
LINE
8
BLACK
6
CONTINUOUS
10
6.3356338188976373
20
-3.7961062598425195
11
6.3327599999999995
21
-3.7980264960629921
0
LINE
8
BLACK
6
CONTINUOUS
10
6.3327599999999995
20
-3.7980264960629921
11
6.3293700787401574
21
-3.7987007874015748
0
LINE
8
BLACK
6
CONTINUOUS
10
6.3293700787401574
20
-3.7987007874015748
11
6.3116535433070862
21
-3.7987007874015748
0
LINE
8
BLACK
6
CONTINUOUS
10
6.3116535433070862
20
-3.7987007874015748
11
6.3082636220472441
21
-3.7980264960629921
0
LINE
8
BLACK
6
CONTINUOUS
10
6.3082636220472441
20
-3.7980264960629921
11
6.3053898031496063
21
-3.7961062598425195
0
LINE
8
BLACK
6
CONTINUOUS
10
6.3053898031496063
20
-3.7961062598425195
11
6.3034695669291336
21
-3.7932324409448817
0
LINE
8
BLACK
6
CONTINUOUS
10
6.3034695669291336
20
-3.7932324409448817
11
6.302795275590551
21
-3.7898425196850392
0
LINE
8
BLACK
6
CONTINUOUS
10
6.302795275590551
20
-3.7898425196850392
11
6.302795275590551
21
-3.7701574803149605
0
LINE
8
BLACK
6
CONTINUOUS
10
6.302795275590551
20
-3.7701574803149605
11
6.3034695669291336
21
-3.766767559055118
0
LINE
8
BLACK
6
CONTINUOUS
10
6.3034695669291336
20
-3.766767559055118
11
6.3053898031496063
21
-3.7638937401574801
0
LINE
8
BLACK
6
CONTINUOUS
10
6.3053898031496063
20
-3.7638937401574801
11
6.3082636220472441
21
-3.7619735039370079
0
LINE
8
BLACK
6
CONTINUOUS
10
6.3082636220472441
20
-3.7619735039370079
11
6.3116535433070862
21
-3.7612992125984253
0
LINE
8
BLACK
6
CONTINUOUS
10
6.3116535433070862
20
-3.7612992125984253
11
6.3293700787401574
21
-3.7612992125984253
0
LINE
8
BLACK
6
CONTINUOUS
10
6.3293700787401574
20
-3.7612992125984253
11
6.3327599999999995
21
-3.7619735039370079
0
LINE
8
BLACK
6
CONTINUOUS
10
6.4553543307086612
20
-3.7895275590551178
11
6.3766141732283463
21
-3.7895275590551178
0
LINE
8
BLACK
6
CONTINUOUS
10
6.3766141732283463
20
-3.7895275590551178
11
6.3766141732283463
21
-3.7304724409448817
0
LINE
8
BLACK
6
CONTINUOUS
10
6.3766141732283463
20
-3.7304724409448817
11
6.4553543307086612
21
-3.7304724409448817
0
LINE
8
BLACK
6
CONTINUOUS
10
6.4553543307086612
20
-3.7304724409448817
11
6.4553543307086612
21
-3.7895275590551178
0
LINE
8
BLACK
6
CONTINUOUS
10
5.7670933464566927
20
-3.6902767716535432
11
5.770286496062992
21
-3.6924103543307085
0
LINE
8
BLACK
6
CONTINUOUS
10
5.770286496062992
20
-3.6924103543307085
11
5.7724200787401569
21
-3.6956035039370079
0
LINE
8
BLACK
6
CONTINUOUS
10
5.7724200787401569
20
-3.6956035039370079
11
5.7731692913385828
21
-3.6993700787401576
0
LINE
8
BLACK
6
CONTINUOUS
10
5.7731692913385828
20
-3.6993700787401576
11
5.7731692913385828
21
-3.7781102362204724
0
LINE
8
BLACK
6
CONTINUOUS
10
5.7731692913385828
20
-3.7781102362204724
11
5.7724200787401569
21
-3.7818768110236221
0
LINE
8
BLACK
6
CONTINUOUS
10
5.7724200787401569
20
-3.7818768110236221
11
5.770286496062992
21
-3.785069960629921
0
LINE
8
BLACK
6
CONTINUOUS
10
5.770286496062992
20
-3.785069960629921
11
5.7670933464566927
21
-3.7872035433070863
0
LINE
8
BLACK
6
CONTINUOUS
10
5.7670933464566927
20
-3.7872035433070863
11
5.763326771653543
21
-3.7879527559055117
0
LINE
8
BLACK
6
CONTINUOUS
10
5.763326771653543
20
-3.7879527559055117
11
5.7121456692913384
21
-3.7879527559055117
0
LINE
8
BLACK
6
CONTINUOUS
10
5.7121456692913384
20
-3.7879527559055117
11
5.7083790944881887
21
-3.7872035433070863
0
LINE
8
BLACK
6
CONTINUOUS
10
5.7083790944881887
20
-3.7872035433070863
11
5.7051859448818893
21
-3.785069960629921
0
LINE
8
BLACK
6
CONTINUOUS
10
5.7051859448818893
20
-3.785069960629921
11
5.7030523622047244
21
-3.7818768110236221
0
LINE
8
BLACK
6
CONTINUOUS
10
5.7030523622047244
20
-3.7818768110236221
11
5.7023031496062995
21
-3.7781102362204724
0
LINE
8
BLACK
6
CONTINUOUS
10
5.7023031496062995
20
-3.7781102362204724
11
5.7023031496062995
21
-3.6993700787401576
0
LINE
8
BLACK
6
CONTINUOUS
10
5.7023031496062995
20
-3.6993700787401576
11
5.7030523622047244
21
-3.6956035039370079
0
LINE
8
BLACK
6
CONTINUOUS
10
5.7030523622047244
20
-3.6956035039370079
11
5.7051859448818893
21
-3.6924103543307085
0
LINE
8
BLACK
6
CONTINUOUS
10
5.7051859448818893
20
-3.6924103543307085
11
5.7083790944881887
21
-3.6902767716535432
0
LINE
8
BLACK
6
CONTINUOUS
10
5.7083790944881887
20
-3.6902767716535432
11
5.7121456692913384
21
-3.6895275590551182
0
LINE
8
BLACK
6
CONTINUOUS
10
5.7121456692913384
20
-3.6895275590551182
11
5.763326771653543
21
-3.6895275590551182
0
LINE
8
BLACK
6
CONTINUOUS
10
5.763326771653543
20
-3.6895275590551182
11
5.7670933464566927
21
-3.6902767716535432
0
LINE
8
BLACK
6
CONTINUOUS
10
7.9084069685039369
20
-3.7294182677165355
11
7.9109614566929132
21
-3.731125157480315
0
LINE
8
BLACK
6
CONTINUOUS
10
7.9109614566929132
20
-3.731125157480315
11
7.9126683464566927
21
-3.7336796456692913
0
LINE
8
BLACK
6
CONTINUOUS
10
7.9126683464566927
20
-3.7336796456692913
11
7.913267716535433
21
-3.7366929133858267
0
LINE
8
BLACK
6
CONTINUOUS
10
7.913267716535433
20
-3.7366929133858267
11
7.913267716535433
21
-3.7583464566929132
0
LINE
8
BLACK
6
CONTINUOUS
10
7.913267716535433
20
-3.7583464566929132
11
7.9126683464566927
21
-3.7613597244094485
0
LINE
8
BLACK
6
CONTINUOUS
10
7.9126683464566927
20
-3.7613597244094485
11
7.9109614566929132
21
-3.7639142125984253
0
LINE
8
BLACK
6
CONTINUOUS
10
7.9109614566929132
20
-3.7639142125984253
11
7.9084069685039369
21
-3.7656211023622048
0
LINE
8
BLACK
6
CONTINUOUS
10
7.9084069685039369
20
-3.7656211023622048
11
7.9053937007874016
21
-3.7662204724409447
0
LINE
8
BLACK
6
CONTINUOUS
10
7.9053937007874016
20
-3.7662204724409447
11
7.8896456692913386
21
-3.7662204724409447
0
LINE
8
BLACK
6
CONTINUOUS
10
7.8896456692913386
20
-3.7662204724409447
11
7.8866324015748033
21
-3.7656211023622048
0
LINE
8
BLACK
6
CONTINUOUS
10
7.8866324015748033
20
-3.7656211023622048
11
7.884077913385827
21
-3.7639142125984253
0
LINE
8
BLACK
6
CONTINUOUS
10
7.884077913385827
20
-3.7639142125984253
11
7.8823710236220474
21
-3.7613597244094485
0
LINE
8
BLACK
6
CONTINUOUS
10
7.8823710236220474
20
-3.7613597244094485
11
7.8817716535433071
21
-3.7583464566929132
0
LINE
8
BLACK
6
CONTINUOUS
10
7.8817716535433071
20
-3.7583464566929132
11
7.8817716535433071
21
-3.7366929133858267
0
LINE
8
BLACK
6
CONTINUOUS
10
7.8817716535433071
20
-3.7366929133858267
11
7.8823710236220474
21
-3.7336796456692913
0
LINE
8
BLACK
6
CONTINUOUS
10
7.8823710236220474
20
-3.7336796456692913
11
7.884077913385827
21
-3.731125157480315
0
LINE
8
BLACK
6
CONTINUOUS
10
7.884077913385827
20
-3.731125157480315
11
7.8866324015748033
21
-3.7294182677165355
0
LINE
8
BLACK
6
CONTINUOUS
10
7.8866324015748033
20
-3.7294182677165355
11
7.8896456692913386
21
-3.7288188976377952
0
LINE
8
BLACK
6
CONTINUOUS
10
7.8896456692913386
20
-3.7288188976377952
11
7.9053937007874016
21
-3.7288188976377952
0
LINE
8
BLACK
6
CONTINUOUS
10
7.9053937007874016
20
-3.7288188976377952
11
7.9084069685039369
21
-3.7294182677165355
0
LINE
8
BLACK
6
CONTINUOUS
10
7.973367598425197
20
-3.7294182677165355
11
7.9759220866141733
21
-3.731125157480315
0
LINE
8
BLACK
6
CONTINUOUS
10
7.9759220866141733
20
-3.731125157480315
11
7.9776289763779529
21
-3.7336796456692913
0
LINE
8
BLACK
6
CONTINUOUS
10
7.9776289763779529
20
-3.7336796456692913
11
7.9782283464566923
21
-3.7366929133858267
0
LINE
8
BLACK
6
CONTINUOUS
10
7.9782283464566923
20
-3.7366929133858267
11
7.9782283464566923
21
-3.7583464566929132
0
LINE
8
BLACK
6
CONTINUOUS
10
7.9782283464566923
20
-3.7583464566929132
11
7.9776289763779529
21
-3.7613597244094485
0
LINE
8
BLACK
6
CONTINUOUS
10
7.9776289763779529
20
-3.7613597244094485
11
7.9759220866141733
21
-3.7639142125984253
0
LINE
8
BLACK
6
CONTINUOUS
10
7.9759220866141733
20
-3.7639142125984253
11
7.973367598425197
21
-3.7656211023622048
0
LINE
8
BLACK
6
CONTINUOUS
10
7.973367598425197
20
-3.7656211023622048
11
7.9703543307086608
21
-3.7662204724409447
0
LINE
8
BLACK
6
CONTINUOUS
10
7.9703543307086608
20
-3.7662204724409447
11
7.9546062992125979
21
-3.7662204724409447
0
LINE
8
BLACK
6
CONTINUOUS
10
7.9546062992125979
20
-3.7662204724409447
11
7.9515930314960626
21
-3.7656211023622048
0
LINE
8
BLACK
6
CONTINUOUS
10
7.9515930314960626
20
-3.7656211023622048
11
7.9490385433070863
21
-3.7639142125984253
0
LINE
8
BLACK
6
CONTINUOUS
10
7.9490385433070863
20
-3.7639142125984253
11
7.9473316535433067
21
-3.7613597244094485
0
LINE
8
BLACK
6
CONTINUOUS
10
7.9473316535433067
20
-3.7613597244094485
11
7.9467322834645664
21
-3.7583464566929132
0
LINE
8
BLACK
6
CONTINUOUS
10
7.9467322834645664
20
-3.7583464566929132
11
7.9467322834645664
21
-3.7366929133858267
0
LINE
8
BLACK
6
CONTINUOUS
10
7.9467322834645664
20
-3.7366929133858267
11
7.9473316535433067
21
-3.7336796456692913
0
LINE
8
BLACK
6
CONTINUOUS
10
7.9473316535433067
20
-3.7336796456692913
11
7.9490385433070863
21
-3.731125157480315
0
LINE
8
BLACK
6
CONTINUOUS
10
7.9490385433070863
20
-3.731125157480315
11
7.9515930314960626
21
-3.7294182677165355
0
LINE
8
BLACK
6
CONTINUOUS
10
7.9515930314960626
20
-3.7294182677165355
11
7.9546062992125979
21
-3.7288188976377952
0
LINE
8
BLACK
6
CONTINUOUS
10
7.9546062992125979
20
-3.7288188976377952
11
7.9703543307086608
21
-3.7288188976377952
0
LINE
8
BLACK
6
CONTINUOUS
10
7.9703543307086608
20
-3.7288188976377952
11
7.973367598425197
21
-3.7294182677165355
0
LINE
8
BLACK
6
CONTINUOUS
10
6.0086235039370077
20
-3.6918985826771653
11
6.011177992125984
21
-3.6936054724409448
0
LINE
8
BLACK
6
CONTINUOUS
10
6.011177992125984
20
-3.6936054724409448
11
6.0128848818897636
21
-3.6961599606299211
0
LINE
8
BLACK
6
CONTINUOUS
10
6.0128848818897636
20
-3.6961599606299211
11
6.0134842519685039
21
-3.6991732283464565
0
LINE
8
BLACK
6
CONTINUOUS
10
6.0134842519685039
20
-3.6991732283464565
11
6.0134842519685039
21
-3.720826771653543
0
LINE
8
BLACK
6
CONTINUOUS
10
6.0134842519685039
20
-3.720826771653543
11
6.0128848818897636
21
-3.7238400393700788
0
LINE
8
BLACK
6
CONTINUOUS
10
6.0128848818897636
20
-3.7238400393700788
11
6.011177992125984
21
-3.7263945275590551
0
LINE
8
BLACK
6
CONTINUOUS
10
6.011177992125984
20
-3.7263945275590551
11
6.0086235039370077
21
-3.7281014173228346
0
LINE
8
BLACK
6
CONTINUOUS
10
6.0086235039370077
20
-3.7281014173228346
11
6.0056102362204724
21
-3.7287007874015745
0
LINE
8
BLACK
6
CONTINUOUS
10
6.0056102362204724
20
-3.7287007874015745
11
5.9898622047244094
21
-3.7287007874015745
0
LINE
8
BLACK
6
CONTINUOUS
10
5.9898622047244094
20
-3.7287007874015745
11
5.9868489370078741
21
-3.7281014173228346
0
LINE
8
BLACK
6
CONTINUOUS
10
5.9868489370078741
20
-3.7281014173228346
11
5.9842944488188978
21
-3.7263945275590551
0
LINE
8
BLACK
6
CONTINUOUS
10
5.9842944488188978
20
-3.7263945275590551
11
5.9825875590551183
21
-3.7238400393700788
0
LINE
8
BLACK
6
CONTINUOUS
10
5.9825875590551183
20
-3.7238400393700788
11
5.981988188976378
21
-3.720826771653543
0
LINE
8
BLACK
6
CONTINUOUS
10
5.981988188976378
20
-3.720826771653543
11
5.981988188976378
21
-3.6991732283464565
0
LINE
8
BLACK
6
CONTINUOUS
10
5.981988188976378
20
-3.6991732283464565
11
5.9825875590551183
21
-3.6961599606299211
0
LINE
8
BLACK
6
CONTINUOUS
10
5.9825875590551183
20
-3.6961599606299211
11
5.9842944488188978
21
-3.6936054724409448
0
LINE
8
BLACK
6
CONTINUOUS
10
5.9842944488188978
20
-3.6936054724409448
11
5.9868489370078741
21
-3.6918985826771653
0
LINE
8
BLACK
6
CONTINUOUS
10
5.9868489370078741
20
-3.6918985826771653
11
5.9898622047244094
21
-3.691299212598425
0
LINE
8
BLACK
6
CONTINUOUS
10
5.9898622047244094
20
-3.691299212598425
11
6.0056102362204724
21
-3.691299212598425
0
LINE
8
BLACK
6
CONTINUOUS
10
6.0056102362204724
20
-3.691299212598425
11
6.0086235039370077
21
-3.6918985826771653
0
LINE
8
BLACK
6
CONTINUOUS
10
6.0735841338582679
20
-3.6918985826771653
11
6.0761386220472442
21
-3.6936054724409448
0
LINE
8
BLACK
6
CONTINUOUS
10
6.0761386220472442
20
-3.6936054724409448
11
6.0778455118110237
21
-3.6961599606299211
0
LINE
8
BLACK
6
CONTINUOUS
10
6.0778455118110237
20
-3.6961599606299211
11
6.0784448818897641
21
-3.6991732283464565
0
LINE
8
BLACK
6
CONTINUOUS
10
6.0784448818897641
20
-3.6991732283464565
11
6.0784448818897641
21
-3.720826771653543
0
LINE
8
BLACK
6
CONTINUOUS
10
6.0784448818897641
20
-3.720826771653543
11
6.0778455118110237
21
-3.7238400393700788
0
LINE
8
BLACK
6
CONTINUOUS
10
6.0778455118110237
20
-3.7238400393700788
11
6.0761386220472442
21
-3.7263945275590551
0
LINE
8
BLACK
6
CONTINUOUS
10
6.0761386220472442
20
-3.7263945275590551
11
6.0735841338582679
21
-3.7281014173228346
0
LINE
8
BLACK
6
CONTINUOUS
10
6.0735841338582679
20
-3.7281014173228346
11
6.0705708661417326
21
-3.7287007874015745
0
LINE
8
BLACK
6
CONTINUOUS
10
6.0705708661417326
20
-3.7287007874015745
11
6.0548228346456687
21
-3.7287007874015745
0
LINE
8
BLACK
6
CONTINUOUS
10
6.0548228346456687
20
-3.7287007874015745
11
6.0518095669291334
21
-3.7281014173228346
0
LINE
8
BLACK
6
CONTINUOUS
10
6.0518095669291334
20
-3.7281014173228346
11
6.0492550787401571
21
-3.7263945275590551
0
LINE
8
BLACK
6
CONTINUOUS
10
6.0492550787401571
20
-3.7263945275590551
11
6.0475481889763776
21
-3.7238400393700788
0
LINE
8
BLACK
6
CONTINUOUS
10
6.0475481889763776
20
-3.7238400393700788
11
6.0469488188976372
21
-3.720826771653543
0
LINE
8
BLACK
6
CONTINUOUS
10
6.0469488188976372
20
-3.720826771653543
11
6.0469488188976372
21
-3.6991732283464565
0
LINE
8
BLACK
6
CONTINUOUS
10
6.0469488188976372
20
-3.6991732283464565
11
6.0475481889763776
21
-3.6961599606299211
0
LINE
8
BLACK
6
CONTINUOUS
10
6.0475481889763776
20
-3.6961599606299211
11
6.0492550787401571
21
-3.6936054724409448
0
LINE
8
BLACK
6
CONTINUOUS
10
6.0492550787401571
20
-3.6936054724409448
11
6.0518095669291334
21
-3.6918985826771653
0
LINE
8
BLACK
6
CONTINUOUS
10
6.0518095669291334
20
-3.6918985826771653
11
6.0548228346456687
21
-3.691299212598425
0
LINE
8
BLACK
6
CONTINUOUS
10
6.0548228346456687
20
-3.691299212598425
11
6.0705708661417326
21
-3.691299212598425
0
LINE
8
BLACK
6
CONTINUOUS
10
6.0705708661417326
20
-3.691299212598425
11
6.0735841338582679
21
-3.6918985826771653
0
LINE
8
BLACK
6
CONTINUOUS
10
5.9500355511811023
20
-3.6904495275590552
11
5.9519514173228343
21
-3.6917296850393702
0
LINE
8
BLACK
6
CONTINUOUS
10
5.9519514173228343
20
-3.6917296850393702
11
5.9532315748031497
21
-3.6936455511811022
0
LINE
8
BLACK
6
CONTINUOUS
10
5.9532315748031497
20
-3.6936455511811022
11
5.9536811023622045
21
-3.6959055118110236
0
LINE
8
BLACK
6
CONTINUOUS
10
5.9536811023622045
20
-3.6959055118110236
11
5.9536811023622045
21
-3.7077165354330708
0
LINE
8
BLACK
6
CONTINUOUS
10
5.9536811023622045
20
-3.7077165354330708
11
5.9532315748031497
21
-3.7099764960629922
0
LINE
8
BLACK
6
CONTINUOUS
10
5.9532315748031497
20
-3.7099764960629922
11
5.9519514173228343
21
-3.7118923622047242
0
LINE
8
BLACK
6
CONTINUOUS
10
5.9519514173228343
20
-3.7118923622047242
11
5.9500355511811023
21
-3.7131725196850391
0
LINE
8
BLACK
6
CONTINUOUS
10
5.9500355511811023
20
-3.7131725196850391
11
5.9477755905511813
21
-3.7136220472440944
0
LINE
8
BLACK
6
CONTINUOUS
10
5.9477755905511813
20
-3.7136220472440944
11
5.9015157480314961
21
-3.7136220472440944
0
LINE
8
BLACK
6
CONTINUOUS
10
5.9015157480314961
20
-3.7136220472440944
11
5.8992557874015743
21
-3.7131725196850391
0
LINE
8
BLACK
6
CONTINUOUS
10
5.8992557874015743
20
-3.7131725196850391
11
5.8973399212598423
21
-3.7118923622047242
0
LINE
8
BLACK
6
CONTINUOUS
10
5.8973399212598423
20
-3.7118923622047242
11
5.8960597637795278
21
-3.7099764960629922
0
LINE
8
BLACK
6
CONTINUOUS
10
5.8960597637795278
20
-3.7099764960629922
11
5.8956102362204721
21
-3.7077165354330708
0
LINE
8
BLACK
6
CONTINUOUS
10
5.8956102362204721
20
-3.7077165354330708
11
5.8956102362204721
21
-3.6959055118110236
0
LINE
8
BLACK
6
CONTINUOUS
10
5.8956102362204721
20
-3.6959055118110236
11
5.8960597637795278
21
-3.6936455511811022
0
LINE
8
BLACK
6
CONTINUOUS
10
5.8960597637795278
20
-3.6936455511811022
11
5.8973399212598423
21
-3.6917296850393702
0
LINE
8
BLACK
6
CONTINUOUS
10
5.8973399212598423
20
-3.6917296850393702
11
5.8992557874015743
21
-3.6904495275590552
0
LINE
8
BLACK
6
CONTINUOUS
10
5.8992557874015743
20
-3.6904495275590552
11
5.9015157480314961
21
-3.6899999999999999
0
LINE
8
BLACK
6
CONTINUOUS
10
5.9015157480314961
20
-3.6899999999999999
11
5.9477755905511813
21
-3.6899999999999999
0
LINE
8
BLACK
6
CONTINUOUS
10
5.9477755905511813
20
-3.6899999999999999
11
5.9500355511811023
21
-3.6904495275590552
0
LINE
8
BLACK
6
CONTINUOUS
10
7.9117363779527556
20
-3.6719735039370076
11
7.9146101968503935
21
-3.6738937401574803
0
LINE
8
BLACK
6
CONTINUOUS
10
7.9146101968503935
20
-3.6738937401574803
11
7.9165304330708661
21
-3.6767675590551181
0
LINE
8
BLACK
6
CONTINUOUS
10
7.9165304330708661
20
-3.6767675590551181
11
7.9172047244094488
21
-3.6801574803149606
0
LINE
8
BLACK
6
CONTINUOUS
10
7.9172047244094488
20
-3.6801574803149606
11
7.9172047244094488
21
-3.6998425196850393
0
LINE
8
BLACK
6
CONTINUOUS
10
7.9172047244094488
20
-3.6998425196850393
11
7.9165304330708661
21
-3.7032324409448818
0
LINE
8
BLACK
6
CONTINUOUS
10
7.9165304330708661
20
-3.7032324409448818
11
7.9146101968503935
21
-3.7061062598425196
0
LINE
8
BLACK
6
CONTINUOUS
10
7.9146101968503935
20
-3.7061062598425196
11
7.9117363779527556
21
-3.7080264960629918
0
LINE
8
BLACK
6
CONTINUOUS
10
7.9117363779527556
20
-3.7080264960629918
11
7.9083464566929136
21
-3.7087007874015749
0
LINE
8
BLACK
6
CONTINUOUS
10
7.9083464566929136
20
-3.7087007874015749
11
7.8906299212598423
21
-3.7087007874015749
0
LINE
8
BLACK
6
CONTINUOUS
10
7.8906299212598423
20
-3.7087007874015749
11
7.8872400000000003
21
-3.7080264960629918
0
LINE
8
BLACK
6
CONTINUOUS
10
7.8872400000000003
20
-3.7080264960629918
11
7.8843661811023624
21
-3.7061062598425196
0
LINE
8
BLACK
6
CONTINUOUS
10
7.8843661811023624
20
-3.7061062598425196
11
7.8824459448818898
21
-3.7032324409448818
0
LINE
8
BLACK
6
CONTINUOUS
10
7.8824459448818898
20
-3.7032324409448818
11
7.8817716535433071
21
-3.6998425196850393
0
LINE
8
BLACK
6
CONTINUOUS
10
7.8817716535433071
20
-3.6998425196850393
11
7.8817716535433071
21
-3.6801574803149606
0
LINE
8
BLACK
6
CONTINUOUS
10
7.8817716535433071
20
-3.6801574803149606
11
7.8824459448818898
21
-3.6767675590551181
0
LINE
8
BLACK
6
CONTINUOUS
10
7.8824459448818898
20
-3.6767675590551181
11
7.8843661811023624
21
-3.6738937401574803
0
LINE
8
BLACK
6
CONTINUOUS
10
7.8843661811023624
20
-3.6738937401574803
11
7.8872400000000003
21
-3.6719735039370076
0
LINE
8
BLACK
6
CONTINUOUS
10
7.8872400000000003
20
-3.6719735039370076
11
7.8906299212598423
21
-3.671299212598425
0
LINE
8
BLACK
6
CONTINUOUS
10
7.8906299212598423
20
-3.671299212598425
11
7.9083464566929136
21
-3.671299212598425
0
LINE
8
BLACK
6
CONTINUOUS
10
7.9083464566929136
20
-3.671299212598425
11
7.9117363779527556
21
-3.6719735039370076
0
LINE
8
BLACK
6
CONTINUOUS
10
7.9727600000000001
20
-3.6719735039370076
11
7.9756338188976379
21
-3.6738937401574803
0
LINE
8
BLACK
6
CONTINUOUS
10
7.9756338188976379
20
-3.6738937401574803
11
7.9775540551181097
21
-3.6767675590551181
0
LINE
8
BLACK
6
CONTINUOUS
10
7.9775540551181097
20
-3.6767675590551181
11
7.9782283464566923
21
-3.6801574803149606
0
LINE
8
BLACK
6
CONTINUOUS
10
7.9782283464566923
20
-3.6801574803149606
11
7.9782283464566923
21
-3.6998425196850393
0
LINE
8
BLACK
6
CONTINUOUS
10
7.9782283464566923
20
-3.6998425196850393
11
7.9775540551181097
21
-3.7032324409448818
0
LINE
8
BLACK
6
CONTINUOUS
10
7.9775540551181097
20
-3.7032324409448818
11
7.9756338188976379
21
-3.7061062598425196
0
LINE
8
BLACK
6
CONTINUOUS
10
7.9756338188976379
20
-3.7061062598425196
11
7.9727600000000001
21
-3.7080264960629918
0
LINE
8
BLACK
6
CONTINUOUS
10
7.9727600000000001
20
-3.7080264960629918
11
7.9693700787401571
21
-3.7087007874015749
0
LINE
8
BLACK
6
CONTINUOUS
10
7.9693700787401571
20
-3.7087007874015749
11
7.9516535433070867
21
-3.7087007874015749
0
LINE
8
BLACK
6
CONTINUOUS
10
7.9516535433070867
20
-3.7087007874015749
11
7.9482636220472438
21
-3.7080264960629918
0
LINE
8
BLACK
6
CONTINUOUS
10
7.9482636220472438
20
-3.7080264960629918
11
7.945389803149606
21
-3.7061062598425196
0
LINE
8
BLACK
6
CONTINUOUS
10
7.945389803149606
20
-3.7061062598425196
11
7.9434695669291333
21
-3.7032324409448818
0
LINE
8
BLACK
6
CONTINUOUS
10
7.9434695669291333
20
-3.7032324409448818
11
7.9427952755905507
21
-3.6998425196850393
0
LINE
8
BLACK
6
CONTINUOUS
10
7.9427952755905507
20
-3.6998425196850393
11
7.9427952755905507
21
-3.6801574803149606
0
LINE
8
BLACK
6
CONTINUOUS
10
7.9427952755905507
20
-3.6801574803149606
11
7.9434695669291333
21
-3.6767675590551181
0
LINE
8
BLACK
6
CONTINUOUS
10
7.9434695669291333
20
-3.6767675590551181
11
7.945389803149606
21
-3.6738937401574803
0
LINE
8
BLACK
6
CONTINUOUS
10
7.945389803149606
20
-3.6738937401574803
11
7.9482636220472438
21
-3.6719735039370076
0
LINE
8
BLACK
6
CONTINUOUS
10
7.9482636220472438
20
-3.6719735039370076
11
7.9516535433070867
21
-3.671299212598425
0
LINE
8
BLACK
6
CONTINUOUS
10
7.9516535433070867
20
-3.671299212598425
11
7.9693700787401571
21
-3.671299212598425
0
LINE
8
BLACK
6
CONTINUOUS
10
7.9693700787401571
20
-3.671299212598425
11
7.9727600000000001
21
-3.6719735039370076
0
LINE
8
BLACK
6
CONTINUOUS
10
6.4553543307086612
20
-3.6989763779527558
11
6.3766141732283463
21
-3.6989763779527558
0
LINE
8
BLACK
6
CONTINUOUS
10
6.3766141732283463
20
-3.6989763779527558
11
6.3766141732283463
21
-3.6399212598425197
0
LINE
8
BLACK
6
CONTINUOUS
10
6.3766141732283463
20
-3.6399212598425197
11
6.4553543307086612
21
-3.6399212598425197
0
LINE
8
BLACK
6
CONTINUOUS
10
6.4553543307086612
20
-3.6399212598425197
11
6.4553543307086612
21
-3.6989763779527558
0
LINE
8
BLACK
6
CONTINUOUS
10
5.8762166535433069
20
-3.6530479527559052
11
5.8781325196850389
21
-3.6543281102362202
0
LINE
8
BLACK
6
CONTINUOUS
10
5.8781325196850389
20
-3.6543281102362202
11
5.8794126771653543
21
-3.6562439763779526
0
LINE
8
BLACK
6
CONTINUOUS
10
5.8794126771653543
20
-3.6562439763779526
11
5.8798622047244091
21
-3.658503937007874
0
LINE
8
BLACK
6
CONTINUOUS
10
5.8798622047244091
20
-3.658503937007874
11
5.8798622047244091
21
-3.6703149606299212
0
LINE
8
BLACK
6
CONTINUOUS
10
5.8798622047244091
20
-3.6703149606299212
11
5.8794126771653543
21
-3.6725749212598426
0
LINE
8
BLACK
6
CONTINUOUS
10
5.8794126771653543
20
-3.6725749212598426
11
5.8781325196850389
21
-3.6744907874015746
0
LINE
8
BLACK
6
CONTINUOUS
10
5.8781325196850389
20
-3.6744907874015746
11
5.8762166535433069
21
-3.6757709448818896
0
LINE
8
BLACK
6
CONTINUOUS
10
5.8762166535433069
20
-3.6757709448818896
11
5.873956692913386
21
-3.6762204724409449
0
LINE
8
BLACK
6
CONTINUOUS
10
5.873956692913386
20
-3.6762204724409449
11
5.8276968503937008
21
-3.6762204724409449
0
LINE
8
BLACK
6
CONTINUOUS
10
5.8276968503937008
20
-3.6762204724409449
11
5.8254368897637798
21
-3.6757709448818896
0
LINE
8
BLACK
6
CONTINUOUS
10
5.8254368897637798
20
-3.6757709448818896
11
5.8235210236220469
21
-3.6744907874015746
0
LINE
8
BLACK
6
CONTINUOUS
10
5.8235210236220469
20
-3.6744907874015746
11
5.8222408661417324
21
-3.6725749212598426
0
LINE
8
BLACK
6
CONTINUOUS
10
5.8222408661417324
20
-3.6725749212598426
11
5.8217913385826767
21
-3.6703149606299212
0
LINE
8
BLACK
6
CONTINUOUS
10
5.8217913385826767
20
-3.6703149606299212
11
5.8217913385826767
21
-3.658503937007874
0
LINE
8
BLACK
6
CONTINUOUS
10
5.8217913385826767
20
-3.658503937007874
11
5.8222408661417324
21
-3.6562439763779526
0
LINE
8
BLACK
6
CONTINUOUS
10
5.8222408661417324
20
-3.6562439763779526
11
5.8235210236220469
21
-3.6543281102362202
0
LINE
8
BLACK
6
CONTINUOUS
10
5.8235210236220469
20
-3.6543281102362202
11
5.8254368897637798
21
-3.6530479527559052
0
LINE
8
BLACK
6
CONTINUOUS
10
5.8254368897637798
20
-3.6530479527559052
11
5.8276968503937008
21
-3.6525984251968504
0
LINE
8
BLACK
6
CONTINUOUS
10
5.8276968503937008
20
-3.6525984251968504
11
5.873956692913386
21
-3.6525984251968504
0
LINE
8
BLACK
6
CONTINUOUS
10
5.873956692913386
20
-3.6525984251968504
11
5.8762166535433069
21
-3.6530479527559052
0
LINE
8
BLACK
6
CONTINUOUS
10
6.0109040157480313
20
-3.6219547637795273
11
6.0136980314960624
21
-3.623821653543307
0
LINE
8
BLACK
6
CONTINUOUS
10
6.0136980314960624
20
-3.623821653543307
11
6.0155649212598421
21
-3.6266156692913385
0
LINE
8
BLACK
6
CONTINUOUS
10
6.0155649212598421
20
-3.6266156692913385
11
6.0162204724409447
21
-3.6299114173228344
0
LINE
8
BLACK
6
CONTINUOUS
10
6.0162204724409447
20
-3.6299114173228344
11
6.0162204724409447
21
-3.6500885826771654
0
LINE
8
BLACK
6
CONTINUOUS
10
6.0162204724409447
20
-3.6500885826771654
11
6.0155649212598421
21
-3.6533843307086613
0
LINE
8
BLACK
6
CONTINUOUS
10
6.0155649212598421
20
-3.6533843307086613
11
6.0136980314960624
21
-3.6561783464566928
0
LINE
8
BLACK
6
CONTINUOUS
10
6.0136980314960624
20
-3.6561783464566928
11
6.0109040157480313
21
-3.6580452362204725
0
LINE
8
BLACK
6
CONTINUOUS
10
6.0109040157480313
20
-3.6580452362204725
11
6.0076082677165354
21
-3.6587007874015747
0
LINE
8
BLACK
6
CONTINUOUS
10
6.0076082677165354
20
-3.6587007874015747
11
5.990383858267716
21
-3.6587007874015747
0
LINE
8
BLACK
6
CONTINUOUS
10
5.990383858267716
20
-3.6587007874015747
11
5.9870881102362201
21
-3.6580452362204725
0
LINE
8
BLACK
6
CONTINUOUS
10
5.9870881102362201
20
-3.6580452362204725
11
5.9842940944881891
21
-3.6561783464566928
0
LINE
8
BLACK
6
CONTINUOUS
10
5.9842940944881891
20
-3.6561783464566928
11
5.9824272047244094
21
-3.6533843307086613
0
LINE
8
BLACK
6
CONTINUOUS
10
5.9824272047244094
20
-3.6533843307086613
11
5.9817716535433068
21
-3.6500885826771654
0
LINE
8
BLACK
6
CONTINUOUS
10
5.9817716535433068
20
-3.6500885826771654
11
5.9817716535433068
21
-3.6299114173228344
0
LINE
8
BLACK
6
CONTINUOUS
10
5.9817716535433068
20
-3.6299114173228344
11
5.9824272047244094
21
-3.6266156692913385
0
LINE
8
BLACK
6
CONTINUOUS
10
5.9824272047244094
20
-3.6266156692913385
11
5.9842940944881891
21
-3.623821653543307
0
LINE
8
BLACK
6
CONTINUOUS
10
5.9842940944881891
20
-3.623821653543307
11
5.9870881102362201
21
-3.6219547637795273
0
LINE
8
BLACK
6
CONTINUOUS
10
5.9870881102362201
20
-3.6219547637795273
11
5.990383858267716
21
-3.6212992125984251
0
LINE
8
BLACK
6
CONTINUOUS
10
5.990383858267716
20
-3.6212992125984251
11
6.0076082677165354
21
-3.6212992125984251
0
LINE
8
BLACK
6
CONTINUOUS
10
6.0076082677165354
20
-3.6212992125984251
11
6.0109040157480313
21
-3.6219547637795273
0
LINE
8
BLACK
6
CONTINUOUS
10
6.0729118897637795
20
-3.6219547637795273
11
6.0757059055118106
21
-3.623821653543307
0
LINE
8
BLACK
6
CONTINUOUS
10
6.0757059055118106
20
-3.623821653543307
11
6.0775727952755902
21
-3.6266156692913385
0
LINE
8
BLACK
6
CONTINUOUS
10
6.0775727952755902
20
-3.6266156692913385
11
6.0782283464566929
21
-3.6299114173228344
0
LINE
8
BLACK
6
CONTINUOUS
10
6.0782283464566929
20
-3.6299114173228344
11
6.0782283464566929
21
-3.6500885826771654
0
LINE
8
BLACK
6
CONTINUOUS
10
6.0782283464566929
20
-3.6500885826771654
11
6.0775727952755902
21
-3.6533843307086613
0
LINE
8
BLACK
6
CONTINUOUS
10
6.0775727952755902
20
-3.6533843307086613
11
6.0757059055118106
21
-3.6561783464566928
0
LINE
8
BLACK
6
CONTINUOUS
10
6.0757059055118106
20
-3.6561783464566928
11
6.0729118897637795
21
-3.6580452362204725
0
LINE
8
BLACK
6
CONTINUOUS
10
6.0729118897637795
20
-3.6580452362204725
11
6.0696161417322836
21
-3.6587007874015747
0
LINE
8
BLACK
6
CONTINUOUS
10
6.0696161417322836
20
-3.6587007874015747
11
6.0523917322834642
21
-3.6587007874015747
0
LINE
8
BLACK
6
CONTINUOUS
10
6.0523917322834642
20
-3.6587007874015747
11
6.0490959842519683
21
-3.6580452362204725
0
LINE
8
BLACK
6
CONTINUOUS
10
6.0490959842519683
20
-3.6580452362204725
11
6.0463019685039372
21
-3.6561783464566928
0
LINE
8
BLACK
6
CONTINUOUS
10
6.0463019685039372
20
-3.6561783464566928
11
6.0444350787401575
21
-3.6533843307086613
0
LINE
8
BLACK
6
CONTINUOUS
10
6.0444350787401575
20
-3.6533843307086613
11
6.0437795275590549
21
-3.6500885826771654
0
LINE
8
BLACK
6
CONTINUOUS
10
6.0437795275590549
20
-3.6500885826771654
11
6.0437795275590549
21
-3.6299114173228344
0
LINE
8
BLACK
6
CONTINUOUS
10
6.0437795275590549
20
-3.6299114173228344
11
6.0444350787401575
21
-3.6266156692913385
0
LINE
8
BLACK
6
CONTINUOUS
10
6.0444350787401575
20
-3.6266156692913385
11
6.0463019685039372
21
-3.623821653543307
0
LINE
8
BLACK
6
CONTINUOUS
10
6.0463019685039372
20
-3.623821653543307
11
6.0490959842519683
21
-3.6219547637795273
0
LINE
8
BLACK
6
CONTINUOUS
10
6.0490959842519683
20
-3.6219547637795273
11
6.0523917322834642
21
-3.6212992125984251
0
LINE
8
BLACK
6
CONTINUOUS
10
6.0523917322834642
20
-3.6212992125984251
11
6.0696161417322836
21
-3.6212992125984251
0
LINE
8
BLACK
6
CONTINUOUS
10
6.0696161417322836
20
-3.6212992125984251
11
6.0729118897637795
21
-3.6219547637795273
0
LINE
8
BLACK
6
CONTINUOUS
10
5.9500355511811023
20
-3.6156463779527557
11
5.9519514173228343
21
-3.6169265354330706
0
LINE
8
BLACK
6
CONTINUOUS
10
5.9519514173228343
20
-3.6169265354330706
11
5.9532315748031497
21
-3.6188424015748031
0
LINE
8
BLACK
6
CONTINUOUS
10
5.9532315748031497
20
-3.6188424015748031
11
5.9536811023622045
21
-3.6211023622047245
0
LINE
8
BLACK
6
CONTINUOUS
10
5.9536811023622045
20
-3.6211023622047245
11
5.9536811023622045
21
-3.6329133858267717
0
LINE
8
BLACK
6
CONTINUOUS
10
5.9536811023622045
20
-3.6329133858267717
11
5.9532315748031497
21
-3.6351733464566927
0
LINE
8
BLACK
6
CONTINUOUS
10
5.9532315748031497
20
-3.6351733464566927
11
5.9519514173228343
21
-3.6370892125984251
0
LINE
8
BLACK
6
CONTINUOUS
10
5.9519514173228343
20
-3.6370892125984251
11
5.9500355511811023
21
-3.6383693700787401
0
LINE
8
BLACK
6
CONTINUOUS
10
5.9500355511811023
20
-3.6383693700787401
11
5.9477755905511813
21
-3.6388188976377953
0
LINE
8
BLACK
6
CONTINUOUS
10
5.9477755905511813
20
-3.6388188976377953
11
5.9015157480314961
21
-3.6388188976377953
0
LINE
8
BLACK
6
CONTINUOUS
10
5.9015157480314961
20
-3.6388188976377953
11
5.8992557874015743
21
-3.6383693700787401
0
LINE
8
BLACK
6
CONTINUOUS
10
5.8992557874015743
20
-3.6383693700787401
11
5.8973399212598423
21
-3.6370892125984251
0
LINE
8
BLACK
6
CONTINUOUS
10
5.8973399212598423
20
-3.6370892125984251
11
5.8960597637795278
21
-3.6351733464566927
0
LINE
8
BLACK
6
CONTINUOUS
10
5.8960597637795278
20
-3.6351733464566927
11
5.8956102362204721
21
-3.6329133858267717
0
LINE
8
BLACK
6
CONTINUOUS
10
5.8956102362204721
20
-3.6329133858267717
11
5.8956102362204721
21
-3.6211023622047245
0
LINE
8
BLACK
6
CONTINUOUS
10
5.8956102362204721
20
-3.6211023622047245
11
5.8960597637795278
21
-3.6188424015748031
0
LINE
8
BLACK
6
CONTINUOUS
10
5.8960597637795278
20
-3.6188424015748031
11
5.8973399212598423
21
-3.6169265354330706
0
LINE
8
BLACK
6
CONTINUOUS
10
5.8973399212598423
20
-3.6169265354330706
11
5.8992557874015743
21
-3.6156463779527557
0
LINE
8
BLACK
6
CONTINUOUS
10
5.8992557874015743
20
-3.6156463779527557
11
5.9015157480314961
21
-3.6151968503937009
0
LINE
8
BLACK
6
CONTINUOUS
10
5.9015157480314961
20
-3.6151968503937009
11
5.9477755905511813
21
-3.6151968503937009
0
LINE
8
BLACK
6
CONTINUOUS
10
5.9477755905511813
20
-3.6151968503937009
11
5.9500355511811023
21
-3.6156463779527557
0
LINE
8
BLACK
6
CONTINUOUS
10
5.7670933464566927
20
-3.5327964566929131
11
5.770286496062992
21
-3.5349300393700789
0
LINE
8
BLACK
6
CONTINUOUS
10
5.770286496062992
20
-3.5349300393700789
11
5.7724200787401569
21
-3.5381231889763778
0
LINE
8
BLACK
6
CONTINUOUS
10
5.7724200787401569
20
-3.5381231889763778
11
5.7731692913385828
21
-3.5418897637795275
0
LINE
8
BLACK
6
CONTINUOUS
10
5.7731692913385828
20
-3.5418897637795275
11
5.7731692913385828
21
-3.6206299212598423
0
LINE
8
BLACK
6
CONTINUOUS
10
5.7731692913385828
20
-3.6206299212598423
11
5.7724200787401569
21
-3.624396496062992
0
LINE
8
BLACK
6
CONTINUOUS
10
5.7724200787401569
20
-3.624396496062992
11
5.770286496062992
21
-3.6275896456692913
0
LINE
8
BLACK
6
CONTINUOUS
10
5.770286496062992
20
-3.6275896456692913
11
5.7670933464566927
21
-3.6297232283464567
0
LINE
8
BLACK
6
CONTINUOUS
10
5.7670933464566927
20
-3.6297232283464567
11
5.763326771653543
21
-3.6304724409448816
0
LINE
8
BLACK
6
CONTINUOUS
10
5.763326771653543
20
-3.6304724409448816
11
5.7121456692913384
21
-3.6304724409448816
0
LINE
8
BLACK
6
CONTINUOUS
10
5.7121456692913384
20
-3.6304724409448816
11
5.7083790944881887
21
-3.6297232283464567
0
LINE
8
BLACK
6
CONTINUOUS
10
5.7083790944881887
20
-3.6297232283464567
11
5.7051859448818893
21
-3.6275896456692913
0
LINE
8
BLACK
6
CONTINUOUS
10
5.7051859448818893
20
-3.6275896456692913
11
5.7030523622047244
21
-3.624396496062992
0
LINE
8
BLACK
6
CONTINUOUS
10
5.7030523622047244
20
-3.624396496062992
11
5.7023031496062995
21
-3.6206299212598423
0
LINE
8
BLACK
6
CONTINUOUS
10
5.7023031496062995
20
-3.6206299212598423
11
5.7023031496062995
21
-3.5418897637795275
0
LINE
8
BLACK
6
CONTINUOUS
10
5.7023031496062995
20
-3.5418897637795275
11
5.7030523622047244
21
-3.5381231889763778
0
LINE
8
BLACK
6
CONTINUOUS
10
5.7030523622047244
20
-3.5381231889763778
11
5.7051859448818893
21
-3.5349300393700789
0
LINE
8
BLACK
6
CONTINUOUS
10
5.7051859448818893
20
-3.5349300393700789
11
5.7083790944881887
21
-3.5327964566929131
0
LINE
8
BLACK
6
CONTINUOUS
10
5.7083790944881887
20
-3.5327964566929131
11
5.7121456692913384
21
-3.5320472440944881
0
LINE
8
BLACK
6
CONTINUOUS
10
5.7121456692913384
20
-3.5320472440944881
11
5.763326771653543
21
-3.5320472440944881
0
LINE
8
BLACK
6
CONTINUOUS
10
5.763326771653543
20
-3.5320472440944881
11
5.7670933464566927
21
-3.5327964566929131
0
LINE
8
BLACK
6
CONTINUOUS
10
6.5222481889763779
20
-3.5619735039370077
11
6.5251220078740158
21
-3.5638937401574804
0
LINE
8
BLACK
6
CONTINUOUS
10
6.5251220078740158
20
-3.5638937401574804
11
6.5270422440944884
21
-3.5667675590551182
0
LINE
8
BLACK
6
CONTINUOUS
10
6.5270422440944884
20
-3.5667675590551182
11
6.5277165354330711
21
-3.5701574803149607
0
LINE
8
BLACK
6
CONTINUOUS
10
6.5277165354330711
20
-3.5701574803149607
11
6.5277165354330711
21
-3.5898425196850394
0
LINE
8
BLACK
6
CONTINUOUS
10
6.5277165354330711
20
-3.5898425196850394
11
6.5270422440944884
21
-3.5932324409448819
0
LINE
8
BLACK
6
CONTINUOUS
10
6.5270422440944884
20
-3.5932324409448819
11
6.5251220078740158
21
-3.5961062598425197
0
LINE
8
BLACK
6
CONTINUOUS
10
6.5251220078740158
20
-3.5961062598425197
11
6.5222481889763779
21
-3.598026496062992
0
LINE
8
BLACK
6
CONTINUOUS
10
6.5222481889763779
20
-3.598026496062992
11
6.518858267716535
21
-3.5987007874015746
0
LINE
8
BLACK
6
CONTINUOUS
10
6.518858267716535
20
-3.5987007874015746
11
6.5011417322834646
21
-3.5987007874015746
0
LINE
8
BLACK
6
CONTINUOUS
10
6.5011417322834646
20
-3.5987007874015746
11
6.4977518110236216
21
-3.598026496062992
0
LINE
8
BLACK
6
CONTINUOUS
10
6.4977518110236216
20
-3.598026496062992
11
6.4948779921259838
21
-3.5961062598425197
0
LINE
8
BLACK
6
CONTINUOUS
10
6.4948779921259838
20
-3.5961062598425197
11
6.4929577559055121
21
-3.5932324409448819
0
LINE
8
BLACK
6
CONTINUOUS
10
6.4929577559055121
20
-3.5932324409448819
11
6.4922834645669294
21
-3.5898425196850394
0
LINE
8
BLACK
6
CONTINUOUS
10
6.4922834645669294
20
-3.5898425196850394
11
6.4922834645669294
21
-3.5701574803149607
0
LINE
8
BLACK
6
CONTINUOUS
10
6.4922834645669294
20
-3.5701574803149607
11
6.4929577559055121
21
-3.5667675590551182
0
LINE
8
BLACK
6
CONTINUOUS
10
6.4929577559055121
20
-3.5667675590551182
11
6.4948779921259838
21
-3.5638937401574804
0
LINE
8
BLACK
6
CONTINUOUS
10
6.4948779921259838
20
-3.5638937401574804
11
6.4977518110236216
21
-3.5619735039370077
0
LINE
8
BLACK
6
CONTINUOUS
10
6.4977518110236216
20
-3.5619735039370077
11
6.5011417322834646
21
-3.5612992125984251
0
LINE
8
BLACK
6
CONTINUOUS
10
6.5011417322834646
20
-3.5612992125984251
11
6.518858267716535
21
-3.5612992125984251
0
LINE
8
BLACK
6
CONTINUOUS
10
6.518858267716535
20
-3.5612992125984251
11
6.5222481889763779
21
-3.5619735039370077
0
LINE
8
BLACK
6
CONTINUOUS
10
6.5832718110236215
20
-3.5619735039370077
11
6.5861456299212593
21
-3.5638937401574804
0
LINE
8
BLACK
6
CONTINUOUS
10
6.5861456299212593
20
-3.5638937401574804
11
6.588065866141732
21
-3.5667675590551182
0
LINE
8
BLACK
6
CONTINUOUS
10
6.588065866141732
20
-3.5667675590551182
11
6.5887401574803146
21
-3.5701574803149607
0
LINE
8
BLACK
6
CONTINUOUS
10
6.5887401574803146
20
-3.5701574803149607
11
6.5887401574803146
21
-3.5898425196850394
0
LINE
8
BLACK
6
CONTINUOUS
10
6.5887401574803146
20
-3.5898425196850394
11
6.588065866141732
21
-3.5932324409448819
0
LINE
8
BLACK
6
CONTINUOUS
10
6.588065866141732
20
-3.5932324409448819
11
6.5861456299212593
21
-3.5961062598425197
0
LINE
8
BLACK
6
CONTINUOUS
10
6.5861456299212593
20
-3.5961062598425197
11
6.5832718110236215
21
-3.598026496062992
0
LINE
8
BLACK
6
CONTINUOUS
10
6.5832718110236215
20
-3.598026496062992
11
6.5798818897637794
21
-3.5987007874015746
0
LINE
8
BLACK
6
CONTINUOUS
10
6.5798818897637794
20
-3.5987007874015746
11
6.5621653543307081
21
-3.5987007874015746
0
LINE
8
BLACK
6
CONTINUOUS
10
6.5621653543307081
20
-3.5987007874015746
11
6.5587754330708661
21
-3.598026496062992
0
LINE
8
BLACK
6
CONTINUOUS
10
6.5587754330708661
20
-3.598026496062992
11
6.5559016141732283
21
-3.5961062598425197
0
LINE
8
BLACK
6
CONTINUOUS
10
6.5559016141732283
20
-3.5961062598425197
11
6.5539813779527556
21
-3.5932324409448819
0
LINE
8
BLACK
6
CONTINUOUS
10
6.5539813779527556
20
-3.5932324409448819
11
6.5533070866141729
21
-3.5898425196850394
0
LINE
8
BLACK
6
CONTINUOUS
10
6.5533070866141729
20
-3.5898425196850394
11
6.5533070866141729
21
-3.5701574803149607
0
LINE
8
BLACK
6
CONTINUOUS
10
6.5533070866141729
20
-3.5701574803149607
11
6.5539813779527556
21
-3.5667675590551182
0
LINE
8
BLACK
6
CONTINUOUS
10
6.5539813779527556
20
-3.5667675590551182
11
6.5559016141732283
21
-3.5638937401574804
0
LINE
8
BLACK
6
CONTINUOUS
10
6.5559016141732283
20
-3.5638937401574804
11
6.5587754330708661
21
-3.5619735039370077
0
LINE
8
BLACK
6
CONTINUOUS
10
6.5587754330708661
20
-3.5619735039370077
11
6.5621653543307081
21
-3.5612992125984251
0
LINE
8
BLACK
6
CONTINUOUS
10
6.5621653543307081
20
-3.5612992125984251
11
6.5798818897637794
21
-3.5612992125984251
0
LINE
8
BLACK
6
CONTINUOUS
10
6.5798818897637794
20
-3.5612992125984251
11
6.5832718110236215
21
-3.5619735039370077
0
LINE
8
BLACK
6
CONTINUOUS
10
7.1038400393700787
20
-3.5548513385826772
11
7.106394527559055
21
-3.5565582283464567
0
LINE
8
BLACK
6
CONTINUOUS
10
7.106394527559055
20
-3.5565582283464567
11
7.1081014173228345
21
-3.559112716535433
0
LINE
8
BLACK
6
CONTINUOUS
10
7.1081014173228345
20
-3.559112716535433
11
7.1087007874015748
21
-3.5621259842519684
0
LINE
8
BLACK
6
CONTINUOUS
10
7.1087007874015748
20
-3.5621259842519684
11
7.1087007874015748
21
-3.5778740157480313
0
LINE
8
BLACK
6
CONTINUOUS
10
7.1087007874015748
20
-3.5778740157480313
11
7.1081014173228345
21
-3.5808872834645666
0
LINE
8
BLACK
6
CONTINUOUS
10
7.1081014173228345
20
-3.5808872834645666
11
7.106394527559055
21
-3.5834417716535434
0
LINE
8
BLACK
6
CONTINUOUS
10
7.106394527559055
20
-3.5834417716535434
11
7.1038400393700787
21
-3.5851486614173229
0
LINE
8
BLACK
6
CONTINUOUS
10
7.1038400393700787
20
-3.5851486614173229
11
7.1008267716535434
21
-3.5857480314960628
0
LINE
8
BLACK
6
CONTINUOUS
10
7.1008267716535434
20
-3.5857480314960628
11
7.0791732283464563
21
-3.5857480314960628
0
LINE
8
BLACK
6
CONTINUOUS
10
7.0791732283464563
20
-3.5857480314960628
11
7.076159960629921
21
-3.5851486614173229
0
LINE
8
BLACK
6
CONTINUOUS
10
7.076159960629921
20
-3.5851486614173229
11
7.0736054724409447
21
-3.5834417716535434
0
LINE
8
BLACK
6
CONTINUOUS
10
7.0736054724409447
20
-3.5834417716535434
11
7.0718985826771652
21
-3.5808872834645666
0
LINE
8
BLACK
6
CONTINUOUS
10
7.0718985826771652
20
-3.5808872834645666
11
7.0712992125984249
21
-3.5778740157480313
0
LINE
8
BLACK
6
CONTINUOUS
10
7.0712992125984249
20
-3.5778740157480313
11
7.0712992125984249
21
-3.5621259842519684
0
LINE
8
BLACK
6
CONTINUOUS
10
7.0712992125984249
20
-3.5621259842519684
11
7.0718985826771652
21
-3.559112716535433
0
LINE
8
BLACK
6
CONTINUOUS
10
7.0718985826771652
20
-3.559112716535433
11
7.0736054724409447
21
-3.5565582283464567
0
LINE
8
BLACK
6
CONTINUOUS
10
7.0736054724409447
20
-3.5565582283464567
11
7.076159960629921
21
-3.5548513385826772
0
LINE
8
BLACK
6
CONTINUOUS
10
7.076159960629921
20
-3.5548513385826772
11
7.0791732283464563
21
-3.5542519685039369
0
LINE
8
BLACK
6
CONTINUOUS
10
7.0791732283464563
20
-3.5542519685039369
11
7.1008267716535434
21
-3.5542519685039369
0
LINE
8
BLACK
6
CONTINUOUS
10
7.1008267716535434
20
-3.5542519685039369
11
7.1038400393700787
21
-3.5548513385826772
0
LINE
8
BLACK
6
CONTINUOUS
10
7.4038400393700785
20
-3.5398119685039369
11
7.4063945275590548
21
-3.5415188582677164
0
LINE
8
BLACK
6
CONTINUOUS
10
7.4063945275590548
20
-3.5415188582677164
11
7.4081014173228343
21
-3.5440733464566927
0
LINE
8
BLACK
6
CONTINUOUS
10
7.4081014173228343
20
-3.5440733464566927
11
7.4087007874015747
21
-3.5470866141732285
0
LINE
8
BLACK
6
CONTINUOUS
10
7.4087007874015747
20
-3.5470866141732285
11
7.4087007874015747
21
-3.5628346456692914
0
LINE
8
BLACK
6
CONTINUOUS
10
7.4087007874015747
20
-3.5628346456692914
11
7.4081014173228343
21
-3.5658479133858267
0
LINE
8
BLACK
6
CONTINUOUS
10
7.4081014173228343
20
-3.5658479133858267
11
7.4063945275590548
21
-3.568402401574803
0
LINE
8
BLACK
6
CONTINUOUS
10
7.4063945275590548
20
-3.568402401574803
11
7.4038400393700785
21
-3.5701092913385826
0
LINE
8
BLACK
6
CONTINUOUS
10
7.4038400393700785
20
-3.5701092913385826
11
7.4008267716535432
21
-3.5707086614173229
0
LINE
8
BLACK
6
CONTINUOUS
10
7.4008267716535432
20
-3.5707086614173229
11
7.3791732283464562
21
-3.5707086614173229
0
LINE
8
BLACK
6
CONTINUOUS
10
7.3791732283464562
20
-3.5707086614173229
11
7.3761599606299209
21
-3.5701092913385826
0
LINE
8
BLACK
6
CONTINUOUS
10
7.3761599606299209
20
-3.5701092913385826
11
7.3736054724409446
21
-3.568402401574803
0
LINE
8
BLACK
6
CONTINUOUS
10
7.3736054724409446
20
-3.568402401574803
11
7.371898582677165
21
-3.5658479133858267
0
LINE
8
BLACK
6
CONTINUOUS
10
7.371898582677165
20
-3.5658479133858267
11
7.3712992125984247
21
-3.5628346456692914
0
LINE
8
BLACK
6
CONTINUOUS
10
7.3712992125984247
20
-3.5628346456692914
11
7.3712992125984247
21
-3.5470866141732285
0
LINE
8
BLACK
6
CONTINUOUS
10
7.3712992125984247
20
-3.5470866141732285
11
7.371898582677165
21
-3.5440733464566927
0
LINE
8
BLACK
6
CONTINUOUS
10
7.371898582677165
20
-3.5440733464566927
11
7.3736054724409446
21
-3.5415188582677164
0
LINE
8
BLACK
6
CONTINUOUS
10
7.3736054724409446
20
-3.5415188582677164
11
7.3761599606299209
21
-3.5398119685039369
0
LINE
8
BLACK
6
CONTINUOUS
10
7.3761599606299209
20
-3.5398119685039369
11
7.3791732283464562
21
-3.539212598425197
0
LINE
8
BLACK
6
CONTINUOUS
10
7.3791732283464562
20
-3.539212598425197
11
7.4008267716535432
21
-3.539212598425197
0
LINE
8
BLACK
6
CONTINUOUS
10
7.4008267716535432
20
-3.539212598425197
11
7.4038400393700785
21
-3.5398119685039369
0
LINE
8
BLACK
6
CONTINUOUS
10
7.3292087795275584
20
-3.5460400787401576
11
7.3311246456692913
21
-3.5473202362204725
0
LINE
8
BLACK
6
CONTINUOUS
10
7.3311246456692913
20
-3.5473202362204725
11
7.3324048031496059
21
-3.5492361023622045
0
LINE
8
BLACK
6
CONTINUOUS
10
7.3324048031496059
20
-3.5492361023622045
11
7.3328543307086615
21
-3.5514960629921259
0
LINE
8
BLACK
6
CONTINUOUS
10
7.3328543307086615
20
-3.5514960629921259
11
7.3328543307086615
21
-3.5633070866141732
0
LINE
8
BLACK
6
CONTINUOUS
10
7.3328543307086615
20
-3.5633070866141732
11
7.3324048031496059
21
-3.5655670472440946
0
LINE
8
BLACK
6
CONTINUOUS
10
7.3324048031496059
20
-3.5655670472440946
11
7.3311246456692913
21
-3.5674829133858266
0
LINE
8
BLACK
6
CONTINUOUS
10
7.3311246456692913
20
-3.5674829133858266
11
7.3292087795275584
21
-3.5687630708661415
0
LINE
8
BLACK
6
CONTINUOUS
10
7.3292087795275584
20
-3.5687630708661415
11
7.3269488188976375
21
-3.5692125984251968
0
LINE
8
BLACK
6
CONTINUOUS
10
7.3269488188976375
20
-3.5692125984251968
11
7.2806889763779523
21
-3.5692125984251968
0
LINE
8
BLACK
6
CONTINUOUS
10
7.2806889763779523
20
-3.5692125984251968
11
7.2784290157480314
21
-3.5687630708661415
0
LINE
8
BLACK
6
CONTINUOUS
10
7.2784290157480314
20
-3.5687630708661415
11
7.2765131496062994
21
-3.5674829133858266
0
LINE
8
BLACK
6
CONTINUOUS
10
7.2765131496062994
20
-3.5674829133858266
11
7.275232992125984
21
-3.5655670472440946
0
LINE
8
BLACK
6
CONTINUOUS
10
7.275232992125984
20
-3.5655670472440946
11
7.2747834645669291
21
-3.5633070866141732
0
LINE
8
BLACK
6
CONTINUOUS
10
7.2747834645669291
20
-3.5633070866141732
11
7.2747834645669291
21
-3.5514960629921259
0
LINE
8
BLACK
6
CONTINUOUS
10
7.2747834645669291
20
-3.5514960629921259
11
7.275232992125984
21
-3.5492361023622045
0
LINE
8
BLACK
6
CONTINUOUS
10
7.275232992125984
20
-3.5492361023622045
11
7.2765131496062994
21
-3.5473202362204725
0
LINE
8
BLACK
6
CONTINUOUS
10
7.2765131496062994
20
-3.5473202362204725
11
7.2784290157480314
21
-3.5460400787401576
0
LINE
8
BLACK
6
CONTINUOUS
10
7.2784290157480314
20
-3.5460400787401576
11
7.2806889763779523
21
-3.5455905511811023
0
LINE
8
BLACK
6
CONTINUOUS
10
7.2806889763779523
20
-3.5455905511811023
11
7.3269488188976375
21
-3.5455905511811023
0
LINE
8
BLACK
6
CONTINUOUS
10
7.3269488188976375
20
-3.5455905511811023
11
7.3292087795275584
21
-3.5460400787401576
0
LINE
8
BLACK
6
CONTINUOUS
10
7.255389881889764
20
-3.5086385039370076
11
7.257305748031496
21
-3.5099186614173226
0
LINE
8
BLACK
6
CONTINUOUS
10
7.257305748031496
20
-3.5099186614173226
11
7.2585859055118105
21
-3.511834527559055
0
LINE
8
BLACK
6
CONTINUOUS
10
7.2585859055118105
20
-3.511834527559055
11
7.2590354330708662
21
-3.5140944881889764
0
LINE
8
BLACK
6
CONTINUOUS
10
7.2590354330708662
20
-3.5140944881889764
11
7.2590354330708662
21
-3.5259055118110236
0
LINE
8
BLACK
6
CONTINUOUS
10
7.2590354330708662
20
-3.5259055118110236
11
7.2585859055118105
21
-3.5281654724409446
0
LINE
8
BLACK
6
CONTINUOUS
10
7.2585859055118105
20
-3.5281654724409446
11
7.257305748031496
21
-3.530081338582677
0
LINE
8
BLACK
6
CONTINUOUS
10
7.257305748031496
20
-3.530081338582677
11
7.255389881889764
21
-3.531361496062992
0
LINE
8
BLACK
6
CONTINUOUS
10
7.255389881889764
20
-3.531361496062992
11
7.2531299212598421
21
-3.5318110236220472
0
LINE
8
BLACK
6
CONTINUOUS
10
7.2531299212598421
20
-3.5318110236220472
11
7.2068700787401569
21
-3.5318110236220472
0
LINE
8
BLACK
6
CONTINUOUS
10
7.2068700787401569
20
-3.5318110236220472
11
7.204610118110236
21
-3.531361496062992
0
LINE
8
BLACK
6
CONTINUOUS
10
7.204610118110236
20
-3.531361496062992
11
7.202694251968504
21
-3.530081338582677
0
LINE
8
BLACK
6
CONTINUOUS
10
7.202694251968504
20
-3.530081338582677
11
7.2014140944881886
21
-3.5281654724409446
0
LINE
8
BLACK
6
CONTINUOUS
10
7.2014140944881886
20
-3.5281654724409446
11
7.2009645669291338
21
-3.5259055118110236
0
LINE
8
BLACK
6
CONTINUOUS
10
7.2009645669291338
20
-3.5259055118110236
11
7.2009645669291338
21
-3.5140944881889764
0
LINE
8
BLACK
6
CONTINUOUS
10
7.2009645669291338
20
-3.5140944881889764
11
7.2014140944881886
21
-3.511834527559055
0
LINE
8
BLACK
6
CONTINUOUS
10
7.2014140944881886
20
-3.511834527559055
11
7.202694251968504
21
-3.5099186614173226
0
LINE
8
BLACK
6
CONTINUOUS
10
7.202694251968504
20
-3.5099186614173226
11
7.204610118110236
21
-3.5086385039370076
0
LINE
8
BLACK
6
CONTINUOUS
10
7.204610118110236
20
-3.5086385039370076
11
7.2068700787401569
21
-3.5081889763779528
0
LINE
8
BLACK
6
CONTINUOUS
10
7.2068700787401569
20
-3.5081889763779528
11
7.2531299212598421
21
-3.5081889763779528
0
LINE
8
BLACK
6
CONTINUOUS
10
7.2531299212598421
20
-3.5081889763779528
11
7.255389881889764
21
-3.5086385039370076
0
LINE
8
BLACK
6
CONTINUOUS
10
7.1038400393700787
20
-3.489890708661417
11
7.106394527559055
21
-3.4915975984251966
0
LINE
8
BLACK
6
CONTINUOUS
10
7.106394527559055
20
-3.4915975984251966
11
7.1081014173228345
21
-3.4941520866141733
0
LINE
8
BLACK
6
CONTINUOUS
10
7.1081014173228345
20
-3.4941520866141733
11
7.1087007874015748
21
-3.4971653543307086
0
LINE
8
BLACK
6
CONTINUOUS
10
7.1087007874015748
20
-3.4971653543307086
11
7.1087007874015748
21
-3.5129133858267716
0
LINE
8
BLACK
6
CONTINUOUS
10
7.1087007874015748
20
-3.5129133858267716
11
7.1081014173228345
21
-3.5159266535433069
0
LINE
8
BLACK
6
CONTINUOUS
10
7.1081014173228345
20
-3.5159266535433069
11
7.106394527559055
21
-3.5184811417322832
0
LINE
8
BLACK
6
CONTINUOUS
10
7.106394527559055
20
-3.5184811417322832
11
7.1038400393700787
21
-3.5201880314960627
0
LINE
8
BLACK
6
CONTINUOUS
10
7.1038400393700787
20
-3.5201880314960627
11
7.1008267716535434
21
-3.5207874015748031
0
LINE
8
BLACK
6
CONTINUOUS
10
7.1008267716535434
20
-3.5207874015748031
11
7.0791732283464563
21
-3.5207874015748031
0
LINE
8
BLACK
6
CONTINUOUS
10
7.0791732283464563
20
-3.5207874015748031
11
7.076159960629921
21
-3.5201880314960627
0
LINE
8
BLACK
6
CONTINUOUS
10
7.076159960629921
20
-3.5201880314960627
11
7.0736054724409447
21
-3.5184811417322832
0
LINE
8
BLACK
6
CONTINUOUS
10
7.0736054724409447
20
-3.5184811417322832
11
7.0718985826771652
21
-3.5159266535433069
0
LINE
8
BLACK
6
CONTINUOUS
10
7.0718985826771652
20
-3.5159266535433069
11
7.0712992125984249
21
-3.5129133858267716
0
LINE
8
BLACK
6
CONTINUOUS
10
7.0712992125984249
20
-3.5129133858267716
11
7.0712992125984249
21
-3.4971653543307086
0
LINE
8
BLACK
6
CONTINUOUS
10
7.0712992125984249
20
-3.4971653543307086
11
7.0718985826771652
21
-3.4941520866141733
0
LINE
8
BLACK
6
CONTINUOUS
10
7.0718985826771652
20
-3.4941520866141733
11
7.0736054724409447
21
-3.4915975984251966
0
LINE
8
BLACK
6
CONTINUOUS
10
7.0736054724409447
20
-3.4915975984251966
11
7.076159960629921
21
-3.489890708661417
0
LINE
8
BLACK
6
CONTINUOUS
10
7.076159960629921
20
-3.489890708661417
11
7.0791732283464563
21
-3.4892913385826771
0
LINE
8
BLACK
6
CONTINUOUS
10
7.0791732283464563
20
-3.4892913385826771
11
7.1008267716535434
21
-3.4892913385826771
0
LINE
8
BLACK
6
CONTINUOUS
10
7.1008267716535434
20
-3.4892913385826771
11
7.1038400393700787
21
-3.489890708661417
0
LINE
8
BLACK
6
CONTINUOUS
10
7.4038400393700785
20
-3.4748513385826771
11
7.4063945275590548
21
-3.4765582283464567
0
LINE
8
BLACK
6
CONTINUOUS
10
7.4063945275590548
20
-3.4765582283464567
11
7.4081014173228343
21
-3.479112716535433
0
LINE
8
BLACK
6
CONTINUOUS
10
7.4081014173228343
20
-3.479112716535433
11
7.4087007874015747
21
-3.4821259842519683
0
LINE
8
BLACK
6
CONTINUOUS
10
7.4087007874015747
20
-3.4821259842519683
11
7.4087007874015747
21
-3.4978740157480313
0
LINE
8
BLACK
6
CONTINUOUS
10
7.4087007874015747
20
-3.4978740157480313
11
7.4081014173228343
21
-3.500887283464567
0
LINE
8
BLACK
6
CONTINUOUS
10
7.4081014173228343
20
-3.500887283464567
11
7.4063945275590548
21
-3.5034417716535433
0
LINE
8
BLACK
6
CONTINUOUS
10
7.4063945275590548
20
-3.5034417716535433
11
7.4038400393700785
21
-3.5051486614173228
0
LINE
8
BLACK
6
CONTINUOUS
10
7.4038400393700785
20
-3.5051486614173228
11
7.4008267716535432
21
-3.5057480314960627
0
LINE
8
BLACK
6
CONTINUOUS
10
7.4008267716535432
20
-3.5057480314960627
11
7.3791732283464562
21
-3.5057480314960627
0
LINE
8
BLACK
6
CONTINUOUS
10
7.3791732283464562
20
-3.5057480314960627
11
7.3761599606299209
21
-3.5051486614173228
0
LINE
8
BLACK
6
CONTINUOUS
10
7.3761599606299209
20
-3.5051486614173228
11
7.3736054724409446
21
-3.5034417716535433
0
LINE
8
BLACK
6
CONTINUOUS
10
7.3736054724409446
20
-3.5034417716535433
11
7.371898582677165
21
-3.500887283464567
0
LINE
8
BLACK
6
CONTINUOUS
10
7.371898582677165
20
-3.500887283464567
11
7.3712992125984247
21
-3.4978740157480313
0
LINE
8
BLACK
6
CONTINUOUS
10
7.3712992125984247
20
-3.4978740157480313
11
7.3712992125984247
21
-3.4821259842519683
0
LINE
8
BLACK
6
CONTINUOUS
10
7.3712992125984247
20
-3.4821259842519683
11
7.371898582677165
21
-3.479112716535433
0
LINE
8
BLACK
6
CONTINUOUS
10
7.371898582677165
20
-3.479112716535433
11
7.3736054724409446
21
-3.4765582283464567
0
LINE
8
BLACK
6
CONTINUOUS
10
7.3736054724409446
20
-3.4765582283464567
11
7.3761599606299209
21
-3.4748513385826771
0
LINE
8
BLACK
6
CONTINUOUS
10
7.3761599606299209
20
-3.4748513385826771
11
7.3791732283464562
21
-3.4742519685039368
0
LINE
8
BLACK
6
CONTINUOUS
10
7.3791732283464562
20
-3.4742519685039368
11
7.4008267716535432
21
-3.4742519685039368
0
LINE
8
BLACK
6
CONTINUOUS
10
7.4008267716535432
20
-3.4742519685039368
11
7.4038400393700785
21
-3.4748513385826771
0
LINE
8
BLACK
6
CONTINUOUS
10
7.3292087795275584
20
-3.4712369291338581
11
7.3311246456692913
21
-3.472517086614173
0
LINE
8
BLACK
6
CONTINUOUS
10
7.3311246456692913
20
-3.472517086614173
11
7.3324048031496059
21
-3.4744329527559055
0
LINE
8
BLACK
6
CONTINUOUS
10
7.3324048031496059
20
-3.4744329527559055
11
7.3328543307086615
21
-3.4766929133858269
0
LINE
8
BLACK
6
CONTINUOUS
10
7.3328543307086615
20
-3.4766929133858269
11
7.3328543307086615
21
-3.4885039370078741
0
LINE
8
BLACK
6
CONTINUOUS
10
7.3328543307086615
20
-3.4885039370078741
11
7.3324048031496059
21
-3.490763897637795
0
LINE
8
BLACK
6
CONTINUOUS
10
7.3324048031496059
20
-3.490763897637795
11
7.3311246456692913
21
-3.4926797637795275
0
LINE
8
BLACK
6
CONTINUOUS
10
7.3311246456692913
20
-3.4926797637795275
11
7.3292087795275584
21
-3.4939599212598424
0
LINE
8
BLACK
6
CONTINUOUS
10
7.3292087795275584
20
-3.4939599212598424
11
7.3269488188976375
21
-3.4944094488188977
0
LINE
8
BLACK
6
CONTINUOUS
10
7.3269488188976375
20
-3.4944094488188977
11
7.2806889763779523
21
-3.4944094488188977
0
LINE
8
BLACK
6
CONTINUOUS
10
7.2806889763779523
20
-3.4944094488188977
11
7.2784290157480314
21
-3.4939599212598424
0
LINE
8
BLACK
6
CONTINUOUS
10
7.2784290157480314
20
-3.4939599212598424
11
7.2765131496062994
21
-3.4926797637795275
0
LINE
8
BLACK
6
CONTINUOUS
10
7.2765131496062994
20
-3.4926797637795275
11
7.275232992125984
21
-3.490763897637795
0
LINE
8
BLACK
6
CONTINUOUS
10
7.275232992125984
20
-3.490763897637795
11
7.2747834645669291
21
-3.4885039370078741
0
LINE
8
BLACK
6
CONTINUOUS
10
7.2747834645669291
20
-3.4885039370078741
11
7.2747834645669291
21
-3.4766929133858269
0
LINE
8
BLACK
6
CONTINUOUS
10
7.2747834645669291
20
-3.4766929133858269
11
7.275232992125984
21
-3.4744329527559055
0
LINE
8
BLACK
6
CONTINUOUS
10
7.275232992125984
20
-3.4744329527559055
11
7.2765131496062994
21
-3.472517086614173
0
LINE
8
BLACK
6
CONTINUOUS
10
7.2765131496062994
20
-3.472517086614173
11
7.2784290157480314
21
-3.4712369291338581
0
LINE
8
BLACK
6
CONTINUOUS
10
7.2784290157480314
20
-3.4712369291338581
11
7.2806889763779523
21
-3.4707874015748033
0
LINE
8
BLACK
6
CONTINUOUS
10
7.2806889763779523
20
-3.4707874015748033
11
7.3269488188976375
21
-3.4707874015748033
0
LINE
8
BLACK
6
CONTINUOUS
10
7.3269488188976375
20
-3.4707874015748033
11
7.3292087795275584
21
-3.4712369291338581
0
LINE
8
BLACK
6
CONTINUOUS
10
5.7670933464566927
20
-3.3590169291338583
11
5.770286496062992
21
-3.3611505118110236
0
LINE
8
BLACK
6
CONTINUOUS
10
5.770286496062992
20
-3.3611505118110236
11
5.7724200787401569
21
-3.3643436614173226
0
LINE
8
BLACK
6
CONTINUOUS
10
5.7724200787401569
20
-3.3643436614173226
11
5.7731692913385828
21
-3.3681102362204722
0
LINE
8
BLACK
6
CONTINUOUS
10
5.7731692913385828
20
-3.3681102362204722
11
5.7731692913385828
21
-3.4468503937007875
0
LINE
8
BLACK
6
CONTINUOUS
10
5.7731692913385828
20
-3.4468503937007875
11
5.7724200787401569
21
-3.4506169685039367
0
LINE
8
BLACK
6
CONTINUOUS
10
5.7724200787401569
20
-3.4506169685039367
11
5.770286496062992
21
-3.4538101181102361
0
LINE
8
BLACK
6
CONTINUOUS
10
5.770286496062992
20
-3.4538101181102361
11
5.7670933464566927
21
-3.4559437007874014
0
LINE
8
BLACK
6
CONTINUOUS
10
5.7670933464566927
20
-3.4559437007874014
11
5.763326771653543
21
-3.4566929133858268
0
LINE
8
BLACK
6
CONTINUOUS
10
5.763326771653543
20
-3.4566929133858268
11
5.7121456692913384
21
-3.4566929133858268
0
LINE
8
BLACK
6
CONTINUOUS
10
5.7121456692913384
20
-3.4566929133858268
11
5.7083790944881887
21
-3.4559437007874014
0
LINE
8
BLACK
6
CONTINUOUS
10
5.7083790944881887
20
-3.4559437007874014
11
5.7051859448818893
21
-3.4538101181102361
0
LINE
8
BLACK
6
CONTINUOUS
10
5.7051859448818893
20
-3.4538101181102361
11
5.7030523622047244
21
-3.4506169685039367
0
LINE
8
BLACK
6
CONTINUOUS
10
5.7030523622047244
20
-3.4506169685039367
11
5.7023031496062995
21
-3.4468503937007875
0
LINE
8
BLACK
6
CONTINUOUS
10
5.7023031496062995
20
-3.4468503937007875
11
5.7023031496062995
21
-3.3681102362204722
0
LINE
8
BLACK
6
CONTINUOUS
10
5.7023031496062995
20
-3.3681102362204722
11
5.7030523622047244
21
-3.3643436614173226
0
LINE
8
BLACK
6
CONTINUOUS
10
5.7030523622047244
20
-3.3643436614173226
11
5.7051859448818893
21
-3.3611505118110236
0
LINE
8
BLACK
6
CONTINUOUS
10
5.7051859448818893
20
-3.3611505118110236
11
5.7083790944881887
21
-3.3590169291338583
0
LINE
8
BLACK
6
CONTINUOUS
10
5.7083790944881887
20
-3.3590169291338583
11
5.7121456692913384
21
-3.3582677165354329
0
LINE
8
BLACK
6
CONTINUOUS
10
5.7121456692913384
20
-3.3582677165354329
11
5.763326771653543
21
-3.3582677165354329
0
LINE
8
BLACK
6
CONTINUOUS
10
5.763326771653543
20
-3.3582677165354329
11
5.7670933464566927
21
-3.3590169291338583
0
LINE
8
BLACK
6
CONTINUOUS
10
6.0087219291338583
20
-3.3618985826771652
11
6.0112764173228346
21
-3.3636054724409448
0
LINE
8
BLACK
6
CONTINUOUS
10
6.0112764173228346
20
-3.3636054724409448
11
6.0129833070866141
21
-3.3661599606299211
0
LINE
8
BLACK
6
CONTINUOUS
10
6.0129833070866141
20
-3.3661599606299211
11
6.0135826771653544
21
-3.3691732283464568
0
LINE
8
BLACK
6
CONTINUOUS
10
6.0135826771653544
20
-3.3691732283464568
11
6.0135826771653544
21
-3.3908267716535434
0
LINE
8
BLACK
6
CONTINUOUS
10
6.0135826771653544
20
-3.3908267716535434
11
6.0129833070866141
21
-3.3938400393700787
0
LINE
8
BLACK
6
CONTINUOUS
10
6.0129833070866141
20
-3.3938400393700787
11
6.0112764173228346
21
-3.396394527559055
0
LINE
8
BLACK
6
CONTINUOUS
10
6.0112764173228346
20
-3.396394527559055
11
6.0087219291338583
21
-3.3981014173228345
0
LINE
8
BLACK
6
CONTINUOUS
10
6.0087219291338583
20
-3.3981014173228345
11
6.005708661417323
21
-3.3987007874015749
0
LINE
8
BLACK
6
CONTINUOUS
10
6.005708661417323
20
-3.3987007874015749
11
5.98996062992126
21
-3.3987007874015749
0
LINE
8
BLACK
6
CONTINUOUS
10
5.98996062992126
20
-3.3987007874015749
11
5.9869473622047247
21
-3.3981014173228345
0
LINE
8
BLACK
6
CONTINUOUS
10
5.9869473622047247
20
-3.3981014173228345
11
5.9843928740157475
21
-3.396394527559055
0
LINE
8
BLACK
6
CONTINUOUS
10
5.9843928740157475
20
-3.396394527559055
11
5.982685984251968
21
-3.3938400393700787
0
LINE
8
BLACK
6
CONTINUOUS
10
5.982685984251968
20
-3.3938400393700787
11
5.9820866141732285
21
-3.3908267716535434
0
LINE
8
BLACK
6
CONTINUOUS
10
5.9820866141732285
20
-3.3908267716535434
11
5.9820866141732285
21
-3.3691732283464568
0
LINE
8
BLACK
6
CONTINUOUS
10
5.9820866141732285
20
-3.3691732283464568
11
5.982685984251968
21
-3.3661599606299211
0
LINE
8
BLACK
6
CONTINUOUS
10
5.982685984251968
20
-3.3661599606299211
11
5.9843928740157475
21
-3.3636054724409448
0
LINE
8
BLACK
6
CONTINUOUS
10
5.9843928740157475
20
-3.3636054724409448
11
5.9869473622047247
21
-3.3618985826771652
0
LINE
8
BLACK
6
CONTINUOUS
10
5.9869473622047247
20
-3.3618985826771652
11
5.98996062992126
21
-3.3612992125984249
0
LINE
8
BLACK
6
CONTINUOUS
10
5.98996062992126
20
-3.3612992125984249
11
6.005708661417323
21
-3.3612992125984249
0
LINE
8
BLACK
6
CONTINUOUS
10
6.005708661417323
20
-3.3612992125984249
11
6.0087219291338583
21
-3.3618985826771652
0
LINE
8
BLACK
6
CONTINUOUS
10
6.0736825590551176
20
-3.3618985826771652
11
6.0762370472440947
21
-3.3636054724409448
0
LINE
8
BLACK
6
CONTINUOUS
10
6.0762370472440947
20
-3.3636054724409448
11
6.0779439370078743
21
-3.3661599606299211
0
LINE
8
BLACK
6
CONTINUOUS
10
6.0779439370078743
20
-3.3661599606299211
11
6.0785433070866137
21
-3.3691732283464568
0
LINE
8
BLACK
6
CONTINUOUS
10
6.0785433070866137
20
-3.3691732283464568
11
6.0785433070866137
21
-3.3908267716535434
0
LINE
8
BLACK
6
CONTINUOUS
10
6.0785433070866137
20
-3.3908267716535434
11
6.0779439370078743
21
-3.3938400393700787
0
LINE
8
BLACK
6
CONTINUOUS
10
6.0779439370078743
20
-3.3938400393700787
11
6.0762370472440947
21
-3.396394527559055
0
LINE
8
BLACK
6
CONTINUOUS
10
6.0762370472440947
20
-3.396394527559055
11
6.0736825590551176
21
-3.3981014173228345
0
LINE
8
BLACK
6
CONTINUOUS
10
6.0736825590551176
20
-3.3981014173228345
11
6.0706692913385822
21
-3.3987007874015749
0
LINE
8
BLACK
6
CONTINUOUS
10
6.0706692913385822
20
-3.3987007874015749
11
6.0549212598425193
21
-3.3987007874015749
0
LINE
8
BLACK
6
CONTINUOUS
10
6.0549212598425193
20
-3.3987007874015749
11
6.051907992125984
21
-3.3981014173228345
0
LINE
8
BLACK
6
CONTINUOUS
10
6.051907992125984
20
-3.3981014173228345
11
6.0493535039370077
21
-3.396394527559055
0
LINE
8
BLACK
6
CONTINUOUS
10
6.0493535039370077
20
-3.396394527559055
11
6.0476466141732281
21
-3.3938400393700787
0
LINE
8
BLACK
6
CONTINUOUS
10
6.0476466141732281
20
-3.3938400393700787
11
6.0470472440944878
21
-3.3908267716535434
0
LINE
8
BLACK
6
CONTINUOUS
10
6.0470472440944878
20
-3.3908267716535434
11
6.0470472440944878
21
-3.3691732283464568
0
LINE
8
BLACK
6
CONTINUOUS
10
6.0470472440944878
20
-3.3691732283464568
11
6.0476466141732281
21
-3.3661599606299211
0
LINE
8
BLACK
6
CONTINUOUS
10
6.0476466141732281
20
-3.3661599606299211
11
6.0493535039370077
21
-3.3636054724409448
0
LINE
8
BLACK
6
CONTINUOUS
10
6.0493535039370077
20
-3.3636054724409448
11
6.051907992125984
21
-3.3618985826771652
0
LINE
8
BLACK
6
CONTINUOUS
10
6.051907992125984
20
-3.3618985826771652
11
6.0549212598425193
21
-3.3612992125984249
0
LINE
8
BLACK
6
CONTINUOUS
10
6.0549212598425193
20
-3.3612992125984249
11
6.0706692913385822
21
-3.3612992125984249
0
LINE
8
BLACK
6
CONTINUOUS
10
6.0706692913385822
20
-3.3612992125984249
11
6.0736825590551176
21
-3.3618985826771652
0
LINE
8
BLACK
6
CONTINUOUS
10
5.9501339763779528
20
-3.3656463779527557
11
5.9520498425196848
21
-3.3669265354330706
0
LINE
8
BLACK
6
CONTINUOUS
10
5.9520498425196848
20
-3.3669265354330706
11
5.9533300000000002
21
-3.3688424015748031
0
LINE
8
BLACK
6
CONTINUOUS
10
5.9533300000000002
20
-3.3688424015748031
11
5.953779527559055
21
-3.3711023622047245
0
LINE
8
BLACK
6
CONTINUOUS
10
5.953779527559055
20
-3.3711023622047245
11
5.953779527559055
21
-3.3829133858267717
0
LINE
8
BLACK
6
CONTINUOUS
10
5.953779527559055
20
-3.3829133858267717
11
5.9533300000000002
21
-3.3851733464566927
0
LINE
8
BLACK
6
CONTINUOUS
10
5.9533300000000002
20
-3.3851733464566927
11
5.9520498425196848
21
-3.3870892125984251
0
LINE
8
BLACK
6
CONTINUOUS
10
5.9520498425196848
20
-3.3870892125984251
11
5.9501339763779528
21
-3.3883693700787401
0
LINE
8
BLACK
6
CONTINUOUS
10
5.9501339763779528
20
-3.3883693700787401
11
5.947874015748031
21
-3.3888188976377953
0
LINE
8
BLACK
6
CONTINUOUS
10
5.947874015748031
20
-3.3888188976377953
11
5.9016141732283467
21
-3.3888188976377953
0
LINE
8
BLACK
6
CONTINUOUS
10
5.9016141732283467
20
-3.3888188976377953
11
5.8993542125984249
21
-3.3883693700787401
0
LINE
8
BLACK
6
CONTINUOUS
10
5.8993542125984249
20
-3.3883693700787401
11
5.8974383464566928
21
-3.3870892125984251
0
LINE
8
BLACK
6
CONTINUOUS
10
5.8974383464566928
20
-3.3870892125984251
11
5.8961581889763774
21
-3.3851733464566927
0
LINE
8
BLACK
6
CONTINUOUS
10
5.8961581889763774
20
-3.3851733464566927
11
5.8957086614173226
21
-3.3829133858267717
0
LINE
8
BLACK
6
CONTINUOUS
10
5.8957086614173226
20
-3.3829133858267717
11
5.8957086614173226
21
-3.3711023622047245
0
LINE
8
BLACK
6
CONTINUOUS
10
5.8957086614173226
20
-3.3711023622047245
11
5.8961581889763774
21
-3.3688424015748031
0
LINE
8
BLACK
6
CONTINUOUS
10
5.8961581889763774
20
-3.3688424015748031
11
5.8974383464566928
21
-3.3669265354330706
0
LINE
8
BLACK
6
CONTINUOUS
10
5.8974383464566928
20
-3.3669265354330706
11
5.8993542125984249
21
-3.3656463779527557
0
LINE
8
BLACK
6
CONTINUOUS
10
5.8993542125984249
20
-3.3656463779527557
11
5.9016141732283467
21
-3.3651968503937009
0
LINE
8
BLACK
6
CONTINUOUS
10
5.9016141732283467
20
-3.3651968503937009
11
5.947874015748031
21
-3.3651968503937009
0
LINE
8
BLACK
6
CONTINUOUS
10
5.947874015748031
20
-3.3651968503937009
11
5.9501339763779528
21
-3.3656463779527557
0
LINE
8
BLACK
6
CONTINUOUS
10
6.5839081889763778
20
-3.3575831496062993
11
6.5851854724409451
21
-3.3584365748031497
0
LINE
8
BLACK
6
CONTINUOUS
10
6.5851854724409451
20
-3.3584365748031497
11
6.5860388976377955
21
-3.3597138582677166
0
LINE
8
BLACK
6
CONTINUOUS
10
6.5860388976377955
20
-3.3597138582677166
11
6.5863385826771648
21
-3.3612204724409449
0
LINE
8
BLACK
6
CONTINUOUS
10
6.5863385826771648
20
-3.3612204724409449
11
6.5863385826771648
21
-3.3690944881889764
0
LINE
8
BLACK
6
CONTINUOUS
10
6.5863385826771648
20
-3.3690944881889764
11
6.5860388976377955
21
-3.3706011023622047
0
LINE
8
BLACK
6
CONTINUOUS
10
6.5860388976377955
20
-3.3706011023622047
11
6.5851854724409451
21
-3.3718783858267716
0
LINE
8
BLACK
6
CONTINUOUS
10
6.5851854724409451
20
-3.3718783858267716
11
6.5839081889763778
21
-3.372731811023622
0
LINE
8
BLACK
6
CONTINUOUS
10
6.5839081889763778
20
-3.372731811023622
11
6.582401574803149
21
-3.3730314960629921
0
LINE
8
BLACK
6
CONTINUOUS
10
6.582401574803149
20
-3.3730314960629921
11
6.532204724409449
21
-3.3730314960629921
0
LINE
8
BLACK
6
CONTINUOUS
10
6.532204724409449
20
-3.3730314960629921
11
6.5306981102362203
21
-3.372731811023622
0
LINE
8
BLACK
6
CONTINUOUS
10
6.5306981102362203
20
-3.372731811023622
11
6.5294208267716538
21
-3.3718783858267716
0
LINE
8
BLACK
6
CONTINUOUS
10
6.5294208267716538
20
-3.3718783858267716
11
6.5285674015748034
21
-3.3706011023622047
0
LINE
8
BLACK
6
CONTINUOUS
10
6.5285674015748034
20
-3.3706011023622047
11
6.5282677165354333
21
-3.3690944881889764
0
LINE
8
BLACK
6
CONTINUOUS
10
6.5282677165354333
20
-3.3690944881889764
11
6.5282677165354333
21
-3.3612204724409449
0
LINE
8
BLACK
6
CONTINUOUS
10
6.5282677165354333
20
-3.3612204724409449
11
6.5285674015748034
21
-3.3597138582677166
0
LINE
8
BLACK
6
CONTINUOUS
10
6.5285674015748034
20
-3.3597138582677166
11
6.5294208267716538
21
-3.3584365748031497
0
LINE
8
BLACK
6
CONTINUOUS
10
6.5294208267716538
20
-3.3584365748031497
11
6.5306981102362203
21
-3.3575831496062993
0
LINE
8
BLACK
6
CONTINUOUS
10
6.5306981102362203
20
-3.3575831496062993
11
6.532204724409449
21
-3.3572834645669292
0
LINE
8
BLACK
6
CONTINUOUS
10
6.532204724409449
20
-3.3572834645669292
11
6.582401574803149
21
-3.3572834645669292
0
LINE
8
BLACK
6
CONTINUOUS
10
6.582401574803149
20
-3.3572834645669292
11
6.5839081889763778
21
-3.3575831496062993
0
LINE
8
BLACK
6
CONTINUOUS
10
6.8093018897637796
20
-3.3575831496062993
11
6.8105791732283461
21
-3.3584365748031497
0
LINE
8
BLACK
6
CONTINUOUS
10
6.8105791732283461
20
-3.3584365748031497
11
6.8114325984251964
21
-3.3597138582677166
0
LINE
8
BLACK
6
CONTINUOUS
10
6.8114325984251964
20
-3.3597138582677166
11
6.8117322834645666
21
-3.3612204724409449
0
LINE
8
BLACK
6
CONTINUOUS
10
6.8117322834645666
20
-3.3612204724409449
11
6.8117322834645666
21
-3.3690944881889764
0
LINE
8
BLACK
6
CONTINUOUS
10
6.8117322834645666
20
-3.3690944881889764
11
6.8114325984251964
21
-3.3706011023622047
0
LINE
8
BLACK
6
CONTINUOUS
10
6.8114325984251964
20
-3.3706011023622047
11
6.8105791732283461
21
-3.3718783858267716
0
LINE
8
BLACK
6
CONTINUOUS
10
6.8105791732283461
20
-3.3718783858267716
11
6.8093018897637796
21
-3.372731811023622
0
LINE
8
BLACK
6
CONTINUOUS
10
6.8093018897637796
20
-3.372731811023622
11
6.8077952755905509
21
-3.3730314960629921
0
LINE
8
BLACK
6
CONTINUOUS
10
6.8077952755905509
20
-3.3730314960629921
11
6.7575984251968499
21
-3.3730314960629921
0
LINE
8
BLACK
6
CONTINUOUS
10
6.7575984251968499
20
-3.3730314960629921
11
6.7560918110236221
21
-3.372731811023622
0
LINE
8
BLACK
6
CONTINUOUS
10
6.7560918110236221
20
-3.372731811023622
11
6.7548145275590548
21
-3.3718783858267716
0
LINE
8
BLACK
6
CONTINUOUS
10
6.7548145275590548
20
-3.3718783858267716
11
6.7539611023622044
21
-3.3706011023622047
0
LINE
8
BLACK
6
CONTINUOUS
10
6.7539611023622044
20
-3.3706011023622047
11
6.7536614173228342
21
-3.3690944881889764
0
LINE
8
BLACK
6
CONTINUOUS
10
6.7536614173228342
20
-3.3690944881889764
11
6.7536614173228342
21
-3.3612204724409449
0
LINE
8
BLACK
6
CONTINUOUS
10
6.7536614173228342
20
-3.3612204724409449
11
6.7539611023622044
21
-3.3597138582677166
0
LINE
8
BLACK
6
CONTINUOUS
10
6.7539611023622044
20
-3.3597138582677166
11
6.7548145275590548
21
-3.3584365748031497
0
LINE
8
BLACK
6
CONTINUOUS
10
6.7548145275590548
20
-3.3584365748031497
11
6.7560918110236221
21
-3.3575831496062993
0
LINE
8
BLACK
6
CONTINUOUS
10
6.7560918110236221
20
-3.3575831496062993
11
6.7575984251968499
21
-3.3572834645669292
0
LINE
8
BLACK
6
CONTINUOUS
10
6.7575984251968499
20
-3.3572834645669292
11
6.8077952755905509
21
-3.3572834645669292
0
LINE
8
BLACK
6
CONTINUOUS
10
6.8077952755905509
20
-3.3572834645669292
11
6.8093018897637796
21
-3.3575831496062993
0
LINE
8
BLACK
6
CONTINUOUS
10
5.8763150787401575
20
-3.3282448031496061
11
5.8782309448818895
21
-3.3295249606299211
0
LINE
8
BLACK
6
CONTINUOUS
10
5.8782309448818895
20
-3.3295249606299211
11
5.8795111023622049
21
-3.3314408267716535
0
LINE
8
BLACK
6
CONTINUOUS
10
5.8795111023622049
20
-3.3314408267716535
11
5.8799606299212597
21
-3.3337007874015749
0
LINE
8
BLACK
6
CONTINUOUS
10
5.8799606299212597
20
-3.3337007874015749
11
5.8799606299212597
21
-3.3455118110236222
0
LINE
8
BLACK
6
CONTINUOUS
10
5.8799606299212597
20
-3.3455118110236222
11
5.8795111023622049
21
-3.3477717716535431
0
LINE
8
BLACK
6
CONTINUOUS
10
5.8795111023622049
20
-3.3477717716535431
11
5.8782309448818895
21
-3.3496876377952756
0
LINE
8
BLACK
6
CONTINUOUS
10
5.8782309448818895
20
-3.3496876377952756
11
5.8763150787401575
21
-3.3509677952755905
0
LINE
8
BLACK
6
CONTINUOUS
10
5.8763150787401575
20
-3.3509677952755905
11
5.8740551181102365
21
-3.3514173228346458
0
LINE
8
BLACK
6
CONTINUOUS
10
5.8740551181102365
20
-3.3514173228346458
11
5.8277952755905513
21
-3.3514173228346458
0
LINE
8
BLACK
6
CONTINUOUS
10
5.8277952755905513
20
-3.3514173228346458
11
5.8255353149606295
21
-3.3509677952755905
0
LINE
8
BLACK
6
CONTINUOUS
10
5.8255353149606295
20
-3.3509677952755905
11
5.8236194488188975
21
-3.3496876377952756
0
LINE
8
BLACK
6
CONTINUOUS
10
5.8236194488188975
20
-3.3496876377952756
11
5.822339291338583
21
-3.3477717716535431
0
LINE
8
BLACK
6
CONTINUOUS
10
5.822339291338583
20
-3.3477717716535431
11
5.8218897637795273
21
-3.3455118110236222
0
LINE
8
BLACK
6
CONTINUOUS
10
5.8218897637795273
20
-3.3455118110236222
11
5.8218897637795273
21
-3.3337007874015749
0
LINE
8
BLACK
6
CONTINUOUS
10
5.8218897637795273
20
-3.3337007874015749
11
5.822339291338583
21
-3.3314408267716535
0
LINE
8
BLACK
6
CONTINUOUS
10
5.822339291338583
20
-3.3314408267716535
11
5.8236194488188975
21
-3.3295249606299211
0
LINE
8
BLACK
6
CONTINUOUS
10
5.8236194488188975
20
-3.3295249606299211
11
5.8255353149606295
21
-3.3282448031496061
0
LINE
8
BLACK
6
CONTINUOUS
10
5.8255353149606295
20
-3.3282448031496061
11
5.8277952755905513
21
-3.3277952755905513
0
LINE
8
BLACK
6
CONTINUOUS
10
5.8277952755905513
20
-3.3277952755905513
11
5.8740551181102365
21
-3.3277952755905513
0
LINE
8
BLACK
6
CONTINUOUS
10
5.8740551181102365
20
-3.3277952755905513
11
5.8763150787401575
21
-3.3282448031496061
0
LINE
8
BLACK
6
CONTINUOUS
10
6.5839081889763778
20
-3.3319925984251966
11
6.5851854724409451
21
-3.332846023622047
0
LINE
8
BLACK
6
CONTINUOUS
10
6.5851854724409451
20
-3.332846023622047
11
6.5860388976377955
21
-3.3341233070866143
0
LINE
8
BLACK
6
CONTINUOUS
10
6.5860388976377955
20
-3.3341233070866143
11
6.5863385826771648
21
-3.3356299212598426
0
LINE
8
BLACK
6
CONTINUOUS
10
6.5863385826771648
20
-3.3356299212598426
11
6.5863385826771648
21
-3.3435039370078741
0
LINE
8
BLACK
6
CONTINUOUS
10
6.5863385826771648
20
-3.3435039370078741
11
6.5860388976377955
21
-3.3450105511811024
0
LINE
8
BLACK
6
CONTINUOUS
10
6.5860388976377955
20
-3.3450105511811024
11
6.5851854724409451
21
-3.3462878346456693
0
LINE
8
BLACK
6
CONTINUOUS
10
6.5851854724409451
20
-3.3462878346456693
11
6.5839081889763778
21
-3.3471412598425196
0
LINE
8
BLACK
6
CONTINUOUS
10
6.5839081889763778
20
-3.3471412598425196
11
6.582401574803149
21
-3.3474409448818898
0
LINE
8
BLACK
6
CONTINUOUS
10
6.582401574803149
20
-3.3474409448818898
11
6.532204724409449
21
-3.3474409448818898
0
LINE
8
BLACK
6
CONTINUOUS
10
6.532204724409449
20
-3.3474409448818898
11
6.5306981102362203
21
-3.3471412598425196
0
LINE
8
BLACK
6
CONTINUOUS
10
6.5306981102362203
20
-3.3471412598425196
11
6.5294208267716538
21
-3.3462878346456693
0
LINE
8
BLACK
6
CONTINUOUS
10
6.5294208267716538
20
-3.3462878346456693
11
6.5285674015748034
21
-3.3450105511811024
0
LINE
8
BLACK
6
CONTINUOUS
10
6.5285674015748034
20
-3.3450105511811024
11
6.5282677165354333
21
-3.3435039370078741
0
LINE
8
BLACK
6
CONTINUOUS
10
6.5282677165354333
20
-3.3435039370078741
11
6.5282677165354333
21
-3.3356299212598426
0
LINE
8
BLACK
6
CONTINUOUS
10
6.5282677165354333
20
-3.3356299212598426
11
6.5285674015748034
21
-3.3341233070866143
0
LINE
8
BLACK
6
CONTINUOUS
10
6.5285674015748034
20
-3.3341233070866143
11
6.5294208267716538
21
-3.332846023622047
0
LINE
8
BLACK
6
CONTINUOUS
10
6.5294208267716538
20
-3.332846023622047
11
6.5306981102362203
21
-3.3319925984251966
0
LINE
8
BLACK
6
CONTINUOUS
10
6.5306981102362203
20
-3.3319925984251966
11
6.532204724409449
21
-3.3316929133858268
0
LINE
8
BLACK
6
CONTINUOUS
10
6.532204724409449
20
-3.3316929133858268
11
6.582401574803149
21
-3.3316929133858268
0
LINE
8
BLACK
6
CONTINUOUS
10
6.582401574803149
20
-3.3316929133858268
11
6.5839081889763778
21
-3.3319925984251966
0
LINE
8
BLACK
6
CONTINUOUS
10
6.8093018897637796
20
-3.3319925984251966
11
6.8105791732283461
21
-3.332846023622047
0
LINE
8
BLACK
6
CONTINUOUS
10
6.8105791732283461
20
-3.332846023622047
11
6.8114325984251964
21
-3.3341233070866143
0
LINE
8
BLACK
6
CONTINUOUS
10
6.8114325984251964
20
-3.3341233070866143
11
6.8117322834645666
21
-3.3356299212598426
0
LINE
8
BLACK
6
CONTINUOUS
10
6.8117322834645666
20
-3.3356299212598426
11
6.8117322834645666
21
-3.3435039370078741
0
LINE
8
BLACK
6
CONTINUOUS
10
6.8117322834645666
20
-3.3435039370078741
11
6.8114325984251964
21
-3.3450105511811024
0
LINE
8
BLACK
6
CONTINUOUS
10
6.8114325984251964
20
-3.3450105511811024
11
6.8105791732283461
21
-3.3462878346456693
0
LINE
8
BLACK
6
CONTINUOUS
10
6.8105791732283461
20
-3.3462878346456693
11
6.8093018897637796
21
-3.3471412598425196
0
LINE
8
BLACK
6
CONTINUOUS
10
6.8093018897637796
20
-3.3471412598425196
11
6.8077952755905509
21
-3.3474409448818898
0
LINE
8
BLACK
6
CONTINUOUS
10
6.8077952755905509
20
-3.3474409448818898
11
6.7575984251968499
21
-3.3474409448818898
0
LINE
8
BLACK
6
CONTINUOUS
10
6.7575984251968499
20
-3.3474409448818898
11
6.7560918110236221
21
-3.3471412598425196
0
LINE
8
BLACK
6
CONTINUOUS
10
6.7560918110236221
20
-3.3471412598425196
11
6.7548145275590548
21
-3.3462878346456693
0
LINE
8
BLACK
6
CONTINUOUS
10
6.7548145275590548
20
-3.3462878346456693
11
6.7539611023622044
21
-3.3450105511811024
0
LINE
8
BLACK
6
CONTINUOUS
10
6.7539611023622044
20
-3.3450105511811024
11
6.7536614173228342
21
-3.3435039370078741
0
LINE
8
BLACK
6
CONTINUOUS
10
6.7536614173228342
20
-3.3435039370078741
11
6.7536614173228342
21
-3.3356299212598426
0
LINE
8
BLACK
6
CONTINUOUS
10
6.7536614173228342
20
-3.3356299212598426
11
6.7539611023622044
21
-3.3341233070866143
0
LINE
8
BLACK
6
CONTINUOUS
10
6.7539611023622044
20
-3.3341233070866143
11
6.7548145275590548
21
-3.332846023622047
0
LINE
8
BLACK
6
CONTINUOUS
10
6.7548145275590548
20
-3.332846023622047
11
6.7560918110236221
21
-3.3319925984251966
0
LINE
8
BLACK
6
CONTINUOUS
10
6.7560918110236221
20
-3.3319925984251966
11
6.7575984251968499
21
-3.3316929133858268
0
LINE
8
BLACK
6
CONTINUOUS
10
6.7575984251968499
20
-3.3316929133858268
11
6.8077952755905509
21
-3.3316929133858268
0
LINE
8
BLACK
6
CONTINUOUS
10
6.8077952755905509
20
-3.3316929133858268
11
6.8093018897637796
21
-3.3319925984251966
0
LINE
8
BLACK
6
CONTINUOUS
10
6.0119079527559052
20
-3.2919547637795277
11
6.0147019685039371
21
-3.2938216535433069
0
LINE
8
BLACK
6
CONTINUOUS
10
6.0147019685039371
20
-3.2938216535433069
11
6.0165688582677168
21
-3.2966156692913384
0
LINE
8
BLACK
6
CONTINUOUS
10
6.0165688582677168
20
-3.2966156692913384
11
6.0172244094488185
21
-3.2999114173228348
0
LINE
8
BLACK
6
CONTINUOUS
10
6.0172244094488185
20
-3.2999114173228348
11
6.0172244094488185
21
-3.3200885826771653
0
LINE
8
BLACK
6
CONTINUOUS
10
6.0172244094488185
20
-3.3200885826771653
11
6.0165688582677168
21
-3.3233843307086612
0
LINE
8
BLACK
6
CONTINUOUS
10
6.0165688582677168
20
-3.3233843307086612
11
6.0147019685039371
21
-3.3261783464566927
0
LINE
8
BLACK
6
CONTINUOUS
10
6.0147019685039371
20
-3.3261783464566927
11
6.0119079527559052
21
-3.3280452362204724
0
LINE
8
BLACK
6
CONTINUOUS
10
6.0119079527559052
20
-3.3280452362204724
11
6.0086122047244093
21
-3.3287007874015746
0
LINE
8
BLACK
6
CONTINUOUS
10
6.0086122047244093
20
-3.3287007874015746
11
5.9913877952755907
21
-3.3287007874015746
0
LINE
8
BLACK
6
CONTINUOUS
10
5.9913877952755907
20
-3.3287007874015746
11
5.9880920472440939
21
-3.3280452362204724
0
LINE
8
BLACK
6
CONTINUOUS
10
5.9880920472440939
20
-3.3280452362204724
11
5.9852980314960629
21
-3.3261783464566927
0
LINE
8
BLACK
6
CONTINUOUS
10
5.9852980314960629
20
-3.3261783464566927
11
5.9834311417322832
21
-3.3233843307086612
0
LINE
8
BLACK
6
CONTINUOUS
10
5.9834311417322832
20
-3.3233843307086612
11
5.9827755905511806
21
-3.3200885826771653
0
LINE
8
BLACK
6
CONTINUOUS
10
5.9827755905511806
20
-3.3200885826771653
11
5.9827755905511806
21
-3.2999114173228348
0
LINE
8
BLACK
6
CONTINUOUS
10
5.9827755905511806
20
-3.2999114173228348
11
5.9834311417322832
21
-3.2966156692913384
0
LINE
8
BLACK
6
CONTINUOUS
10
5.9834311417322832
20
-3.2966156692913384
11
5.9852980314960629
21
-3.2938216535433069
0
LINE
8
BLACK
6
CONTINUOUS
10
5.9852980314960629
20
-3.2938216535433069
11
5.9880920472440939
21
-3.2919547637795277
0
LINE
8
BLACK
6
CONTINUOUS
10
5.9880920472440939
20
-3.2919547637795277
11
5.9913877952755907
21
-3.2912992125984251
0
LINE
8
BLACK
6
CONTINUOUS
10
5.9913877952755907
20
-3.2912992125984251
11
6.0086122047244093
21
-3.2912992125984251
0
LINE
8
BLACK
6
CONTINUOUS
10
6.0086122047244093
20
-3.2912992125984251
11
6.0119079527559052
21
-3.2919547637795277
0
LINE
8
BLACK
6
CONTINUOUS
10
6.0739158267716533
20
-3.2919547637795277
11
6.0767098425196853
21
-3.2938216535433069
0
LINE
8
BLACK
6
CONTINUOUS
10
6.0767098425196853
20
-3.2938216535433069
11
6.0785767322834641
21
-3.2966156692913384
0
LINE
8
BLACK
6
CONTINUOUS
10
6.0785767322834641
20
-3.2966156692913384
11
6.0792322834645667
21
-3.2999114173228348
0
LINE
8
BLACK
6
CONTINUOUS
10
6.0792322834645667
20
-3.2999114173228348
11
6.0792322834645667
21
-3.3200885826771653
0
LINE
8
BLACK
6
CONTINUOUS
10
6.0792322834645667
20
-3.3200885826771653
11
6.0785767322834641
21
-3.3233843307086612
0
LINE
8
BLACK
6
CONTINUOUS
10
6.0785767322834641
20
-3.3233843307086612
11
6.0767098425196853
21
-3.3261783464566927
0
LINE
8
BLACK
6
CONTINUOUS
10
6.0767098425196853
20
-3.3261783464566927
11
6.0739158267716533
21
-3.3280452362204724
0
LINE
8
BLACK
6
CONTINUOUS
10
6.0739158267716533
20
-3.3280452362204724
11
6.0706200787401574
21
-3.3287007874015746
0
LINE
8
BLACK
6
CONTINUOUS
10
6.0706200787401574
20
-3.3287007874015746
11
6.0533956692913389
21
-3.3287007874015746
0
LINE
8
BLACK
6
CONTINUOUS
10
6.0533956692913389
20
-3.3287007874015746
11
6.0500999212598421
21
-3.3280452362204724
0
LINE
8
BLACK
6
CONTINUOUS
10
6.0500999212598421
20
-3.3280452362204724
11
6.047305905511811
21
-3.3261783464566927
0
LINE
8
BLACK
6
CONTINUOUS
10
6.047305905511811
20
-3.3261783464566927
11
6.0454390157480313
21
-3.3233843307086612
0
LINE
8
BLACK
6
CONTINUOUS
10
6.0454390157480313
20
-3.3233843307086612
11
6.0447834645669287
21
-3.3200885826771653
0
LINE
8
BLACK
6
CONTINUOUS
10
6.0447834645669287
20
-3.3200885826771653
11
6.0447834645669287
21
-3.2999114173228348
0
LINE
8
BLACK
6
CONTINUOUS
10
6.0447834645669287
20
-3.2999114173228348
11
6.0454390157480313
21
-3.2966156692913384
0
LINE
8
BLACK
6
CONTINUOUS
10
6.0454390157480313
20
-3.2966156692913384
11
6.047305905511811
21
-3.2938216535433069
0
LINE
8
BLACK
6
CONTINUOUS
10
6.047305905511811
20
-3.2938216535433069
11
6.0500999212598421
21
-3.2919547637795277
0
LINE
8
BLACK
6
CONTINUOUS
10
6.0500999212598421
20
-3.2919547637795277
11
6.0533956692913389
21
-3.2912992125984251
0
LINE
8
BLACK
6
CONTINUOUS
10
6.0533956692913389
20
-3.2912992125984251
11
6.0706200787401574
21
-3.2912992125984251
0
LINE
8
BLACK
6
CONTINUOUS
10
6.0706200787401574
20
-3.2912992125984251
11
6.0739158267716533
21
-3.2919547637795277
0
LINE
8
BLACK
6
CONTINUOUS
10
7.3292087795275584
20
-3.301473149606299
11
7.3311246456692913
21
-3.302753307086614
0
LINE
8
BLACK
6
CONTINUOUS
10
7.3311246456692913
20
-3.302753307086614
11
7.3324048031496059
21
-3.3046691732283464
0
LINE
8
BLACK
6
CONTINUOUS
10
7.3324048031496059
20
-3.3046691732283464
11
7.3328543307086615
21
-3.3069291338582678
0
LINE
8
BLACK
6
CONTINUOUS
10
7.3328543307086615
20
-3.3069291338582678
11
7.3328543307086615
21
-3.318740157480315
0
LINE
8
BLACK
6
CONTINUOUS
10
7.3328543307086615
20
-3.318740157480315
11
7.3324048031496059
21
-3.321000118110236
0
LINE
8
BLACK
6
CONTINUOUS
10
7.3324048031496059
20
-3.321000118110236
11
7.3311246456692913
21
-3.3229159842519684
0
LINE
8
BLACK
6
CONTINUOUS
10
7.3311246456692913
20
-3.3229159842519684
11
7.3292087795275584
21
-3.3241961417322834
0
LINE
8
BLACK
6
CONTINUOUS
10
7.3292087795275584
20
-3.3241961417322834
11
7.3269488188976375
21
-3.3246456692913386
0
LINE
8
BLACK
6
CONTINUOUS
10
7.3269488188976375
20
-3.3246456692913386
11
7.2806889763779523
21
-3.3246456692913386
0
LINE
8
BLACK
6
CONTINUOUS
10
7.2806889763779523
20
-3.3246456692913386
11
7.2784290157480314
21
-3.3241961417322834
0
LINE
8
BLACK
6
CONTINUOUS
10
7.2784290157480314
20
-3.3241961417322834
11
7.2765131496062994
21
-3.3229159842519684
0
LINE
8
BLACK
6
CONTINUOUS
10
7.2765131496062994
20
-3.3229159842519684
11
7.275232992125984
21
-3.321000118110236
0
LINE
8
BLACK
6
CONTINUOUS
10
7.275232992125984
20
-3.321000118110236
11
7.2747834645669291
21
-3.318740157480315
0
LINE
8
BLACK
6
CONTINUOUS
10
7.2747834645669291
20
-3.318740157480315
11
7.2747834645669291
21
-3.3069291338582678
0
LINE
8
BLACK
6
CONTINUOUS
10
7.2747834645669291
20
-3.3069291338582678
11
7.275232992125984
21
-3.3046691732283464
0
LINE
8
BLACK
6
CONTINUOUS
10
7.275232992125984
20
-3.3046691732283464
11
7.2765131496062994
21
-3.302753307086614
0
LINE
8
BLACK
6
CONTINUOUS
10
7.2765131496062994
20
-3.302753307086614
11
7.2784290157480314
21
-3.301473149606299
0
LINE
8
BLACK
6
CONTINUOUS
10
7.2784290157480314
20
-3.301473149606299
11
7.2806889763779523
21
-3.3010236220472442
0
LINE
8
BLACK
6
CONTINUOUS
10
7.2806889763779523
20
-3.3010236220472442
11
7.3269488188976375
21
-3.3010236220472442
0
LINE
8
BLACK
6
CONTINUOUS
10
7.3269488188976375
20
-3.3010236220472442
11
7.3292087795275584
21
-3.301473149606299
0
LINE
8
BLACK
6
CONTINUOUS
10
6.5839081889763778
20
-3.3064020472440943
11
6.5851854724409451
21
-3.3072554724409446
0
LINE
8
BLACK
6
CONTINUOUS
10
6.5851854724409451
20
-3.3072554724409446
11
6.5860388976377955
21
-3.3085327559055115
0
LINE
8
BLACK
6
CONTINUOUS
10
6.5860388976377955
20
-3.3085327559055115
11
6.5863385826771648
21
-3.3100393700787403
0
LINE
8
BLACK
6
CONTINUOUS
10
6.5863385826771648
20
-3.3100393700787403
11
6.5863385826771648
21
-3.3179133858267718
0
LINE
8
BLACK
6
CONTINUOUS
10
6.5863385826771648
20
-3.3179133858267718
11
6.5860388976377955
21
-3.31942
0
LINE
8
BLACK
6
CONTINUOUS
10
6.5860388976377955
20
-3.31942
11
6.5851854724409451
21
-3.3206972834645669
0
LINE
8
BLACK
6
CONTINUOUS
10
6.5851854724409451
20
-3.3206972834645669
11
6.5839081889763778
21
-3.3215507086614173
0
LINE
8
BLACK
6
CONTINUOUS
10
6.5839081889763778
20
-3.3215507086614173
11
6.582401574803149
21
-3.3218503937007875
0
LINE
8
BLACK
6
CONTINUOUS
10
6.582401574803149
20
-3.3218503937007875
11
6.532204724409449
21
-3.3218503937007875
0
LINE
8
BLACK
6
CONTINUOUS
10
6.532204724409449
20
-3.3218503937007875
11
6.5306981102362203
21
-3.3215507086614173
0
LINE
8
BLACK
6
CONTINUOUS
10
6.5306981102362203
20
-3.3215507086614173
11
6.5294208267716538
21
-3.3206972834645669
0
LINE
8
BLACK
6
CONTINUOUS
10
6.5294208267716538
20
-3.3206972834645669
11
6.5285674015748034
21
-3.31942
0
LINE
8
BLACK
6
CONTINUOUS
10
6.5285674015748034
20
-3.31942
11
6.5282677165354333
21
-3.3179133858267718
0
LINE
8
BLACK
6
CONTINUOUS
10
6.5282677165354333
20
-3.3179133858267718
11
6.5282677165354333
21
-3.3100393700787403
0
LINE
8
BLACK
6
CONTINUOUS
10
6.5282677165354333
20
-3.3100393700787403
11
6.5285674015748034
21
-3.3085327559055115
0
LINE
8
BLACK
6
CONTINUOUS
10
6.5285674015748034
20
-3.3085327559055115
11
6.5294208267716538
21
-3.3072554724409446
0
LINE
8
BLACK
6
CONTINUOUS
10
6.5294208267716538
20
-3.3072554724409446
11
6.5306981102362203
21
-3.3064020472440943
0
LINE
8
BLACK
6
CONTINUOUS
10
6.5306981102362203
20
-3.3064020472440943
11
6.532204724409449
21
-3.3061023622047245
0
LINE
8
BLACK
6
CONTINUOUS
10
6.532204724409449
20
-3.3061023622047245
11
6.582401574803149
21
-3.3061023622047245
0
LINE
8
BLACK
6
CONTINUOUS
10
6.582401574803149
20
-3.3061023622047245
11
6.5839081889763778
21
-3.3064020472440943
0
LINE
8
BLACK
6
CONTINUOUS
10
6.8093018897637796
20
-3.3064020472440943
11
6.8105791732283461
21
-3.3072554724409446
0
LINE
8
BLACK
6
CONTINUOUS
10
6.8105791732283461
20
-3.3072554724409446
11
6.8114325984251964
21
-3.3085327559055115
0
LINE
8
BLACK
6
CONTINUOUS
10
6.8114325984251964
20
-3.3085327559055115
11
6.8117322834645666
21
-3.3100393700787403
0
LINE
8
BLACK
6
CONTINUOUS
10
6.8117322834645666
20
-3.3100393700787403
11
6.8117322834645666
21
-3.3179133858267718
0
LINE
8
BLACK
6
CONTINUOUS
10
6.8117322834645666
20
-3.3179133858267718
11
6.8114325984251964
21
-3.31942
0
LINE
8
BLACK
6
CONTINUOUS
10
6.8114325984251964
20
-3.31942
11
6.8105791732283461
21
-3.3206972834645669
0
LINE
8
BLACK
6
CONTINUOUS
10
6.8105791732283461
20
-3.3206972834645669
11
6.8093018897637796
21
-3.3215507086614173
0
LINE
8
BLACK
6
CONTINUOUS
10
6.8093018897637796
20
-3.3215507086614173
11
6.8077952755905509
21
-3.3218503937007875
0
LINE
8
BLACK
6
CONTINUOUS
10
6.8077952755905509
20
-3.3218503937007875
11
6.7575984251968499
21
-3.3218503937007875
0
LINE
8
BLACK
6
CONTINUOUS
10
6.7575984251968499
20
-3.3218503937007875
11
6.7560918110236221
21
-3.3215507086614173
0
LINE
8
BLACK
6
CONTINUOUS
10
6.7560918110236221
20
-3.3215507086614173
11
6.7548145275590548
21
-3.3206972834645669
0
LINE
8
BLACK
6
CONTINUOUS
10
6.7548145275590548
20
-3.3206972834645669
11
6.7539611023622044
21
-3.31942
0
LINE
8
BLACK
6
CONTINUOUS
10
6.7539611023622044
20
-3.31942
11
6.7536614173228342
21
-3.3179133858267718
0
LINE
8
BLACK
6
CONTINUOUS
10
6.7536614173228342
20
-3.3179133858267718
11
6.7536614173228342
21
-3.3100393700787403
0
LINE
8
BLACK
6
CONTINUOUS
10
6.7536614173228342
20
-3.3100393700787403
11
6.7539611023622044
21
-3.3085327559055115
0
LINE
8
BLACK
6
CONTINUOUS
10
6.7539611023622044
20
-3.3085327559055115
11
6.7548145275590548
21
-3.3072554724409446
0
LINE
8
BLACK
6
CONTINUOUS
10
6.7548145275590548
20
-3.3072554724409446
11
6.7560918110236221
21
-3.3064020472440943
0
LINE
8
BLACK
6
CONTINUOUS
10
6.7560918110236221
20
-3.3064020472440943
11
6.7575984251968499
21
-3.3061023622047245
0
LINE
8
BLACK
6
CONTINUOUS
10
6.7575984251968499
20
-3.3061023622047245
11
6.8077952755905509
21
-3.3061023622047245
0
LINE
8
BLACK
6
CONTINUOUS
10
6.8077952755905509
20
-3.3061023622047245
11
6.8093018897637796
21
-3.3064020472440943
0
LINE
8
BLACK
6
CONTINUOUS
10
7.4038400393700785
20
-3.2902844094488186
11
7.4063945275590548
21
-3.2919912992125981
0
LINE
8
BLACK
6
CONTINUOUS
10
7.4063945275590548
20
-3.2919912992125981
11
7.4081014173228343
21
-3.2945457874015749
0
LINE
8
BLACK
6
CONTINUOUS
10
7.4081014173228343
20
-3.2945457874015749
11
7.4087007874015747
21
-3.2975590551181102
0
LINE
8
BLACK
6
CONTINUOUS
10
7.4087007874015747
20
-3.2975590551181102
11
7.4087007874015747
21
-3.3133070866141732
0
LINE
8
BLACK
6
CONTINUOUS
10
7.4087007874015747
20
-3.3133070866141732
11
7.4081014173228343
21
-3.3163203543307085
0
LINE
8
BLACK
6
CONTINUOUS
10
7.4081014173228343
20
-3.3163203543307085
11
7.4063945275590548
21
-3.3188748425196848
0
LINE
8
BLACK
6
CONTINUOUS
10
7.4063945275590548
20
-3.3188748425196848
11
7.4038400393700785
21
-3.3205817322834643
0
LINE
8
BLACK
6
CONTINUOUS
10
7.4038400393700785
20
-3.3205817322834643
11
7.4008267716535432
21
-3.3211811023622047
0
LINE
8
BLACK
6
CONTINUOUS
10
7.4008267716535432
20
-3.3211811023622047
11
7.3791732283464562
21
-3.3211811023622047
0
LINE
8
BLACK
6
CONTINUOUS
10
7.3791732283464562
20
-3.3211811023622047
11
7.3761599606299209
21
-3.3205817322834643
0
LINE
8
BLACK
6
CONTINUOUS
10
7.3761599606299209
20
-3.3205817322834643
11
7.3736054724409446
21
-3.3188748425196848
0
LINE
8
BLACK
6
CONTINUOUS
10
7.3736054724409446
20
-3.3188748425196848
11
7.371898582677165
21
-3.3163203543307085
0
LINE
8
BLACK
6
CONTINUOUS
10
7.371898582677165
20
-3.3163203543307085
11
7.3712992125984247
21
-3.3133070866141732
0
LINE
8
BLACK
6
CONTINUOUS
10
7.3712992125984247
20
-3.3133070866141732
11
7.3712992125984247
21
-3.2975590551181102
0
LINE
8
BLACK
6
CONTINUOUS
10
7.3712992125984247
20
-3.2975590551181102
11
7.371898582677165
21
-3.2945457874015749
0
LINE
8
BLACK
6
CONTINUOUS
10
7.371898582677165
20
-3.2945457874015749
11
7.3736054724409446
21
-3.2919912992125981
0
LINE
8
BLACK
6
CONTINUOUS
10
7.3736054724409446
20
-3.2919912992125981
11
7.3761599606299209
21
-3.2902844094488186
0
LINE
8
BLACK
6
CONTINUOUS
10
7.3761599606299209
20
-3.2902844094488186
11
7.3791732283464562
21
-3.2896850393700787
0
LINE
8
BLACK
6
CONTINUOUS
10
7.3791732283464562
20
-3.2896850393700787
11
7.4008267716535432
21
-3.2896850393700787
0
LINE
8
BLACK
6
CONTINUOUS
10
7.4008267716535432
20
-3.2896850393700787
11
7.4038400393700785
21
-3.2902844094488186
0
LINE
8
BLACK
6
CONTINUOUS
10
5.9501339763779528
20
-3.2908432283464566
11
5.9520498425196848
21
-3.2921233858267716
0
LINE
8
BLACK
6
CONTINUOUS
10
5.9520498425196848
20
-3.2921233858267716
11
5.9533300000000002
21
-3.294039251968504
0
LINE
8
BLACK
6
CONTINUOUS
10
5.9533300000000002
20
-3.294039251968504
11
5.953779527559055
21
-3.296299212598425
0
LINE
8
BLACK
6
CONTINUOUS
10
5.953779527559055
20
-3.296299212598425
11
5.953779527559055
21
-3.3081102362204722
0
LINE
8
BLACK
6
CONTINUOUS
10
5.953779527559055
20
-3.3081102362204722
11
5.9533300000000002
21
-3.3103701968503936
0
LINE
8
BLACK
6
CONTINUOUS
10
5.9533300000000002
20
-3.3103701968503936
11
5.9520498425196848
21
-3.312286062992126
0
LINE
8
BLACK
6
CONTINUOUS
10
5.9520498425196848
20
-3.312286062992126
11
5.9501339763779528
21
-3.313566220472441
0
LINE
8
BLACK
6
CONTINUOUS
10
5.9501339763779528
20
-3.313566220472441
11
5.947874015748031
21
-3.3140157480314958
0
LINE
8
BLACK
6
CONTINUOUS
10
5.947874015748031
20
-3.3140157480314958
11
5.9016141732283467
21
-3.3140157480314958
0
LINE
8
BLACK
6
CONTINUOUS
10
5.9016141732283467
20
-3.3140157480314958
11
5.8993542125984249
21
-3.313566220472441
0
LINE
8
BLACK
6
CONTINUOUS
10
5.8993542125984249
20
-3.313566220472441
11
5.8974383464566928
21
-3.312286062992126
0
LINE
8
BLACK
6
CONTINUOUS
10
5.8974383464566928
20
-3.312286062992126
11
5.8961581889763774
21
-3.3103701968503936
0
LINE
8
BLACK
6
CONTINUOUS
10
5.8961581889763774
20
-3.3103701968503936
11
5.8957086614173226
21
-3.3081102362204722
0
LINE
8
BLACK
6
CONTINUOUS
10
5.8957086614173226
20
-3.3081102362204722
11
5.8957086614173226
21
-3.296299212598425
0
LINE
8
BLACK
6
CONTINUOUS
10
5.8957086614173226
20
-3.296299212598425
11
5.8961581889763774
21
-3.294039251968504
0
LINE
8
BLACK
6
CONTINUOUS
10
5.8961581889763774
20
-3.294039251968504
11
5.8974383464566928
21
-3.2921233858267716
0
LINE
8
BLACK
6
CONTINUOUS
10
5.8974383464566928
20
-3.2921233858267716
11
5.8993542125984249
21
-3.2908432283464566
0
LINE
8
BLACK
6
CONTINUOUS
10
5.8993542125984249
20
-3.2908432283464566
11
5.9016141732283467
21
-3.2903937007874013
0
LINE
8
BLACK
6
CONTINUOUS
10
5.9016141732283467
20
-3.2903937007874013
11
5.947874015748031
21
-3.2903937007874013
0
LINE
8
BLACK
6
CONTINUOUS
10
5.947874015748031
20
-3.2903937007874013
11
5.9501339763779528
21
-3.2908432283464566
0
LINE
8
BLACK
6
CONTINUOUS
10
5.7670933464566927
20
-3.2015366141732282
11
5.770286496062992
21
-3.2036701968503936
0
LINE
8
BLACK
6
CONTINUOUS
10
5.770286496062992
20
-3.2036701968503936
11
5.7724200787401569
21
-3.2068633464566929
0
LINE
8
BLACK
6
CONTINUOUS
10
5.7724200787401569
20
-3.2068633464566929
11
5.7731692913385828
21
-3.2106299212598426
0
LINE
8
BLACK
6
CONTINUOUS
10
5.7731692913385828
20
-3.2106299212598426
11
5.7731692913385828
21
-3.2893700787401574
0
LINE
8
BLACK
6
CONTINUOUS
10
5.7731692913385828
20
-3.2893700787401574
11
5.7724200787401569
21
-3.2931366535433071
0
LINE
8
BLACK
6
CONTINUOUS
10
5.7724200787401569
20
-3.2931366535433071
11
5.770286496062992
21
-3.2963298031496064
0
LINE
8
BLACK
6
CONTINUOUS
10
5.770286496062992
20
-3.2963298031496064
11
5.7670933464566927
21
-3.2984633858267718
0
LINE
8
BLACK
6
CONTINUOUS
10
5.7670933464566927
20
-3.2984633858267718
11
5.763326771653543
21
-3.2992125984251968
0
LINE
8
BLACK
6
CONTINUOUS
10
5.763326771653543
20
-3.2992125984251968
11
5.7121456692913384
21
-3.2992125984251968
0
LINE
8
BLACK
6
CONTINUOUS
10
5.7121456692913384
20
-3.2992125984251968
11
5.7083790944881887
21
-3.2984633858267718
0
LINE
8
BLACK
6
CONTINUOUS
10
5.7083790944881887
20
-3.2984633858267718
11
5.7051859448818893
21
-3.2963298031496064
0
LINE
8
BLACK
6
CONTINUOUS
10
5.7051859448818893
20
-3.2963298031496064
11
5.7030523622047244
21
-3.2931366535433071
0
LINE
8
BLACK
6
CONTINUOUS
10
5.7030523622047244
20
-3.2931366535433071
11
5.7023031496062995
21
-3.2893700787401574
0
LINE
8
BLACK
6
CONTINUOUS
10
5.7023031496062995
20
-3.2893700787401574
11
5.7023031496062995
21
-3.2106299212598426
0
LINE
8
BLACK
6
CONTINUOUS
10
5.7023031496062995
20
-3.2106299212598426
11
5.7030523622047244
21
-3.2068633464566929
0
LINE
8
BLACK
6
CONTINUOUS
10
5.7030523622047244
20
-3.2068633464566929
11
5.7051859448818893
21
-3.2036701968503936
0
LINE
8
BLACK
6
CONTINUOUS
10
5.7051859448818893
20
-3.2036701968503936
11
5.7083790944881887
21
-3.2015366141732282
0
LINE
8
BLACK
6
CONTINUOUS
10
5.7083790944881887
20
-3.2015366141732282
11
5.7121456692913384
21
-3.2007874015748032
0
LINE
8
BLACK
6
CONTINUOUS
10
5.7121456692913384
20
-3.2007874015748032
11
5.763326771653543
21
-3.2007874015748032
0
LINE
8
BLACK
6
CONTINUOUS
10
5.763326771653543
20
-3.2007874015748032
11
5.7670933464566927
21
-3.2015366141732282
0
LINE
8
BLACK
6
CONTINUOUS
10
6.5839081889763778
20
-3.2808114960629919
11
6.5851854724409451
21
-3.2816649212598423
0
LINE
8
BLACK
6
CONTINUOUS
10
6.5851854724409451
20
-3.2816649212598423
11
6.5860388976377955
21
-3.2829422047244092
0
LINE
8
BLACK
6
CONTINUOUS
10
6.5860388976377955
20
-3.2829422047244092
11
6.5863385826771648
21
-3.2844488188976375
0
LINE
8
BLACK
6
CONTINUOUS
10
6.5863385826771648
20
-3.2844488188976375
11
6.5863385826771648
21
-3.2923228346456694
0
LINE
8
BLACK
6
CONTINUOUS
10
6.5863385826771648
20
-3.2923228346456694
11
6.5860388976377955
21
-3.2938294488188977
0
LINE
8
BLACK
6
CONTINUOUS
10
6.5860388976377955
20
-3.2938294488188977
11
6.5851854724409451
21
-3.2951067322834646
0
LINE
8
BLACK
6
CONTINUOUS
10
6.5851854724409451
20
-3.2951067322834646
11
6.5839081889763778
21
-3.295960157480315
0
LINE
8
BLACK
6
CONTINUOUS
10
6.5839081889763778
20
-3.295960157480315
11
6.582401574803149
21
-3.2962598425196852
0
LINE
8
BLACK
6
CONTINUOUS
10
6.582401574803149
20
-3.2962598425196852
11
6.532204724409449
21
-3.2962598425196852
0
LINE
8
BLACK
6
CONTINUOUS
10
6.532204724409449
20
-3.2962598425196852
11
6.5306981102362203
21
-3.295960157480315
0
LINE
8
BLACK
6
CONTINUOUS
10
6.5306981102362203
20
-3.295960157480315
11
6.5294208267716538
21
-3.2951067322834646
0
LINE
8
BLACK
6
CONTINUOUS
10
6.5294208267716538
20
-3.2951067322834646
11
6.5285674015748034
21
-3.2938294488188977
0
LINE
8
BLACK
6
CONTINUOUS
10
6.5285674015748034
20
-3.2938294488188977
11
6.5282677165354333
21
-3.2923228346456694
0
LINE
8
BLACK
6
CONTINUOUS
10
6.5282677165354333
20
-3.2923228346456694
11
6.5282677165354333
21
-3.2844488188976375
0
LINE
8
BLACK
6
CONTINUOUS
10
6.5282677165354333
20
-3.2844488188976375
11
6.5285674015748034
21
-3.2829422047244092
0
LINE
8
BLACK
6
CONTINUOUS
10
6.5285674015748034
20
-3.2829422047244092
11
6.5294208267716538
21
-3.2816649212598423
0
LINE
8
BLACK
6
CONTINUOUS
10
6.5294208267716538
20
-3.2816649212598423
11
6.5306981102362203
21
-3.2808114960629919
0
LINE
8
BLACK
6
CONTINUOUS
10
6.5306981102362203
20
-3.2808114960629919
11
6.532204724409449
21
-3.2805118110236218
0
LINE
8
BLACK
6
CONTINUOUS
10
6.532204724409449
20
-3.2805118110236218
11
6.582401574803149
21
-3.2805118110236218
0
LINE
8
BLACK
6
CONTINUOUS
10
6.582401574803149
20
-3.2805118110236218
11
6.5839081889763778
21
-3.2808114960629919
0
LINE
8
BLACK
6
CONTINUOUS
10
6.8093018897637796
20
-3.2808114960629919
11
6.8105791732283461
21
-3.2816649212598423
0
LINE
8
BLACK
6
CONTINUOUS
10
6.8105791732283461
20
-3.2816649212598423
11
6.8114325984251964
21
-3.2829422047244092
0
LINE
8
BLACK
6
CONTINUOUS
10
6.8114325984251964
20
-3.2829422047244092
11
6.8117322834645666
21
-3.2844488188976375
0
LINE
8
BLACK
6
CONTINUOUS
10
6.8117322834645666
20
-3.2844488188976375
11
6.8117322834645666
21
-3.2923228346456694
0
LINE
8
BLACK
6
CONTINUOUS
10
6.8117322834645666
20
-3.2923228346456694
11
6.8114325984251964
21
-3.2938294488188977
0
LINE
8
BLACK
6
CONTINUOUS
10
6.8114325984251964
20
-3.2938294488188977
11
6.8105791732283461
21
-3.2951067322834646
0
LINE
8
BLACK
6
CONTINUOUS
10
6.8105791732283461
20
-3.2951067322834646
11
6.8093018897637796
21
-3.295960157480315
0
LINE
8
BLACK
6
CONTINUOUS
10
6.8093018897637796
20
-3.295960157480315
11
6.8077952755905509
21
-3.2962598425196852
0
LINE
8
BLACK
6
CONTINUOUS
10
6.8077952755905509
20
-3.2962598425196852
11
6.7575984251968499
21
-3.2962598425196852
0
LINE
8
BLACK
6
CONTINUOUS
10
6.7575984251968499
20
-3.2962598425196852
11
6.7560918110236221
21
-3.295960157480315
0
LINE
8
BLACK
6
CONTINUOUS
10
6.7560918110236221
20
-3.295960157480315
11
6.7548145275590548
21
-3.2951067322834646
0
LINE
8
BLACK
6
CONTINUOUS
10
6.7548145275590548
20
-3.2951067322834646
11
6.7539611023622044
21
-3.2938294488188977
0
LINE
8
BLACK
6
CONTINUOUS
10
6.7539611023622044
20
-3.2938294488188977
11
6.7536614173228342
21
-3.2923228346456694
0
LINE
8
BLACK
6
CONTINUOUS
10
6.7536614173228342
20
-3.2923228346456694
11
6.7536614173228342
21
-3.2844488188976375
0
LINE
8
BLACK
6
CONTINUOUS
10
6.7536614173228342
20
-3.2844488188976375
11
6.7539611023622044
21
-3.2829422047244092
0
LINE
8
BLACK
6
CONTINUOUS
10
6.7539611023622044
20
-3.2829422047244092
11
6.7548145275590548
21
-3.2816649212598423
0
LINE
8
BLACK
6
CONTINUOUS
10
6.7548145275590548
20
-3.2816649212598423
11
6.7560918110236221
21
-3.2808114960629919
0
LINE
8
BLACK
6
CONTINUOUS
10
6.7560918110236221
20
-3.2808114960629919
11
6.7575984251968499
21
-3.2805118110236218
0
LINE
8
BLACK
6
CONTINUOUS
10
6.7575984251968499
20
-3.2805118110236218
11
6.8077952755905509
21
-3.2805118110236218
0
LINE
8
BLACK
6
CONTINUOUS
10
6.8077952755905509
20
-3.2805118110236218
11
6.8093018897637796
21
-3.2808114960629919
0
LINE
8
BLACK
6
CONTINUOUS
10
7.255389881889764
20
-3.2640715748031495
11
7.257305748031496
21
-3.2653517322834644
0
LINE
8
BLACK
6
CONTINUOUS
10
7.257305748031496
20
-3.2653517322834644
11
7.2585859055118105
21
-3.2672675984251969
0
LINE
8
BLACK
6
CONTINUOUS
10
7.2585859055118105
20
-3.2672675984251969
11
7.2590354330708662
21
-3.2695275590551178
0
LINE
8
BLACK
6
CONTINUOUS
10
7.2590354330708662
20
-3.2695275590551178
11
7.2590354330708662
21
-3.2813385826771655
0
LINE
8
BLACK
6
CONTINUOUS
10
7.2590354330708662
20
-3.2813385826771655
11
7.2585859055118105
21
-3.2835985433070864
0
LINE
8
BLACK
6
CONTINUOUS
10
7.2585859055118105
20
-3.2835985433070864
11
7.257305748031496
21
-3.2855144094488189
0
LINE
8
BLACK
6
CONTINUOUS
10
7.257305748031496
20
-3.2855144094488189
11
7.255389881889764
21
-3.2867945669291339
0
LINE
8
BLACK
6
CONTINUOUS
10
7.255389881889764
20
-3.2867945669291339
11
7.2531299212598421
21
-3.2872440944881891
0
LINE
8
BLACK
6
CONTINUOUS
10
7.2531299212598421
20
-3.2872440944881891
11
7.2068700787401569
21
-3.2872440944881891
0
LINE
8
BLACK
6
CONTINUOUS
10
7.2068700787401569
20
-3.2872440944881891
11
7.204610118110236
21
-3.2867945669291339
0
LINE
8
BLACK
6
CONTINUOUS
10
7.204610118110236
20
-3.2867945669291339
11
7.202694251968504
21
-3.2855144094488189
0
LINE
8
BLACK
6
CONTINUOUS
10
7.202694251968504
20
-3.2855144094488189
11
7.2014140944881886
21
-3.2835985433070864
0
LINE
8
BLACK
6
CONTINUOUS
10
7.2014140944881886
20
-3.2835985433070864
11
7.2009645669291338
21
-3.2813385826771655
0
LINE
8
BLACK
6
CONTINUOUS
10
7.2009645669291338
20
-3.2813385826771655
11
7.2009645669291338
21
-3.2695275590551178
0
LINE
8
BLACK
6
CONTINUOUS
10
7.2009645669291338
20
-3.2695275590551178
11
7.2014140944881886
21
-3.2672675984251969
0
LINE
8
BLACK
6
CONTINUOUS
10
7.2014140944881886
20
-3.2672675984251969
11
7.202694251968504
21
-3.2653517322834644
0
LINE
8
BLACK
6
CONTINUOUS
10
7.202694251968504
20
-3.2653517322834644
11
7.204610118110236
21
-3.2640715748031495
0
LINE
8
BLACK
6
CONTINUOUS
10
7.204610118110236
20
-3.2640715748031495
11
7.2068700787401569
21
-3.2636220472440942
0
LINE
8
BLACK
6
CONTINUOUS
10
7.2068700787401569
20
-3.2636220472440942
11
7.2531299212598421
21
-3.2636220472440942
0
LINE
8
BLACK
6
CONTINUOUS
10
7.2531299212598421
20
-3.2636220472440942
11
7.255389881889764
21
-3.2640715748031495
0
LINE
8
BLACK
6
CONTINUOUS
10
6.5839081889763778
20
-3.2552209448818896
11
6.5851854724409451
21
-3.25607437007874
0
LINE
8
BLACK
6
CONTINUOUS
10
6.5851854724409451
20
-3.25607437007874
11
6.5860388976377955
21
-3.2573516535433069
0
LINE
8
BLACK
6
CONTINUOUS
10
6.5860388976377955
20
-3.2573516535433069
11
6.5863385826771648
21
-3.2588582677165352
0
LINE
8
BLACK
6
CONTINUOUS
10
6.5863385826771648
20
-3.2588582677165352
11
6.5863385826771648
21
-3.2667322834645667
0
LINE
8
BLACK
6
CONTINUOUS
10
6.5863385826771648
20
-3.2667322834645667
11
6.5860388976377955
21
-3.2682388976377954
0
LINE
8
BLACK
6
CONTINUOUS
10
6.5860388976377955
20
-3.2682388976377954
11
6.5851854724409451
21
-3.2695161811023623
0
LINE
8
BLACK
6
CONTINUOUS
10
6.5851854724409451
20
-3.2695161811023623
11
6.5839081889763778
21
-3.2703696062992127
0
LINE
8
BLACK
6
CONTINUOUS
10
6.5839081889763778
20
-3.2703696062992127
11
6.582401574803149
21
-3.2706692913385824
0
LINE
8
BLACK
6
CONTINUOUS
10
6.582401574803149
20
-3.2706692913385824
11
6.532204724409449
21
-3.2706692913385824
0
LINE
8
BLACK
6
CONTINUOUS
10
6.532204724409449
20
-3.2706692913385824
11
6.5306981102362203
21
-3.2703696062992127
0
LINE
8
BLACK
6
CONTINUOUS
10
6.5306981102362203
20
-3.2703696062992127
11
6.5294208267716538
21
-3.2695161811023623
0
LINE
8
BLACK
6
CONTINUOUS
10
6.5294208267716538
20
-3.2695161811023623
11
6.5285674015748034
21
-3.2682388976377954
0
LINE
8
BLACK
6
CONTINUOUS
10
6.5285674015748034
20
-3.2682388976377954
11
6.5282677165354333
21
-3.2667322834645667
0
LINE
8
BLACK
6
CONTINUOUS
10
6.5282677165354333
20
-3.2667322834645667
11
6.5282677165354333
21
-3.2588582677165352
0
LINE
8
BLACK
6
CONTINUOUS
10
6.5282677165354333
20
-3.2588582677165352
11
6.5285674015748034
21
-3.2573516535433069
0
LINE
8
BLACK
6
CONTINUOUS
10
6.5285674015748034
20
-3.2573516535433069
11
6.5294208267716538
21
-3.25607437007874
0
LINE
8
BLACK
6
CONTINUOUS
10
6.5294208267716538
20
-3.25607437007874
11
6.5306981102362203
21
-3.2552209448818896
0
LINE
8
BLACK
6
CONTINUOUS
10
6.5306981102362203
20
-3.2552209448818896
11
6.532204724409449
21
-3.2549212598425195
0
LINE
8
BLACK
6
CONTINUOUS
10
6.532204724409449
20
-3.2549212598425195
11
6.582401574803149
21
-3.2549212598425195
0
LINE
8
BLACK
6
CONTINUOUS
10
6.582401574803149
20
-3.2549212598425195
11
6.5839081889763778
21
-3.2552209448818896
0
LINE
8
BLACK
6
CONTINUOUS
10
6.8093018897637796
20
-3.2552209448818896
11
6.8105791732283461
21
-3.25607437007874
0
LINE
8
BLACK
6
CONTINUOUS
10
6.8105791732283461
20
-3.25607437007874
11
6.8114325984251964
21
-3.2573516535433069
0
LINE
8
BLACK
6
CONTINUOUS
10
6.8114325984251964
20
-3.2573516535433069
11
6.8117322834645666
21
-3.2588582677165352
0
LINE
8
BLACK
6
CONTINUOUS
10
6.8117322834645666
20
-3.2588582677165352
11
6.8117322834645666
21
-3.2667322834645667
0
LINE
8
BLACK
6
CONTINUOUS
10
6.8117322834645666
20
-3.2667322834645667
11
6.8114325984251964
21
-3.2682388976377954
0
LINE
8
BLACK
6
CONTINUOUS
10
6.8114325984251964
20
-3.2682388976377954
11
6.8105791732283461
21
-3.2695161811023623
0
LINE
8
BLACK
6
CONTINUOUS
10
6.8105791732283461
20
-3.2695161811023623
11
6.8093018897637796
21
-3.2703696062992127
0
LINE
8
BLACK
6
CONTINUOUS
10
6.8093018897637796
20
-3.2703696062992127
11
6.8077952755905509
21
-3.2706692913385824
0
LINE
8
BLACK
6
CONTINUOUS
10
6.8077952755905509
20
-3.2706692913385824
11
6.7575984251968499
21
-3.2706692913385824
0
LINE
8
BLACK
6
CONTINUOUS
10
6.7575984251968499
20
-3.2706692913385824
11
6.7560918110236221
21
-3.2703696062992127
0
LINE
8
BLACK
6
CONTINUOUS
10
6.7560918110236221
20
-3.2703696062992127
11
6.7548145275590548
21
-3.2695161811023623
0
LINE
8
BLACK
6
CONTINUOUS
10
6.7548145275590548
20
-3.2695161811023623
11
6.7539611023622044
21
-3.2682388976377954
0
LINE
8
BLACK
6
CONTINUOUS
10
6.7539611023622044
20
-3.2682388976377954
11
6.7536614173228342
21
-3.2667322834645667
0
LINE
8
BLACK
6
CONTINUOUS
10
6.7536614173228342
20
-3.2667322834645667
11
6.7536614173228342
21
-3.2588582677165352
0
LINE
8
BLACK
6
CONTINUOUS
10
6.7536614173228342
20
-3.2588582677165352
11
6.7539611023622044
21
-3.2573516535433069
0
LINE
8
BLACK
6
CONTINUOUS
10
6.7539611023622044
20
-3.2573516535433069
11
6.7548145275590548
21
-3.25607437007874
0
LINE
8
BLACK
6
CONTINUOUS
10
6.7548145275590548
20
-3.25607437007874
11
6.7560918110236221
21
-3.2552209448818896
0
LINE
8
BLACK
6
CONTINUOUS
10
6.7560918110236221
20
-3.2552209448818896
11
6.7575984251968499
21
-3.2549212598425195
0
LINE
8
BLACK
6
CONTINUOUS
10
6.7575984251968499
20
-3.2549212598425195
11
6.8077952755905509
21
-3.2549212598425195
0
LINE
8
BLACK
6
CONTINUOUS
10
6.8077952755905509
20
-3.2549212598425195
11
6.8093018897637796
21
-3.2552209448818896
0
LINE
8
BLACK
6
CONTINUOUS
10
6.3332324409448821
20
-3.223469566929134
11
6.33610625984252
21
-3.2253898031496062
0
LINE
8
BLACK
6
CONTINUOUS
10
6.33610625984252
20
-3.2253898031496062
11
6.3380264960629917
21
-3.228263622047244
0
LINE
8
BLACK
6
CONTINUOUS
10
6.3380264960629917
20
-3.228263622047244
11
6.3387007874015744
21
-3.2316535433070865
0
LINE
8
BLACK
6
CONTINUOUS
10
6.3387007874015744
20
-3.2316535433070865
11
6.3387007874015744
21
-3.2493700787401574
0
LINE
8
BLACK
6
CONTINUOUS
10
6.3387007874015744
20
-3.2493700787401574
11
6.3380264960629917
21
-3.2527599999999999
0
LINE
8
BLACK
6
CONTINUOUS
10
6.3380264960629917
20
-3.2527599999999999
11
6.33610625984252
21
-3.2556338188976377
0
LINE
8
BLACK
6
CONTINUOUS
10
6.33610625984252
20
-3.2556338188976377
11
6.3332324409448821
21
-3.2575540551181104
0
LINE
8
BLACK
6
CONTINUOUS
10
6.3332324409448821
20
-3.2575540551181104
11
6.3298425196850392
21
-3.258228346456693
0
LINE
8
BLACK
6
CONTINUOUS
10
6.3298425196850392
20
-3.258228346456693
11
6.3101574803149605
21
-3.258228346456693
0
LINE
8
BLACK
6
CONTINUOUS
10
6.3101574803149605
20
-3.258228346456693
11
6.3067675590551175
21
-3.2575540551181104
0
LINE
8
BLACK
6
CONTINUOUS
10
6.3067675590551175
20
-3.2575540551181104
11
6.3038937401574806
21
-3.2556338188976377
0
LINE
8
BLACK
6
CONTINUOUS
10
6.3038937401574806
20
-3.2556338188976377
11
6.3019735039370079
21
-3.2527599999999999
0
LINE
8
BLACK
6
CONTINUOUS
10
6.3019735039370079
20
-3.2527599999999999
11
6.3012992125984253
21
-3.2493700787401574
0
LINE
8
BLACK
6
CONTINUOUS
10
6.3012992125984253
20
-3.2493700787401574
11
6.3012992125984253
21
-3.2316535433070865
0
LINE
8
BLACK
6
CONTINUOUS
10
6.3012992125984253
20
-3.2316535433070865
11
6.3019735039370079
21
-3.228263622047244
0
LINE
8
BLACK
6
CONTINUOUS
10
6.3019735039370079
20
-3.228263622047244
11
6.3038937401574806
21
-3.2253898031496062
0
LINE
8
BLACK
6
CONTINUOUS
10
6.3038937401574806
20
-3.2253898031496062
11
6.3067675590551175
21
-3.223469566929134
0
LINE
8
BLACK
6
CONTINUOUS
10
6.3067675590551175
20
-3.223469566929134
11
6.3101574803149605
21
-3.2227952755905509
0
LINE
8
BLACK
6
CONTINUOUS
10
6.3101574803149605
20
-3.2227952755905509
11
6.3298425196850392
21
-3.2227952755905509
0
LINE
8
BLACK
6
CONTINUOUS
10
6.3298425196850392
20
-3.2227952755905509
11
6.3332324409448821
21
-3.223469566929134
0
LINE
8
BLACK
6
CONTINUOUS
10
6.4032324409448815
20
-3.223469566929134
11
6.4061062598425194
21
-3.2253898031496062
0
LINE
8
BLACK
6
CONTINUOUS
10
6.4061062598425194
20
-3.2253898031496062
11
6.408026496062992
21
-3.228263622047244
0
LINE
8
BLACK
6
CONTINUOUS
10
6.408026496062992
20
-3.228263622047244
11
6.4087007874015747
21
-3.2316535433070865
0
LINE
8
BLACK
6
CONTINUOUS
10
6.4087007874015747
20
-3.2316535433070865
11
6.4087007874015747
21
-3.2493700787401574
0
LINE
8
BLACK
6
CONTINUOUS
10
6.4087007874015747
20
-3.2493700787401574
11
6.408026496062992
21
-3.2527599999999999
0
LINE
8
BLACK
6
CONTINUOUS
10
6.408026496062992
20
-3.2527599999999999
11
6.4061062598425194
21
-3.2556338188976377
0
LINE
8
BLACK
6
CONTINUOUS
10
6.4061062598425194
20
-3.2556338188976377
11
6.4032324409448815
21
-3.2575540551181104
0
LINE
8
BLACK
6
CONTINUOUS
10
6.4032324409448815
20
-3.2575540551181104
11
6.3998425196850395
21
-3.258228346456693
0
LINE
8
BLACK
6
CONTINUOUS
10
6.3998425196850395
20
-3.258228346456693
11
6.3801574803149608
21
-3.258228346456693
0
LINE
8
BLACK
6
CONTINUOUS
10
6.3801574803149608
20
-3.258228346456693
11
6.3767675590551178
21
-3.2575540551181104
0
LINE
8
BLACK
6
CONTINUOUS
10
6.3767675590551178
20
-3.2575540551181104
11
6.37389374015748
21
-3.2556338188976377
0
LINE
8
BLACK
6
CONTINUOUS
10
6.37389374015748
20
-3.2556338188976377
11
6.3719735039370073
21
-3.2527599999999999
0
LINE
8
BLACK
6
CONTINUOUS
10
6.3719735039370073
20
-3.2527599999999999
11
6.3712992125984247
21
-3.2493700787401574
0
LINE
8
BLACK
6
CONTINUOUS
10
6.3712992125984247
20
-3.2493700787401574
11
6.3712992125984247
21
-3.2316535433070865
0
LINE
8
BLACK
6
CONTINUOUS
10
6.3712992125984247
20
-3.2316535433070865
11
6.3719735039370073
21
-3.228263622047244
0
LINE
8
BLACK
6
CONTINUOUS
10
6.3719735039370073
20
-3.228263622047244
11
6.37389374015748
21
-3.2253898031496062
0
LINE
8
BLACK
6
CONTINUOUS
10
6.37389374015748
20
-3.2253898031496062
11
6.3767675590551178
21
-3.223469566929134
0
LINE
8
BLACK
6
CONTINUOUS
10
6.3767675590551178
20
-3.223469566929134
11
6.3801574803149608
21
-3.2227952755905509
0
LINE
8
BLACK
6
CONTINUOUS
10
6.3801574803149608
20
-3.2227952755905509
11
6.3998425196850395
21
-3.2227952755905509
0
LINE
8
BLACK
6
CONTINUOUS
10
6.3998425196850395
20
-3.2227952755905509
11
6.4032324409448815
21
-3.223469566929134
0
LINE
8
BLACK
6
CONTINUOUS
10
7.4038400393700785
20
-3.2253237795275589
11
7.4063945275590548
21
-3.2270306692913384
0
LINE
8
BLACK
6
CONTINUOUS
10
7.4063945275590548
20
-3.2270306692913384
11
7.4081014173228343
21
-3.2295851574803147
0
LINE
8
BLACK
6
CONTINUOUS
10
7.4081014173228343
20
-3.2295851574803147
11
7.4087007874015747
21
-3.2325984251968505
0
LINE
8
BLACK
6
CONTINUOUS
10
7.4087007874015747
20
-3.2325984251968505
11
7.4087007874015747
21
-3.2483464566929134
0
LINE
8
BLACK
6
CONTINUOUS
10
7.4087007874015747
20
-3.2483464566929134
11
7.4081014173228343
21
-3.2513597244094488
0
LINE
8
BLACK
6
CONTINUOUS
10
7.4081014173228343
20
-3.2513597244094488
11
7.4063945275590548
21
-3.2539142125984251
0
LINE
8
BLACK
6
CONTINUOUS
10
7.4063945275590548
20
-3.2539142125984251
11
7.4038400393700785
21
-3.2556211023622046
0
LINE
8
BLACK
6
CONTINUOUS
10
7.4038400393700785
20
-3.2556211023622046
11
7.4008267716535432
21
-3.2562204724409449
0
LINE
8
BLACK
6
CONTINUOUS
10
7.4008267716535432
20
-3.2562204724409449
11
7.3791732283464562
21
-3.2562204724409449
0
LINE
8
BLACK
6
CONTINUOUS
10
7.3791732283464562
20
-3.2562204724409449
11
7.3761599606299209
21
-3.2556211023622046
0
LINE
8
BLACK
6
CONTINUOUS
10
7.3761599606299209
20
-3.2556211023622046
11
7.3736054724409446
21
-3.2539142125984251
0
LINE
8
BLACK
6
CONTINUOUS
10
7.3736054724409446
20
-3.2539142125984251
11
7.371898582677165
21
-3.2513597244094488
0
LINE
8
BLACK
6
CONTINUOUS
10
7.371898582677165
20
-3.2513597244094488
11
7.3712992125984247
21
-3.2483464566929134
0
LINE
8
BLACK
6
CONTINUOUS
10
7.3712992125984247
20
-3.2483464566929134
11
7.3712992125984247
21
-3.2325984251968505
0
LINE
8
BLACK
6
CONTINUOUS
10
7.3712992125984247
20
-3.2325984251968505
11
7.371898582677165
21
-3.2295851574803147
0
LINE
8
BLACK
6
CONTINUOUS
10
7.371898582677165
20
-3.2295851574803147
11
7.3736054724409446
21
-3.2270306692913384
0
LINE
8
BLACK
6
CONTINUOUS
10
7.3736054724409446
20
-3.2270306692913384
11
7.3761599606299209
21
-3.2253237795275589
0
LINE
8
BLACK
6
CONTINUOUS
10
7.3761599606299209
20
-3.2253237795275589
11
7.3791732283464562
21
-3.224724409448819
0
LINE
8
BLACK
6
CONTINUOUS
10
7.3791732283464562
20
-3.224724409448819
11
7.4008267716535432
21
-3.224724409448819
0
LINE
8
BLACK
6
CONTINUOUS
10
7.4008267716535432
20
-3.224724409448819
11
7.4038400393700785
21
-3.2253237795275589
0
LINE
8
BLACK
6
CONTINUOUS
10
7.3292087795275584
20
-3.2266699999999999
11
7.3311246456692913
21
-3.2279501574803149
0
LINE
8
BLACK
6
CONTINUOUS
10
7.3311246456692913
20
-3.2279501574803149
11
7.3324048031496059
21
-3.2298660236220473
0
LINE
8
BLACK
6
CONTINUOUS
10
7.3324048031496059
20
-3.2298660236220473
11
7.3328543307086615
21
-3.2321259842519683
0
LINE
8
BLACK
6
CONTINUOUS
10
7.3328543307086615
20
-3.2321259842519683
11
7.3328543307086615
21
-3.2439370078740155
0
LINE
8
BLACK
6
CONTINUOUS
10
7.3328543307086615
20
-3.2439370078740155
11
7.3324048031496059
21
-3.2461969685039369
0
LINE
8
BLACK
6
CONTINUOUS
10
7.3324048031496059
20
-3.2461969685039369
11
7.3311246456692913
21
-3.2481128346456694
0
LINE
8
BLACK
6
CONTINUOUS
10
7.3311246456692913
20
-3.2481128346456694
11
7.3292087795275584
21
-3.2493929921259843
0
LINE
8
BLACK
6
CONTINUOUS
10
7.3292087795275584
20
-3.2493929921259843
11
7.3269488188976375
21
-3.2498425196850391
0
LINE
8
BLACK
6
CONTINUOUS
10
7.3269488188976375
20
-3.2498425196850391
11
7.2806889763779523
21
-3.2498425196850391
0
LINE
8
BLACK
6
CONTINUOUS
10
7.2806889763779523
20
-3.2498425196850391
11
7.2784290157480314
21
-3.2493929921259843
0
LINE
8
BLACK
6
CONTINUOUS
10
7.2784290157480314
20
-3.2493929921259843
11
7.2765131496062994
21
-3.2481128346456694
0
LINE
8
BLACK
6
CONTINUOUS
10
7.2765131496062994
20
-3.2481128346456694
11
7.275232992125984
21
-3.2461969685039369
0
LINE
8
BLACK
6
CONTINUOUS
10
7.275232992125984
20
-3.2461969685039369
11
7.2747834645669291
21
-3.2439370078740155
0
LINE
8
BLACK
6
CONTINUOUS
10
7.2747834645669291
20
-3.2439370078740155
11
7.2747834645669291
21
-3.2321259842519683
0
LINE
8
BLACK
6
CONTINUOUS
10
7.2747834645669291
20
-3.2321259842519683
11
7.275232992125984
21
-3.2298660236220473
0
LINE
8
BLACK
6
CONTINUOUS
10
7.275232992125984
20
-3.2298660236220473
11
7.2765131496062994
21
-3.2279501574803149
0
LINE
8
BLACK
6
CONTINUOUS
10
7.2765131496062994
20
-3.2279501574803149
11
7.2784290157480314
21
-3.2266699999999999
0
LINE
8
BLACK
6
CONTINUOUS
10
7.2784290157480314
20
-3.2266699999999999
11
7.2806889763779523
21
-3.2262204724409447
0
LINE
8
BLACK
6
CONTINUOUS
10
7.2806889763779523
20
-3.2262204724409447
11
7.3269488188976375
21
-3.2262204724409447
0
LINE
8
BLACK
6
CONTINUOUS
10
7.3269488188976375
20
-3.2262204724409447
11
7.3292087795275584
21
-3.2266699999999999
0
LINE
8
BLACK
6
CONTINUOUS
10
6.5839081889763778
20
-3.2296303937007873
11
6.5851854724409451
21
-3.2304838188976377
0
LINE
8
BLACK
6
CONTINUOUS
10
6.5851854724409451
20
-3.2304838188976377
11
6.5860388976377955
21
-3.2317611023622046
0
LINE
8
BLACK
6
CONTINUOUS
10
6.5860388976377955
20
-3.2317611023622046
11
6.5863385826771648
21
-3.2332677165354329
0
LINE
8
BLACK
6
CONTINUOUS
10
6.5863385826771648
20
-3.2332677165354329
11
6.5863385826771648
21
-3.2411417322834644
0
LINE
8
BLACK
6
CONTINUOUS
10
6.5863385826771648
20
-3.2411417322834644
11
6.5860388976377955
21
-3.2426483464566926
0
LINE
8
BLACK
6
CONTINUOUS
10
6.5860388976377955
20
-3.2426483464566926
11
6.5851854724409451
21
-3.24392562992126
0
LINE
8
BLACK
6
CONTINUOUS
10
6.5851854724409451
20
-3.24392562992126
11
6.5839081889763778
21
-3.2447790551181104
0
LINE
8
BLACK
6
CONTINUOUS
10
6.5839081889763778
20
-3.2447790551181104
11
6.582401574803149
21
-3.2450787401574801
0
LINE
8
BLACK
6
CONTINUOUS
10
6.582401574803149
20
-3.2450787401574801
11
6.532204724409449
21
-3.2450787401574801
0
LINE
8
BLACK
6
CONTINUOUS
10
6.532204724409449
20
-3.2450787401574801
11
6.5306981102362203
21
-3.2447790551181104
0
LINE
8
BLACK
6
CONTINUOUS
10
6.5306981102362203
20
-3.2447790551181104
11
6.5294208267716538
21
-3.24392562992126
0
LINE
8
BLACK
6
CONTINUOUS
10
6.5294208267716538
20
-3.24392562992126
11
6.5285674015748034
21
-3.2426483464566926
0
LINE
8
BLACK
6
CONTINUOUS
10
6.5285674015748034
20
-3.2426483464566926
11
6.5282677165354333
21
-3.2411417322834644
0
LINE
8
BLACK
6
CONTINUOUS
10
6.5282677165354333
20
-3.2411417322834644
11
6.5282677165354333
21
-3.2332677165354329
0
LINE
8
BLACK
6
CONTINUOUS
10
6.5282677165354333
20
-3.2332677165354329
11
6.5285674015748034
21
-3.2317611023622046
0
LINE
8
BLACK
6
CONTINUOUS
10
6.5285674015748034
20
-3.2317611023622046
11
6.5294208267716538
21
-3.2304838188976377
0
LINE
8
BLACK
6
CONTINUOUS
10
6.5294208267716538
20
-3.2304838188976377
11
6.5306981102362203
21
-3.2296303937007873
0
LINE
8
BLACK
6
CONTINUOUS
10
6.5306981102362203
20
-3.2296303937007873
11
6.532204724409449
21
-3.2293307086614171
0
LINE
8
BLACK
6
CONTINUOUS
10
6.532204724409449
20
-3.2293307086614171
11
6.582401574803149
21
-3.2293307086614171
0
LINE
8
BLACK
6
CONTINUOUS
10
6.582401574803149
20
-3.2293307086614171
11
6.5839081889763778
21
-3.2296303937007873
0
LINE
8
BLACK
6
CONTINUOUS
10
6.8093018897637796
20
-3.2296303937007873
11
6.8105791732283461
21
-3.2304838188976377
0
LINE
8
BLACK
6
CONTINUOUS
10
6.8105791732283461
20
-3.2304838188976377
11
6.8114325984251964
21
-3.2317611023622046
0
LINE
8
BLACK
6
CONTINUOUS
10
6.8114325984251964
20
-3.2317611023622046
11
6.8117322834645666
21
-3.2332677165354329
0
LINE
8
BLACK
6
CONTINUOUS
10
6.8117322834645666
20
-3.2332677165354329
11
6.8117322834645666
21
-3.2411417322834644
0
LINE
8
BLACK
6
CONTINUOUS
10
6.8117322834645666
20
-3.2411417322834644
11
6.8114325984251964
21
-3.2426483464566926
0
LINE
8
BLACK
6
CONTINUOUS
10
6.8114325984251964
20
-3.2426483464566926
11
6.8105791732283461
21
-3.24392562992126
0
LINE
8
BLACK
6
CONTINUOUS
10
6.8105791732283461
20
-3.24392562992126
11
6.8093018897637796
21
-3.2447790551181104
0
LINE
8
BLACK
6
CONTINUOUS
10
6.8093018897637796
20
-3.2447790551181104
11
6.8077952755905509
21
-3.2450787401574801
0
LINE
8
BLACK
6
CONTINUOUS
10
6.8077952755905509
20
-3.2450787401574801
11
6.7575984251968499
21
-3.2450787401574801
0
LINE
8
BLACK
6
CONTINUOUS
10
6.7575984251968499
20
-3.2450787401574801
11
6.7560918110236221
21
-3.2447790551181104
0
LINE
8
BLACK
6
CONTINUOUS
10
6.7560918110236221
20
-3.2447790551181104
11
6.7548145275590548
21
-3.24392562992126
0
LINE
8
BLACK
6
CONTINUOUS
10
6.7548145275590548
20
-3.24392562992126
11
6.7539611023622044
21
-3.2426483464566926
0
LINE
8
BLACK
6
CONTINUOUS
10
6.7539611023622044
20
-3.2426483464566926
11
6.7536614173228342
21
-3.2411417322834644
0
LINE
8
BLACK
6
CONTINUOUS
10
6.7536614173228342
20
-3.2411417322834644
11
6.7536614173228342
21
-3.2332677165354329
0
LINE
8
BLACK
6
CONTINUOUS
10
6.7536614173228342
20
-3.2332677165354329
11
6.7539611023622044
21
-3.2317611023622046
0
LINE
8
BLACK
6
CONTINUOUS
10
6.7539611023622044
20
-3.2317611023622046
11
6.7548145275590548
21
-3.2304838188976377
0
LINE
8
BLACK
6
CONTINUOUS
10
6.7548145275590548
20
-3.2304838188976377
11
6.7560918110236221
21
-3.2296303937007873
0
LINE
8
BLACK
6
CONTINUOUS
10
6.7560918110236221
20
-3.2296303937007873
11
6.7575984251968499
21
-3.2293307086614171
0
LINE
8
BLACK
6
CONTINUOUS
10
6.7575984251968499
20
-3.2293307086614171
11
6.8077952755905509
21
-3.2293307086614171
0
LINE
8
BLACK
6
CONTINUOUS
10
6.8077952755905509
20
-3.2293307086614171
11
6.8093018897637796
21
-3.2296303937007873
0
LINE
8
BLACK
6
CONTINUOUS
10
6.5839081889763778
20
-3.204039842519685
11
6.5851854724409451
21
-3.2048932677165354
0
LINE
8
BLACK
6
CONTINUOUS
10
6.5851854724409451
20
-3.2048932677165354
11
6.5860388976377955
21
-3.2061705511811023
0
LINE
8
BLACK
6
CONTINUOUS
10
6.5860388976377955
20
-3.2061705511811023
11
6.5863385826771648
21
-3.2076771653543306
0
LINE
8
BLACK
6
CONTINUOUS
10
6.5863385826771648
20
-3.2076771653543306
11
6.5863385826771648
21
-3.215551181102362
0
LINE
8
BLACK
6
CONTINUOUS
10
6.5863385826771648
20
-3.215551181102362
11
6.5860388976377955
21
-3.2170577952755903
0
LINE
8
BLACK
6
CONTINUOUS
10
6.5860388976377955
20
-3.2170577952755903
11
6.5851854724409451
21
-3.2183350787401572
0
LINE
8
BLACK
6
CONTINUOUS
10
6.5851854724409451
20
-3.2183350787401572
11
6.5839081889763778
21
-3.2191885039370076
0
LINE
8
BLACK
6
CONTINUOUS
10
6.5839081889763778
20
-3.2191885039370076
11
6.582401574803149
21
-3.2194881889763778
0
LINE
8
BLACK
6
CONTINUOUS
10
6.582401574803149
20
-3.2194881889763778
11
6.532204724409449
21
-3.2194881889763778
0
LINE
8
BLACK
6
CONTINUOUS
10
6.532204724409449
20
-3.2194881889763778
11
6.5306981102362203
21
-3.2191885039370076
0
LINE
8
BLACK
6
CONTINUOUS
10
6.5306981102362203
20
-3.2191885039370076
11
6.5294208267716538
21
-3.2183350787401572
0
LINE
8
BLACK
6
CONTINUOUS
10
6.5294208267716538
20
-3.2183350787401572
11
6.5285674015748034
21
-3.2170577952755903
0
LINE
8
BLACK
6
CONTINUOUS
10
6.5285674015748034
20
-3.2170577952755903
11
6.5282677165354333
21
-3.215551181102362
0
LINE
8
BLACK
6
CONTINUOUS
10
6.5282677165354333
20
-3.215551181102362
11
6.5282677165354333
21
-3.2076771653543306
0
LINE
8
BLACK
6
CONTINUOUS
10
6.5282677165354333
20
-3.2076771653543306
11
6.5285674015748034
21
-3.2061705511811023
0
LINE
8
BLACK
6
CONTINUOUS
10
6.5285674015748034
20
-3.2061705511811023
11
6.5294208267716538
21
-3.2048932677165354
0
LINE
8
BLACK
6
CONTINUOUS
10
6.5294208267716538
20
-3.2048932677165354
11
6.5306981102362203
21
-3.204039842519685
0
LINE
8
BLACK
6
CONTINUOUS
10
6.5306981102362203
20
-3.204039842519685
11
6.532204724409449
21
-3.2037401574803148
0
LINE
8
BLACK
6
CONTINUOUS
10
6.532204724409449
20
-3.2037401574803148
11
6.582401574803149
21
-3.2037401574803148
0
LINE
8
BLACK
6
CONTINUOUS
10
6.582401574803149
20
-3.2037401574803148
11
6.5839081889763778
21
-3.204039842519685
0
LINE
8
BLACK
6
CONTINUOUS
10
6.8093018897637796
20
-3.204039842519685
11
6.8105791732283461
21
-3.2048932677165354
0
LINE
8
BLACK
6
CONTINUOUS
10
6.8105791732283461
20
-3.2048932677165354
11
6.8114325984251964
21
-3.2061705511811023
0
LINE
8
BLACK
6
CONTINUOUS
10
6.8114325984251964
20
-3.2061705511811023
11
6.8117322834645666
21
-3.2076771653543306
0
LINE
8
BLACK
6
CONTINUOUS
10
6.8117322834645666
20
-3.2076771653543306
11
6.8117322834645666
21
-3.215551181102362
0
LINE
8
BLACK
6
CONTINUOUS
10
6.8117322834645666
20
-3.215551181102362
11
6.8114325984251964
21
-3.2170577952755903
0
LINE
8
BLACK
6
CONTINUOUS
10
6.8114325984251964
20
-3.2170577952755903
11
6.8105791732283461
21
-3.2183350787401572
0
LINE
8
BLACK
6
CONTINUOUS
10
6.8105791732283461
20
-3.2183350787401572
11
6.8093018897637796
21
-3.2191885039370076
0
LINE
8
BLACK
6
CONTINUOUS
10
6.8093018897637796
20
-3.2191885039370076
11
6.8077952755905509
21
-3.2194881889763778
0
LINE
8
BLACK
6
CONTINUOUS
10
6.8077952755905509
20
-3.2194881889763778
11
6.7575984251968499
21
-3.2194881889763778
0
LINE
8
BLACK
6
CONTINUOUS
10
6.7575984251968499
20
-3.2194881889763778
11
6.7560918110236221
21
-3.2191885039370076
0
LINE
8
BLACK
6
CONTINUOUS
10
6.7560918110236221
20
-3.2191885039370076
11
6.7548145275590548
21
-3.2183350787401572
0
LINE
8
BLACK
6
CONTINUOUS
10
6.7548145275590548
20
-3.2183350787401572
11
6.7539611023622044
21
-3.2170577952755903
0
LINE
8
BLACK
6
CONTINUOUS
10
6.7539611023622044
20
-3.2170577952755903
11
6.7536614173228342
21
-3.215551181102362
0
LINE
8
BLACK
6
CONTINUOUS
10
6.7536614173228342
20
-3.215551181102362
11
6.7536614173228342
21
-3.2076771653543306
0
LINE
8
BLACK
6
CONTINUOUS
10
6.7536614173228342
20
-3.2076771653543306
11
6.7539611023622044
21
-3.2061705511811023
0
LINE
8
BLACK
6
CONTINUOUS
10
6.7539611023622044
20
-3.2061705511811023
11
6.7548145275590548
21
-3.2048932677165354
0
LINE
8
BLACK
6
CONTINUOUS
10
6.7548145275590548
20
-3.2048932677165354
11
6.7560918110236221
21
-3.204039842519685
0
LINE
8
BLACK
6
CONTINUOUS
10
6.7560918110236221
20
-3.204039842519685
11
6.7575984251968499
21
-3.2037401574803148
0
LINE
8
BLACK
6
CONTINUOUS
10
6.7575984251968499
20
-3.2037401574803148
11
6.8077952755905509
21
-3.2037401574803148
0
LINE
8
BLACK
6
CONTINUOUS
10
6.8077952755905509
20
-3.2037401574803148
11
6.8093018897637796
21
-3.204039842519685
0
LINE
8
BLACK
6
CONTINUOUS
10
6.3332324409448821
20
-3.1624459448818896
11
6.33610625984252
21
-3.1643661811023622
0
LINE
8
BLACK
6
CONTINUOUS
10
6.33610625984252
20
-3.1643661811023622
11
6.3380264960629917
21
-3.1672400000000001
0
LINE
8
BLACK
6
CONTINUOUS
10
6.3380264960629917
20
-3.1672400000000001
11
6.3387007874015744
21
-3.1706299212598426
0
LINE
8
BLACK
6
CONTINUOUS
10
6.3387007874015744
20
-3.1706299212598426
11
6.3387007874015744
21
-3.1883464566929134
0
LINE
8
BLACK
6
CONTINUOUS
10
6.3387007874015744
20
-3.1883464566929134
11
6.3380264960629917
21
-3.1917363779527559
0
LINE
8
BLACK
6
CONTINUOUS
10
6.3380264960629917
20
-3.1917363779527559
11
6.33610625984252
21
-3.1946101968503937
0
LINE
8
BLACK
6
CONTINUOUS
10
6.33610625984252
20
-3.1946101968503937
11
6.3332324409448821
21
-3.1965304330708659
0
LINE
8
BLACK
6
CONTINUOUS
10
6.3332324409448821
20
-3.1965304330708659
11
6.3298425196850392
21
-3.1972047244094486
0
LINE
8
BLACK
6
CONTINUOUS
10
6.3298425196850392
20
-3.1972047244094486
11
6.3101574803149605
21
-3.1972047244094486
0
LINE
8
BLACK
6
CONTINUOUS
10
6.3101574803149605
20
-3.1972047244094486
11
6.3067675590551175
21
-3.1965304330708659
0
LINE
8
BLACK
6
CONTINUOUS
10
6.3067675590551175
20
-3.1965304330708659
11
6.3038937401574806
21
-3.1946101968503937
0
LINE
8
BLACK
6
CONTINUOUS
10
6.3038937401574806
20
-3.1946101968503937
11
6.3019735039370079
21
-3.1917363779527559
0
LINE
8
BLACK
6
CONTINUOUS
10
6.3019735039370079
20
-3.1917363779527559
11
6.3012992125984253
21
-3.1883464566929134
0
LINE
8
BLACK
6
CONTINUOUS
10
6.3012992125984253
20
-3.1883464566929134
11
6.3012992125984253
21
-3.1706299212598426
0
LINE
8
BLACK
6
CONTINUOUS
10
6.3012992125984253
20
-3.1706299212598426
11
6.3019735039370079
21
-3.1672400000000001
0
LINE
8
BLACK
6
CONTINUOUS
10
6.3019735039370079
20
-3.1672400000000001
11
6.3038937401574806
21
-3.1643661811023622
0
LINE
8
BLACK
6
CONTINUOUS
10
6.3038937401574806
20
-3.1643661811023622
11
6.3067675590551175
21
-3.1624459448818896
0
LINE
8
BLACK
6
CONTINUOUS
10
6.3067675590551175
20
-3.1624459448818896
11
6.3101574803149605
21
-3.1617716535433069
0
LINE
8
BLACK
6
CONTINUOUS
10
6.3101574803149605
20
-3.1617716535433069
11
6.3298425196850392
21
-3.1617716535433069
0
LINE
8
BLACK
6
CONTINUOUS
10
6.3298425196850392
20
-3.1617716535433069
11
6.3332324409448821
21
-3.1624459448818896
0
LINE
8
BLACK
6
CONTINUOUS
10
6.4032324409448815
20
-3.1624459448818896
11
6.4061062598425194
21
-3.1643661811023622
0
LINE
8
BLACK
6
CONTINUOUS
10
6.4061062598425194
20
-3.1643661811023622
11
6.408026496062992
21
-3.1672400000000001
0
LINE
8
BLACK
6
CONTINUOUS
10
6.408026496062992
20
-3.1672400000000001
11
6.4087007874015747
21
-3.1706299212598426
0
LINE
8
BLACK
6
CONTINUOUS
10
6.4087007874015747
20
-3.1706299212598426
11
6.4087007874015747
21
-3.1883464566929134
0
LINE
8
BLACK
6
CONTINUOUS
10
6.4087007874015747
20
-3.1883464566929134
11
6.408026496062992
21
-3.1917363779527559
0
LINE
8
BLACK
6
CONTINUOUS
10
6.408026496062992
20
-3.1917363779527559
11
6.4061062598425194
21
-3.1946101968503937
0
LINE
8
BLACK
6
CONTINUOUS
10
6.4061062598425194
20
-3.1946101968503937
11
6.4032324409448815
21
-3.1965304330708659
0
LINE
8
BLACK
6
CONTINUOUS
10
6.4032324409448815
20
-3.1965304330708659
11
6.3998425196850395
21
-3.1972047244094486
0
LINE
8
BLACK
6
CONTINUOUS
10
6.3998425196850395
20
-3.1972047244094486
11
6.3801574803149608
21
-3.1972047244094486
0
LINE
8
BLACK
6
CONTINUOUS
10
6.3801574803149608
20
-3.1972047244094486
11
6.3767675590551178
21
-3.1965304330708659
0
LINE
8
BLACK
6
CONTINUOUS
10
6.3767675590551178
20
-3.1965304330708659
11
6.37389374015748
21
-3.1946101968503937
0
LINE
8
BLACK
6
CONTINUOUS
10
6.37389374015748
20
-3.1946101968503937
11
6.3719735039370073
21
-3.1917363779527559
0
LINE
8
BLACK
6
CONTINUOUS
10
6.3719735039370073
20
-3.1917363779527559
11
6.3712992125984247
21
-3.1883464566929134
0
LINE
8
BLACK
6
CONTINUOUS
10
6.3712992125984247
20
-3.1883464566929134
11
6.3712992125984247
21
-3.1706299212598426
0
LINE
8
BLACK
6
CONTINUOUS
10
6.3712992125984247
20
-3.1706299212598426
11
6.3719735039370073
21
-3.1672400000000001
0
LINE
8
BLACK
6
CONTINUOUS
10
6.3719735039370073
20
-3.1672400000000001
11
6.37389374015748
21
-3.1643661811023622
0
LINE
8
BLACK
6
CONTINUOUS
10
6.37389374015748
20
-3.1643661811023622
11
6.3767675590551178
21
-3.1624459448818896
0
LINE
8
BLACK
6
CONTINUOUS
10
6.3767675590551178
20
-3.1624459448818896
11
6.3801574803149608
21
-3.1617716535433069
0
LINE
8
BLACK
6
CONTINUOUS
10
6.3801574803149608
20
-3.1617716535433069
11
6.3998425196850395
21
-3.1617716535433069
0
LINE
8
BLACK
6
CONTINUOUS
10
6.3998425196850395
20
-3.1617716535433069
11
6.4032324409448815
21
-3.1624459448818896
0
LINE
8
BLACK
6
CONTINUOUS
10
6.5839081889763778
20
-3.1784492913385827
11
6.5851854724409451
21
-3.1793027165354331
0
LINE
8
BLACK
6
CONTINUOUS
10
6.5851854724409451
20
-3.1793027165354331
11
6.5860388976377955
21
-3.18058
0
LINE
8
BLACK
6
CONTINUOUS
10
6.5860388976377955
20
-3.18058
11
6.5863385826771648
21
-3.1820866141732282
0
LINE
8
BLACK
6
CONTINUOUS
10
6.5863385826771648
20
-3.1820866141732282
11
6.5863385826771648
21
-3.1899606299212597
0
LINE
8
BLACK
6
CONTINUOUS
10
6.5863385826771648
20
-3.1899606299212597
11
6.5860388976377955
21
-3.191467244094488
0
LINE
8
BLACK
6
CONTINUOUS
10
6.5860388976377955
20
-3.191467244094488
11
6.5851854724409451
21
-3.1927445275590549
0
LINE
8
BLACK
6
CONTINUOUS
10
6.5851854724409451
20
-3.1927445275590549
11
6.5839081889763778
21
-3.1935979527559053
0
LINE
8
BLACK
6
CONTINUOUS
10
6.5839081889763778
20
-3.1935979527559053
11
6.582401574803149
21
-3.1938976377952755
0
LINE
8
BLACK
6
CONTINUOUS
10
6.582401574803149
20
-3.1938976377952755
11
6.532204724409449
21
-3.1938976377952755
0
LINE
8
BLACK
6
CONTINUOUS
10
6.532204724409449
20
-3.1938976377952755
11
6.5306981102362203
21
-3.1935979527559053
0
LINE
8
BLACK
6
CONTINUOUS
10
6.5306981102362203
20
-3.1935979527559053
11
6.5294208267716538
21
-3.1927445275590549
0
LINE
8
BLACK
6
CONTINUOUS
10
6.5294208267716538
20
-3.1927445275590549
11
6.5285674015748034
21
-3.191467244094488
0
LINE
8
BLACK
6
CONTINUOUS
10
6.5285674015748034
20
-3.191467244094488
11
6.5282677165354333
21
-3.1899606299212597
0
LINE
8
BLACK
6
CONTINUOUS
10
6.5282677165354333
20
-3.1899606299212597
11
6.5282677165354333
21
-3.1820866141732282
0
LINE
8
BLACK
6
CONTINUOUS
10
6.5282677165354333
20
-3.1820866141732282
11
6.5285674015748034
21
-3.18058
0
LINE
8
BLACK
6
CONTINUOUS
10
6.5285674015748034
20
-3.18058
11
6.5294208267716538
21
-3.1793027165354331
0
LINE
8
BLACK
6
CONTINUOUS
10
6.5294208267716538
20
-3.1793027165354331
11
6.5306981102362203
21
-3.1784492913385827
0
LINE
8
BLACK
6
CONTINUOUS
10
6.5306981102362203
20
-3.1784492913385827
11
6.532204724409449
21
-3.1781496062992125
0
LINE
8
BLACK
6
CONTINUOUS
10
6.532204724409449
20
-3.1781496062992125
11
6.582401574803149
21
-3.1781496062992125
0
LINE
8
BLACK
6
CONTINUOUS
10
6.582401574803149
20
-3.1781496062992125
11
6.5839081889763778
21
-3.1784492913385827
0
LINE
8
BLACK
6
CONTINUOUS
10
6.8093018897637796
20
-3.1784492913385827
11
6.8105791732283461
21
-3.1793027165354331
0
LINE
8
BLACK
6
CONTINUOUS
10
6.8105791732283461
20
-3.1793027165354331
11
6.8114325984251964
21
-3.18058
0
LINE
8
BLACK
6
CONTINUOUS
10
6.8114325984251964
20
-3.18058
11
6.8117322834645666
21
-3.1820866141732282
0
LINE
8
BLACK
6
CONTINUOUS
10
6.8117322834645666
20
-3.1820866141732282
11
6.8117322834645666
21
-3.1899606299212597
0
LINE
8
BLACK
6
CONTINUOUS
10
6.8117322834645666
20
-3.1899606299212597
11
6.8114325984251964
21
-3.191467244094488
0
LINE
8
BLACK
6
CONTINUOUS
10
6.8114325984251964
20
-3.191467244094488
11
6.8105791732283461
21
-3.1927445275590549
0
LINE
8
BLACK
6
CONTINUOUS
10
6.8105791732283461
20
-3.1927445275590549
11
6.8093018897637796
21
-3.1935979527559053
0
LINE
8
BLACK
6
CONTINUOUS
10
6.8093018897637796
20
-3.1935979527559053
11
6.8077952755905509
21
-3.1938976377952755
0
LINE
8
BLACK
6
CONTINUOUS
10
6.8077952755905509
20
-3.1938976377952755
11
6.7575984251968499
21
-3.1938976377952755
0
LINE
8
BLACK
6
CONTINUOUS
10
6.7575984251968499
20
-3.1938976377952755
11
6.7560918110236221
21
-3.1935979527559053
0
LINE
8
BLACK
6
CONTINUOUS
10
6.7560918110236221
20
-3.1935979527559053
11
6.7548145275590548
21
-3.1927445275590549
0
LINE
8
BLACK
6
CONTINUOUS
10
6.7548145275590548
20
-3.1927445275590549
11
6.7539611023622044
21
-3.191467244094488
0
LINE
8
BLACK
6
CONTINUOUS
10
6.7539611023622044
20
-3.191467244094488
11
6.7536614173228342
21
-3.1899606299212597
0
LINE
8
BLACK
6
CONTINUOUS
10
6.7536614173228342
20
-3.1899606299212597
11
6.7536614173228342
21
-3.1820866141732282
0
LINE
8
BLACK
6
CONTINUOUS
10
6.7536614173228342
20
-3.1820866141732282
11
6.7539611023622044
21
-3.18058
0
LINE
8
BLACK
6
CONTINUOUS
10
6.7539611023622044
20
-3.18058
11
6.7548145275590548
21
-3.1793027165354331
0
LINE
8
BLACK
6
CONTINUOUS
10
6.7548145275590548
20
-3.1793027165354331
11
6.7560918110236221
21
-3.1784492913385827
0
LINE
8
BLACK
6
CONTINUOUS
10
6.7560918110236221
20
-3.1784492913385827
11
6.7575984251968499
21
-3.1781496062992125
0
LINE
8
BLACK
6
CONTINUOUS
10
6.7575984251968499
20
-3.1781496062992125
11
6.8077952755905509
21
-3.1781496062992125
0
LINE
8
BLACK
6
CONTINUOUS
10
6.8077952755905509
20
-3.1781496062992125
11
6.8093018897637796
21
-3.1784492913385827
0
LINE
8
BLACK
6
CONTINUOUS
10
7.0112245669291333
20
-3.1419735039370078
11
7.0140983858267711
21
-3.1438937401574805
0
LINE
8
BLACK
6
CONTINUOUS
10
7.0140983858267711
20
-3.1438937401574805
11
7.0160186220472438
21
-3.1467675590551178
0
LINE
8
BLACK
6
CONTINUOUS
10
7.0160186220472438
20
-3.1467675590551178
11
7.0166929133858265
21
-3.1501574803149603
0
LINE
8
BLACK
6
CONTINUOUS
10
7.0166929133858265
20
-3.1501574803149603
11
7.0166929133858265
21
-3.1698425196850395
0
LINE
8
BLACK
6
CONTINUOUS
10
7.0166929133858265
20
-3.1698425196850395
11
7.0160186220472438
21
-3.173232440944882
0
LINE
8
BLACK
6
CONTINUOUS
10
7.0160186220472438
20
-3.173232440944882
11
7.0140983858267711
21
-3.1761062598425198
0
LINE
8
BLACK
6
CONTINUOUS
10
7.0140983858267711
20
-3.1761062598425198
11
7.0112245669291333
21
-3.178026496062992
0
LINE
8
BLACK
6
CONTINUOUS
10
7.0112245669291333
20
-3.178026496062992
11
7.0078346456692913
21
-3.1787007874015747
0
LINE
8
BLACK
6
CONTINUOUS
10
7.0078346456692913
20
-3.1787007874015747
11
6.99011811023622
21
-3.1787007874015747
0
LINE
8
BLACK
6
CONTINUOUS
10
6.99011811023622
20
-3.1787007874015747
11
6.9867281889763779
21
-3.178026496062992
0
LINE
8
BLACK
6
CONTINUOUS
10
6.9867281889763779
20
-3.178026496062992
11
6.9838543700787401
21
-3.1761062598425198
0
LINE
8
BLACK
6
CONTINUOUS
10
6.9838543700787401
20
-3.1761062598425198
11
6.9819341338582674
21
-3.173232440944882
0
LINE
8
BLACK
6
CONTINUOUS
10
6.9819341338582674
20
-3.173232440944882
11
6.9812598425196848
21
-3.1698425196850395
0
LINE
8
BLACK
6
CONTINUOUS
10
6.9812598425196848
20
-3.1698425196850395
11
6.9812598425196848
21
-3.1501574803149603
0
LINE
8
BLACK
6
CONTINUOUS
10
6.9812598425196848
20
-3.1501574803149603
11
6.9819341338582674
21
-3.1467675590551178
0
LINE
8
BLACK
6
CONTINUOUS
10
6.9819341338582674
20
-3.1467675590551178
11
6.9838543700787401
21
-3.1438937401574805
0
LINE
8
BLACK
6
CONTINUOUS
10
6.9838543700787401
20
-3.1438937401574805
11
6.9867281889763779
21
-3.1419735039370078
0
LINE
8
BLACK
6
CONTINUOUS
10
6.9867281889763779
20
-3.1419735039370078
11
6.99011811023622
21
-3.1412992125984252
0
LINE
8
BLACK
6
CONTINUOUS
10
6.99011811023622
20
-3.1412992125984252
11
7.0078346456692913
21
-3.1412992125984252
0
LINE
8
BLACK
6
CONTINUOUS
10
7.0078346456692913
20
-3.1412992125984252
11
7.0112245669291333
21
-3.1419735039370078
0
LINE
8
BLACK
6
CONTINUOUS
10
7.0722481889763777
20
-3.1419735039370078
11
7.0751220078740156
21
-3.1438937401574805
0
LINE
8
BLACK
6
CONTINUOUS
10
7.0751220078740156
20
-3.1438937401574805
11
7.0770422440944882
21
-3.1467675590551178
0
LINE
8
BLACK
6
CONTINUOUS
10
7.0770422440944882
20
-3.1467675590551178
11
7.0777165354330709
21
-3.1501574803149603
0
LINE
8
BLACK
6
CONTINUOUS
10
7.0777165354330709
20
-3.1501574803149603
11
7.0777165354330709
21
-3.1698425196850395
0
LINE
8
BLACK
6
CONTINUOUS
10
7.0777165354330709
20
-3.1698425196850395
11
7.0770422440944882
21
-3.173232440944882
0
LINE
8
BLACK
6
CONTINUOUS
10
7.0770422440944882
20
-3.173232440944882
11
7.0751220078740156
21
-3.1761062598425198
0
LINE
8
BLACK
6
CONTINUOUS
10
7.0751220078740156
20
-3.1761062598425198
11
7.0722481889763777
21
-3.178026496062992
0
LINE
8
BLACK
6
CONTINUOUS
10
7.0722481889763777
20
-3.178026496062992
11
7.0688582677165357
21
-3.1787007874015747
0
LINE
8
BLACK
6
CONTINUOUS
10
7.0688582677165357
20
-3.1787007874015747
11
7.0511417322834644
21
-3.1787007874015747
0
LINE
8
BLACK
6
CONTINUOUS
10
7.0511417322834644
20
-3.1787007874015747
11
7.0477518110236215
21
-3.178026496062992
0
LINE
8
BLACK
6
CONTINUOUS
10
7.0477518110236215
20
-3.178026496062992
11
7.0448779921259845
21
-3.1761062598425198
0
LINE
8
BLACK
6
CONTINUOUS
10
7.0448779921259845
20
-3.1761062598425198
11
7.0429577559055119
21
-3.173232440944882
0
LINE
8
BLACK
6
CONTINUOUS
10
7.0429577559055119
20
-3.173232440944882
11
7.0422834645669292
21
-3.1698425196850395
0
LINE
8
BLACK
6
CONTINUOUS
10
7.0422834645669292
20
-3.1698425196850395
11
7.0422834645669292
21
-3.1501574803149603
0
LINE
8
BLACK
6
CONTINUOUS
10
7.0422834645669292
20
-3.1501574803149603
11
7.0429577559055119
21
-3.1467675590551178
0
LINE
8
BLACK
6
CONTINUOUS
10
7.0429577559055119
20
-3.1467675590551178
11
7.0448779921259845
21
-3.1438937401574805
0
LINE
8
BLACK
6
CONTINUOUS
10
7.0448779921259845
20
-3.1438937401574805
11
7.0477518110236215
21
-3.1419735039370078
0
LINE
8
BLACK
6
CONTINUOUS
10
7.0477518110236215
20
-3.1419735039370078
11
7.0511417322834644
21
-3.1412992125984252
0
LINE
8
BLACK
6
CONTINUOUS
10
7.0511417322834644
20
-3.1412992125984252
11
7.0688582677165357
21
-3.1412992125984252
0
LINE
8
BLACK
6
CONTINUOUS
10
7.0688582677165357
20
-3.1412992125984252
11
7.0722481889763777
21
-3.1419735039370078
0
LINE
8
BLACK
6
CONTINUOUS
10
6.5839081889763778
20
-3.1528587401574804
11
6.5851854724409451
21
-3.1537121653543307
0
LINE
8
BLACK
6
CONTINUOUS
10
6.5851854724409451
20
-3.1537121653543307
11
6.5860388976377955
21
-3.1549894488188976
0
LINE
8
BLACK
6
CONTINUOUS
10
6.5860388976377955
20
-3.1549894488188976
11
6.5863385826771648
21
-3.1564960629921259
0
LINE
8
BLACK
6
CONTINUOUS
10
6.5863385826771648
20
-3.1564960629921259
11
6.5863385826771648
21
-3.1643700787401574
0
LINE
8
BLACK
6
CONTINUOUS
10
6.5863385826771648
20
-3.1643700787401574
11
6.5860388976377955
21
-3.1658766929133857
0
LINE
8
BLACK
6
CONTINUOUS
10
6.5860388976377955
20
-3.1658766929133857
11
6.5851854724409451
21
-3.1671539763779526
0
LINE
8
BLACK
6
CONTINUOUS
10
6.5851854724409451
20
-3.1671539763779526
11
6.5839081889763778
21
-3.168007401574803
0
LINE
8
BLACK
6
CONTINUOUS
10
6.5839081889763778
20
-3.168007401574803
11
6.582401574803149
21
-3.1683070866141732
0
LINE
8
BLACK
6
CONTINUOUS
10
6.582401574803149
20
-3.1683070866141732
11
6.532204724409449
21
-3.1683070866141732
0
LINE
8
BLACK
6
CONTINUOUS
10
6.532204724409449
20
-3.1683070866141732
11
6.5306981102362203
21
-3.168007401574803
0
LINE
8
BLACK
6
CONTINUOUS
10
6.5306981102362203
20
-3.168007401574803
11
6.5294208267716538
21
-3.1671539763779526
0
LINE
8
BLACK
6
CONTINUOUS
10
6.5294208267716538
20
-3.1671539763779526
11
6.5285674015748034
21
-3.1658766929133857
0
LINE
8
BLACK
6
CONTINUOUS
10
6.5285674015748034
20
-3.1658766929133857
11
6.5282677165354333
21
-3.1643700787401574
0
LINE
8
BLACK
6
CONTINUOUS
10
6.5282677165354333
20
-3.1643700787401574
11
6.5282677165354333
21
-3.1564960629921259
0
LINE
8
BLACK
6
CONTINUOUS
10
6.5282677165354333
20
-3.1564960629921259
11
6.5285674015748034
21
-3.1549894488188976
0
LINE
8
BLACK
6
CONTINUOUS
10
6.5285674015748034
20
-3.1549894488188976
11
6.5294208267716538
21
-3.1537121653543307
0
LINE
8
BLACK
6
CONTINUOUS
10
6.5294208267716538
20
-3.1537121653543307
11
6.5306981102362203
21
-3.1528587401574804
0
LINE
8
BLACK
6
CONTINUOUS
10
6.5306981102362203
20
-3.1528587401574804
11
6.532204724409449
21
-3.1525590551181102
0
LINE
8
BLACK
6
CONTINUOUS
10
6.532204724409449
20
-3.1525590551181102
11
6.582401574803149
21
-3.1525590551181102
0
LINE
8
BLACK
6
CONTINUOUS
10
6.582401574803149
20
-3.1525590551181102
11
6.5839081889763778
21
-3.1528587401574804
0
LINE
8
BLACK
6
CONTINUOUS
10
6.8093018897637796
20
-3.1528587401574804
11
6.8105791732283461
21
-3.1537121653543307
0
LINE
8
BLACK
6
CONTINUOUS
10
6.8105791732283461
20
-3.1537121653543307
11
6.8114325984251964
21
-3.1549894488188976
0
LINE
8
BLACK
6
CONTINUOUS
10
6.8114325984251964
20
-3.1549894488188976
11
6.8117322834645666
21
-3.1564960629921259
0
LINE
8
BLACK
6
CONTINUOUS
10
6.8117322834645666
20
-3.1564960629921259
11
6.8117322834645666
21
-3.1643700787401574
0
LINE
8
BLACK
6
CONTINUOUS
10
6.8117322834645666
20
-3.1643700787401574
11
6.8114325984251964
21
-3.1658766929133857
0
LINE
8
BLACK
6
CONTINUOUS
10
6.8114325984251964
20
-3.1658766929133857
11
6.8105791732283461
21
-3.1671539763779526
0
LINE
8
BLACK
6
CONTINUOUS
10
6.8105791732283461
20
-3.1671539763779526
11
6.8093018897637796
21
-3.168007401574803
0
LINE
8
BLACK
6
CONTINUOUS
10
6.8093018897637796
20
-3.168007401574803
11
6.8077952755905509
21
-3.1683070866141732
0
LINE
8
BLACK
6
CONTINUOUS
10
6.8077952755905509
20
-3.1683070866141732
11
6.7575984251968499
21
-3.1683070866141732
0
LINE
8
BLACK
6
CONTINUOUS
10
6.7575984251968499
20
-3.1683070866141732
11
6.7560918110236221
21
-3.168007401574803
0
LINE
8
BLACK
6
CONTINUOUS
10
6.7560918110236221
20
-3.168007401574803
11
6.7548145275590548
21
-3.1671539763779526
0
LINE
8
BLACK
6
CONTINUOUS
10
6.7548145275590548
20
-3.1671539763779526
11
6.7539611023622044
21
-3.1658766929133857
0
LINE
8
BLACK
6
CONTINUOUS
10
6.7539611023622044
20
-3.1658766929133857
11
6.7536614173228342
21
-3.1643700787401574
0
LINE
8
BLACK
6
CONTINUOUS
10
6.7536614173228342
20
-3.1643700787401574
11
6.7536614173228342
21
-3.1564960629921259
0
LINE
8
BLACK
6
CONTINUOUS
10
6.7536614173228342
20
-3.1564960629921259
11
6.7539611023622044
21
-3.1549894488188976
0
LINE
8
BLACK
6
CONTINUOUS
10
6.7539611023622044
20
-3.1549894488188976
11
6.7548145275590548
21
-3.1537121653543307
0
LINE
8
BLACK
6
CONTINUOUS
10
6.7548145275590548
20
-3.1537121653543307
11
6.7560918110236221
21
-3.1528587401574804
0
LINE
8
BLACK
6
CONTINUOUS
10
6.7560918110236221
20
-3.1528587401574804
11
6.7575984251968499
21
-3.1525590551181102
0
LINE
8
BLACK
6
CONTINUOUS
10
6.7575984251968499
20
-3.1525590551181102
11
6.8077952755905509
21
-3.1525590551181102
0
LINE
8
BLACK
6
CONTINUOUS
10
6.8077952755905509
20
-3.1525590551181102
11
6.8093018897637796
21
-3.1528587401574804
0
LINE
8
BLACK
6
CONTINUOUS
10
6.5839081889763778
20
-3.127268188976378
11
6.5851854724409451
21
-3.1281216141732284
0
LINE
8
BLACK
6
CONTINUOUS
10
6.5851854724409451
20
-3.1281216141732284
11
6.5860388976377955
21
-3.1293988976377953
0
LINE
8
BLACK
6
CONTINUOUS
10
6.5860388976377955
20
-3.1293988976377953
11
6.5863385826771648
21
-3.1309055118110236
0
LINE
8
BLACK
6
CONTINUOUS
10
6.5863385826771648
20
-3.1309055118110236
11
6.5863385826771648
21
-3.1387795275590551
0
LINE
8
BLACK
6
CONTINUOUS
10
6.5863385826771648
20
-3.1387795275590551
11
6.5860388976377955
21
-3.1402861417322834
0
LINE
8
BLACK
6
CONTINUOUS
10
6.5860388976377955
20
-3.1402861417322834
11
6.5851854724409451
21
-3.1415634251968503
0
LINE
8
BLACK
6
CONTINUOUS
10
6.5851854724409451
20
-3.1415634251968503
11
6.5839081889763778
21
-3.1424168503937007
0
LINE
8
BLACK
6
CONTINUOUS
10
6.5839081889763778
20
-3.1424168503937007
11
6.582401574803149
21
-3.1427165354330708
0
LINE
8
BLACK
6
CONTINUOUS
10
6.582401574803149
20
-3.1427165354330708
11
6.532204724409449
21
-3.1427165354330708
0
LINE
8
BLACK
6
CONTINUOUS
10
6.532204724409449
20
-3.1427165354330708
11
6.5306981102362203
21
-3.1424168503937007
0
LINE
8
BLACK
6
CONTINUOUS
10
6.5306981102362203
20
-3.1424168503937007
11
6.5294208267716538
21
-3.1415634251968503
0
LINE
8
BLACK
6
CONTINUOUS
10
6.5294208267716538
20
-3.1415634251968503
11
6.5285674015748034
21
-3.1402861417322834
0
LINE
8
BLACK
6
CONTINUOUS
10
6.5285674015748034
20
-3.1402861417322834
11
6.5282677165354333
21
-3.1387795275590551
0
LINE
8
BLACK
6
CONTINUOUS
10
6.5282677165354333
20
-3.1387795275590551
11
6.5282677165354333
21
-3.1309055118110236
0
LINE
8
BLACK
6
CONTINUOUS
10
6.5282677165354333
20
-3.1309055118110236
11
6.5285674015748034
21
-3.1293988976377953
0
LINE
8
BLACK
6
CONTINUOUS
10
6.5285674015748034
20
-3.1293988976377953
11
6.5294208267716538
21
-3.1281216141732284
0
LINE
8
BLACK
6
CONTINUOUS
10
6.5294208267716538
20
-3.1281216141732284
11
6.5306981102362203
21
-3.127268188976378
0
LINE
8
BLACK
6
CONTINUOUS
10
6.5306981102362203
20
-3.127268188976378
11
6.532204724409449
21
-3.1269685039370079
0
LINE
8
BLACK
6
CONTINUOUS
10
6.532204724409449
20
-3.1269685039370079
11
6.582401574803149
21
-3.1269685039370079
0
LINE
8
BLACK
6
CONTINUOUS
10
6.582401574803149
20
-3.1269685039370079
11
6.5839081889763778
21
-3.127268188976378
0
LINE
8
BLACK
6
CONTINUOUS
10
6.8093018897637796
20
-3.127268188976378
11
6.8105791732283461
21
-3.1281216141732284
0
LINE
8
BLACK
6
CONTINUOUS
10
6.8105791732283461
20
-3.1281216141732284
11
6.8114325984251964
21
-3.1293988976377953
0
LINE
8
BLACK
6
CONTINUOUS
10
6.8114325984251964
20
-3.1293988976377953
11
6.8117322834645666
21
-3.1309055118110236
0
LINE
8
BLACK
6
CONTINUOUS
10
6.8117322834645666
20
-3.1309055118110236
11
6.8117322834645666
21
-3.1387795275590551
0
LINE
8
BLACK
6
CONTINUOUS
10
6.8117322834645666
20
-3.1387795275590551
11
6.8114325984251964
21
-3.1402861417322834
0
LINE
8
BLACK
6
CONTINUOUS
10
6.8114325984251964
20
-3.1402861417322834
11
6.8105791732283461
21
-3.1415634251968503
0
LINE
8
BLACK
6
CONTINUOUS
10
6.8105791732283461
20
-3.1415634251968503
11
6.8093018897637796
21
-3.1424168503937007
0
LINE
8
BLACK
6
CONTINUOUS
10
6.8093018897637796
20
-3.1424168503937007
11
6.8077952755905509
21
-3.1427165354330708
0
LINE
8
BLACK
6
CONTINUOUS
10
6.8077952755905509
20
-3.1427165354330708
11
6.7575984251968499
21
-3.1427165354330708
0
LINE
8
BLACK
6
CONTINUOUS
10
6.7575984251968499
20
-3.1427165354330708
11
6.7560918110236221
21
-3.1424168503937007
0
LINE
8
BLACK
6
CONTINUOUS
10
6.7560918110236221
20
-3.1424168503937007
11
6.7548145275590548
21
-3.1415634251968503
0
LINE
8
BLACK
6
CONTINUOUS
10
6.7548145275590548
20
-3.1415634251968503
11
6.7539611023622044
21
-3.1402861417322834
0
LINE
8
BLACK
6
CONTINUOUS
10
6.7539611023622044
20
-3.1402861417322834
11
6.7536614173228342
21
-3.1387795275590551
0
LINE
8
BLACK
6
CONTINUOUS
10
6.7536614173228342
20
-3.1387795275590551
11
6.7536614173228342
21
-3.1309055118110236
0
LINE
8
BLACK
6
CONTINUOUS
10
6.7536614173228342
20
-3.1309055118110236
11
6.7539611023622044
21
-3.1293988976377953
0
LINE
8
BLACK
6
CONTINUOUS
10
6.7539611023622044
20
-3.1293988976377953
11
6.7548145275590548
21
-3.1281216141732284
0
LINE
8
BLACK
6
CONTINUOUS
10
6.7548145275590548
20
-3.1281216141732284
11
6.7560918110236221
21
-3.127268188976378
0
LINE
8
BLACK
6
CONTINUOUS
10
6.7560918110236221
20
-3.127268188976378
11
6.7575984251968499
21
-3.1269685039370079
0
LINE
8
BLACK
6
CONTINUOUS
10
6.7575984251968499
20
-3.1269685039370079
11
6.8077952755905509
21
-3.1269685039370079
0
LINE
8
BLACK
6
CONTINUOUS
10
6.8077952755905509
20
-3.1269685039370079
11
6.8093018897637796
21
-3.127268188976378
0
LINE
8
BLACK
6
CONTINUOUS
10
7.0098636614173229
20
-3.0818985826771654
11
7.0124181496062992
21
-3.083605472440945
0
LINE
8
BLACK
6
CONTINUOUS
10
7.0124181496062992
20
-3.083605472440945
11
7.0141250393700787
21
-3.0861599606299213
0
LINE
8
BLACK
6
CONTINUOUS
10
7.0141250393700787
20
-3.0861599606299213
11
7.014724409448819
21
-3.0891732283464566
0
LINE
8
BLACK
6
CONTINUOUS
10
7.014724409448819
20
-3.0891732283464566
11
7.014724409448819
21
-3.1108267716535432
0
LINE
8
BLACK
6
CONTINUOUS
10
7.014724409448819
20
-3.1108267716535432
11
7.0141250393700787
21
-3.1138400393700785
0
LINE
8
BLACK
6
CONTINUOUS
10
7.0141250393700787
20
-3.1138400393700785
11
7.0124181496062992
21
-3.1163945275590552
0
LINE
8
BLACK
6
CONTINUOUS
10
7.0124181496062992
20
-3.1163945275590552
11
7.0098636614173229
21
-3.1181014173228347
0
LINE
8
BLACK
6
CONTINUOUS
10
7.0098636614173229
20
-3.1181014173228347
11
7.0068503937007875
21
-3.1187007874015746
0
LINE
8
BLACK
6
CONTINUOUS
10
7.0068503937007875
20
-3.1187007874015746
11
6.9911023622047246
21
-3.1187007874015746
0
LINE
8
BLACK
6
CONTINUOUS
10
6.9911023622047246
20
-3.1187007874015746
11
6.9880890944881884
21
-3.1181014173228347
0
LINE
8
BLACK
6
CONTINUOUS
10
6.9880890944881884
20
-3.1181014173228347
11
6.9855346062992121
21
-3.1163945275590552
0
LINE
8
BLACK
6
CONTINUOUS
10
6.9855346062992121
20
-3.1163945275590552
11
6.9838277165354326
21
-3.1138400393700785
0
LINE
8
BLACK
6
CONTINUOUS
10
6.9838277165354326
20
-3.1138400393700785
11
6.9832283464566931
21
-3.1108267716535432
0
LINE
8
BLACK
6
CONTINUOUS
10
6.9832283464566931
20
-3.1108267716535432
11
6.9832283464566931
21
-3.0891732283464566
0
LINE
8
BLACK
6
CONTINUOUS
10
6.9832283464566931
20
-3.0891732283464566
11
6.9838277165354326
21
-3.0861599606299213
0
LINE
8
BLACK
6
CONTINUOUS
10
6.9838277165354326
20
-3.0861599606299213
11
6.9855346062992121
21
-3.083605472440945
0
LINE
8
BLACK
6
CONTINUOUS
10
6.9855346062992121
20
-3.083605472440945
11
6.9880890944881884
21
-3.0818985826771654
0
LINE
8
BLACK
6
CONTINUOUS
10
6.9880890944881884
20
-3.0818985826771654
11
6.9911023622047246
21
-3.0812992125984251
0
LINE
8
BLACK
6
CONTINUOUS
10
6.9911023622047246
20
-3.0812992125984251
11
7.0068503937007875
21
-3.0812992125984251
0
LINE
8
BLACK
6
CONTINUOUS
10
7.0068503937007875
20
-3.0812992125984251
11
7.0098636614173229
21
-3.0818985826771654
0
LINE
8
BLACK
6
CONTINUOUS
10
7.0748242913385821
20
-3.0818985826771654
11
7.0773787795275585
21
-3.083605472440945
0
LINE
8
BLACK
6
CONTINUOUS
10
7.0773787795275585
20
-3.083605472440945
11
7.079085669291338
21
-3.0861599606299213
0
LINE
8
BLACK
6
CONTINUOUS
10
7.079085669291338
20
-3.0861599606299213
11
7.0796850393700783
21
-3.0891732283464566
0
LINE
8
BLACK
6
CONTINUOUS
10
7.0796850393700783
20
-3.0891732283464566
11
7.0796850393700783
21
-3.1108267716535432
0
LINE
8
BLACK
6
CONTINUOUS
10
7.0796850393700783
20
-3.1108267716535432
11
7.079085669291338
21
-3.1138400393700785
0
LINE
8
BLACK
6
CONTINUOUS
10
7.079085669291338
20
-3.1138400393700785
11
7.0773787795275585
21
-3.1163945275590552
0
LINE
8
BLACK
6
CONTINUOUS
10
7.0773787795275585
20
-3.1163945275590552
11
7.0748242913385821
21
-3.1181014173228347
0
LINE
8
BLACK
6
CONTINUOUS
10
7.0748242913385821
20
-3.1181014173228347
11
7.0718110236220468
21
-3.1187007874015746
0
LINE
8
BLACK
6
CONTINUOUS
10
7.0718110236220468
20
-3.1187007874015746
11
7.0560629921259839
21
-3.1187007874015746
0
LINE
8
BLACK
6
CONTINUOUS
10
7.0560629921259839
20
-3.1187007874015746
11
7.0530497244094486
21
-3.1181014173228347
0
LINE
8
BLACK
6
CONTINUOUS
10
7.0530497244094486
20
-3.1181014173228347
11
7.0504952362204723
21
-3.1163945275590552
0
LINE
8
BLACK
6
CONTINUOUS
10
7.0504952362204723
20
-3.1163945275590552
11
7.0487883464566927
21
-3.1138400393700785
0
LINE
8
BLACK
6
CONTINUOUS
10
7.0487883464566927
20
-3.1138400393700785
11
7.0481889763779524
21
-3.1108267716535432
0
LINE
8
BLACK
6
CONTINUOUS
10
7.0481889763779524
20
-3.1108267716535432
11
7.0481889763779524
21
-3.0891732283464566
0
LINE
8
BLACK
6
CONTINUOUS
10
7.0481889763779524
20
-3.0891732283464566
11
7.0487883464566927
21
-3.0861599606299213
0
LINE
8
BLACK
6
CONTINUOUS
10
7.0487883464566927
20
-3.0861599606299213
11
7.0504952362204723
21
-3.083605472440945
0
LINE
8
BLACK
6
CONTINUOUS
10
7.0504952362204723
20
-3.083605472440945
11
7.0530497244094486
21
-3.0818985826771654
0
LINE
8
BLACK
6
CONTINUOUS
10
7.0530497244094486
20
-3.0818985826771654
11
7.0560629921259839
21
-3.0812992125984251
0
LINE
8
BLACK
6
CONTINUOUS
10
7.0560629921259839
20
-3.0812992125984251
11
7.0718110236220468
21
-3.0812992125984251
0
LINE
8
BLACK
6
CONTINUOUS
10
7.0718110236220468
20
-3.0812992125984251
11
7.0748242913385821
21
-3.0818985826771654
0
LINE
8
BLACK
6
CONTINUOUS
10
5.7670933464566927
20
-3.019016929133858
11
5.770286496062992
21
-3.0211505118110233
0
LINE
8
BLACK
6
CONTINUOUS
10
5.770286496062992
20
-3.0211505118110233
11
5.7724200787401569
21
-3.0243436614173227
0
LINE
8
BLACK
6
CONTINUOUS
10
5.7724200787401569
20
-3.0243436614173227
11
5.7731692913385828
21
-3.0281102362204724
0
LINE
8
BLACK
6
CONTINUOUS
10
5.7731692913385828
20
-3.0281102362204724
11
5.7731692913385828
21
-3.1068503937007872
0
LINE
8
BLACK
6
CONTINUOUS
10
5.7731692913385828
20
-3.1068503937007872
11
5.7724200787401569
21
-3.1106169685039369
0
LINE
8
BLACK
6
CONTINUOUS
10
5.7724200787401569
20
-3.1106169685039369
11
5.770286496062992
21
-3.1138101181102362
0
LINE
8
BLACK
6
CONTINUOUS
10
5.770286496062992
20
-3.1138101181102362
11
5.7670933464566927
21
-3.1159437007874016
0
LINE
8
BLACK
6
CONTINUOUS
10
5.7670933464566927
20
-3.1159437007874016
11
5.763326771653543
21
-3.1166929133858265
0
LINE
8
BLACK
6
CONTINUOUS
10
5.763326771653543
20
-3.1166929133858265
11
5.7121456692913384
21
-3.1166929133858265
0
LINE
8
BLACK
6
CONTINUOUS
10
5.7121456692913384
20
-3.1166929133858265
11
5.7083790944881887
21
-3.1159437007874016
0
LINE
8
BLACK
6
CONTINUOUS
10
5.7083790944881887
20
-3.1159437007874016
11
5.7051859448818893
21
-3.1138101181102362
0
LINE
8
BLACK
6
CONTINUOUS
10
5.7051859448818893
20
-3.1138101181102362
11
5.7030523622047244
21
-3.1106169685039369
0
LINE
8
BLACK
6
CONTINUOUS
10
5.7030523622047244
20
-3.1106169685039369
11
5.7023031496062995
21
-3.1068503937007872
0
LINE
8
BLACK
6
CONTINUOUS
10
5.7023031496062995
20
-3.1068503937007872
11
5.7023031496062995
21
-3.0281102362204724
0
LINE
8
BLACK
6
CONTINUOUS
10
5.7023031496062995
20
-3.0281102362204724
11
5.7030523622047244
21
-3.0243436614173227
0
LINE
8
BLACK
6
CONTINUOUS
10
5.7030523622047244
20
-3.0243436614173227
11
5.7051859448818893
21
-3.0211505118110233
0
LINE
8
BLACK
6
CONTINUOUS
10
5.7051859448818893
20
-3.0211505118110233
11
5.7083790944881887
21
-3.019016929133858
0
LINE
8
BLACK
6
CONTINUOUS
10
5.7083790944881887
20
-3.019016929133858
11
5.7121456692913384
21
-3.018267716535433
0
LINE
8
BLACK
6
CONTINUOUS
10
5.7121456692913384
20
-3.018267716535433
11
5.763326771653543
21
-3.018267716535433
0
LINE
8
BLACK
6
CONTINUOUS
10
5.763326771653543
20
-3.018267716535433
11
5.7670933464566927
21
-3.019016929133858
0
LINE
8
BLACK
6
CONTINUOUS
10
7.3285985433070868
20
-3.0634416535433071
11
7.3305144094488188
21
-3.0647218110236221
0
LINE
8
BLACK
6
CONTINUOUS
10
7.3305144094488188
20
-3.0647218110236221
11
7.3317945669291333
21
-3.0666376771653541
0
LINE
8
BLACK
6
CONTINUOUS
10
7.3317945669291333
20
-3.0666376771653541
11
7.332244094488189
21
-3.0688976377952755
0
LINE
8
BLACK
6
CONTINUOUS
10
7.332244094488189
20
-3.0688976377952755
11
7.332244094488189
21
-3.0807086614173227
0
LINE
8
BLACK
6
CONTINUOUS
10
7.332244094488189
20
-3.0807086614173227
11
7.3317945669291333
21
-3.0829686220472441
0
LINE
8
BLACK
6
CONTINUOUS
10
7.3317945669291333
20
-3.0829686220472441
11
7.3305144094488188
21
-3.0848844881889761
0
LINE
8
BLACK
6
CONTINUOUS
10
7.3305144094488188
20
-3.0848844881889761
11
7.3285985433070868
21
-3.0861646456692911
0
LINE
8
BLACK
6
CONTINUOUS
10
7.3285985433070868
20
-3.0861646456692911
11
7.326338582677165
21
-3.0866141732283463
0
LINE
8
BLACK
6
CONTINUOUS
10
7.326338582677165
20
-3.0866141732283463
11
7.2800787401574798
21
-3.0866141732283463
0
LINE
8
BLACK
6
CONTINUOUS
10
7.2800787401574798
20
-3.0866141732283463
11
7.2778187795275588
21
-3.0861646456692911
0
LINE
8
BLACK
6
CONTINUOUS
10
7.2778187795275588
20
-3.0861646456692911
11
7.2759029133858268
21
-3.0848844881889761
0
LINE
8
BLACK
6
CONTINUOUS
10
7.2759029133858268
20
-3.0848844881889761
11
7.2746227559055114
21
-3.0829686220472441
0
LINE
8
BLACK
6
CONTINUOUS
10
7.2746227559055114
20
-3.0829686220472441
11
7.2741732283464566
21
-3.0807086614173227
0
LINE
8
BLACK
6
CONTINUOUS
10
7.2741732283464566
20
-3.0807086614173227
11
7.2741732283464566
21
-3.0688976377952755
0
LINE
8
BLACK
6
CONTINUOUS
10
7.2741732283464566
20
-3.0688976377952755
11
7.2746227559055114
21
-3.0666376771653541
0
LINE
8
BLACK
6
CONTINUOUS
10
7.2746227559055114
20
-3.0666376771653541
11
7.2759029133858268
21
-3.0647218110236221
0
LINE
8
BLACK
6
CONTINUOUS
10
7.2759029133858268
20
-3.0647218110236221
11
7.2778187795275588
21
-3.0634416535433071
0
LINE
8
BLACK
6
CONTINUOUS
10
7.2778187795275588
20
-3.0634416535433071
11
7.2800787401574798
21
-3.0629921259842519
0
LINE
8
BLACK
6
CONTINUOUS
10
7.2800787401574798
20
-3.0629921259842519
11
7.326338582677165
21
-3.0629921259842519
0
LINE
8
BLACK
6
CONTINUOUS
10
7.326338582677165
20
-3.0629921259842519
11
7.3285985433070868
21
-3.0634416535433071
0
LINE
8
BLACK
6
CONTINUOUS
10
7.403229803149606
20
-3.0522529133858267
11
7.4057842913385823
21
-3.0539598031496062
0
LINE
8
BLACK
6
CONTINUOUS
10
7.4057842913385823
20
-3.0539598031496062
11
7.4074911811023618
21
-3.0565142913385825
0
LINE
8
BLACK
6
CONTINUOUS
10
7.4074911811023618
20
-3.0565142913385825
11
7.4080905511811022
21
-3.0595275590551179
0
LINE
8
BLACK
6
CONTINUOUS
10
7.4080905511811022
20
-3.0595275590551179
11
7.4080905511811022
21
-3.0752755905511808
0
LINE
8
BLACK
6
CONTINUOUS
10
7.4080905511811022
20
-3.0752755905511808
11
7.4074911811023618
21
-3.0782888582677166
0
LINE
8
BLACK
6
CONTINUOUS
10
7.4074911811023618
20
-3.0782888582677166
11
7.4057842913385823
21
-3.0808433464566929
0
LINE
8
BLACK
6
CONTINUOUS
10
7.4057842913385823
20
-3.0808433464566929
11
7.403229803149606
21
-3.0825502362204724
0
LINE
8
BLACK
6
CONTINUOUS
10
7.403229803149606
20
-3.0825502362204724
11
7.4002165354330707
21
-3.0831496062992123
0
LINE
8
BLACK
6
CONTINUOUS
10
7.4002165354330707
20
-3.0831496062992123
11
7.3785629921259837
21
-3.0831496062992123
0
LINE
8
BLACK
6
CONTINUOUS
10
7.3785629921259837
20
-3.0831496062992123
11
7.3755497244094483
21
-3.0825502362204724
0
LINE
8
BLACK
6
CONTINUOUS
10
7.3755497244094483
20
-3.0825502362204724
11
7.372995236220472
21
-3.0808433464566929
0
LINE
8
BLACK
6
CONTINUOUS
10
7.372995236220472
20
-3.0808433464566929
11
7.3712883464566925
21
-3.0782888582677166
0
LINE
8
BLACK
6
CONTINUOUS
10
7.3712883464566925
20
-3.0782888582677166
11
7.3706889763779522
21
-3.0752755905511808
0
LINE
8
BLACK
6
CONTINUOUS
10
7.3706889763779522
20
-3.0752755905511808
11
7.3706889763779522
21
-3.0595275590551179
0
LINE
8
BLACK
6
CONTINUOUS
10
7.3706889763779522
20
-3.0595275590551179
11
7.3712883464566925
21
-3.0565142913385825
0
LINE
8
BLACK
6
CONTINUOUS
10
7.3712883464566925
20
-3.0565142913385825
11
7.372995236220472
21
-3.0539598031496062
0
LINE
8
BLACK
6
CONTINUOUS
10
7.372995236220472
20
-3.0539598031496062
11
7.3755497244094483
21
-3.0522529133858267
0
LINE
8
BLACK
6
CONTINUOUS
10
7.3755497244094483
20
-3.0522529133858267
11
7.3785629921259837
21
-3.0516535433070864
0
LINE
8
BLACK
6
CONTINUOUS
10
7.3785629921259837
20
-3.0516535433070864
11
7.4002165354330707
21
-3.0516535433070864
0
LINE
8
BLACK
6
CONTINUOUS
10
7.4002165354330707
20
-3.0516535433070864
11
7.403229803149606
21
-3.0522529133858267
0
LINE
8
BLACK
6
CONTINUOUS
10
7.0098636614173229
20
-3.0230796850393702
11
7.0124181496062992
21
-3.0247865748031497
0
LINE
8
BLACK
6
CONTINUOUS
10
7.0124181496062992
20
-3.0247865748031497
11
7.0141250393700787
21
-3.027341062992126
0
LINE
8
BLACK
6
CONTINUOUS
10
7.0141250393700787
20
-3.027341062992126
11
7.014724409448819
21
-3.0303543307086613
0
LINE
8
BLACK
6
CONTINUOUS
10
7.014724409448819
20
-3.0303543307086613
11
7.014724409448819
21
-3.0520078740157479
0
LINE
8
BLACK
6
CONTINUOUS
10
7.014724409448819
20
-3.0520078740157479
11
7.0141250393700787
21
-3.0550211417322832
0
LINE
8
BLACK
6
CONTINUOUS
10
7.0141250393700787
20
-3.0550211417322832
11
7.0124181496062992
21
-3.05757562992126
0
LINE
8
BLACK
6
CONTINUOUS
10
7.0124181496062992
20
-3.05757562992126
11
7.0098636614173229
21
-3.0592825196850395
0
LINE
8
BLACK
6
CONTINUOUS
10
7.0098636614173229
20
-3.0592825196850395
11
7.0068503937007875
21
-3.0598818897637794
0
LINE
8
BLACK
6
CONTINUOUS
10
7.0068503937007875
20
-3.0598818897637794
11
6.9911023622047246
21
-3.0598818897637794
0
LINE
8
BLACK
6
CONTINUOUS
10
6.9911023622047246
20
-3.0598818897637794
11
6.9880890944881884
21
-3.0592825196850395
0
LINE
8
BLACK
6
CONTINUOUS
10
6.9880890944881884
20
-3.0592825196850395
11
6.9855346062992121
21
-3.05757562992126
0
LINE
8
BLACK
6
CONTINUOUS
10
6.9855346062992121
20
-3.05757562992126
11
6.9838277165354326
21
-3.0550211417322832
0
LINE
8
BLACK
6
CONTINUOUS
10
6.9838277165354326
20
-3.0550211417322832
11
6.9832283464566931
21
-3.0520078740157479
0
LINE
8
BLACK
6
CONTINUOUS
10
6.9832283464566931
20
-3.0520078740157479
11
6.9832283464566931
21
-3.0303543307086613
0
LINE
8
BLACK
6
CONTINUOUS
10
6.9832283464566931
20
-3.0303543307086613
11
6.9838277165354326
21
-3.027341062992126
0
LINE
8
BLACK
6
CONTINUOUS
10
6.9838277165354326
20
-3.027341062992126
11
6.9855346062992121
21
-3.0247865748031497
0
LINE
8
BLACK
6
CONTINUOUS
10
6.9855346062992121
20
-3.0247865748031497
11
6.9880890944881884
21
-3.0230796850393702
0
LINE
8
BLACK
6
CONTINUOUS
10
6.9880890944881884
20
-3.0230796850393702
11
6.9911023622047246
21
-3.0224803149606299
0
LINE
8
BLACK
6
CONTINUOUS
10
6.9911023622047246
20
-3.0224803149606299
11
7.0068503937007875
21
-3.0224803149606299
0
LINE
8
BLACK
6
CONTINUOUS
10
7.0068503937007875
20
-3.0224803149606299
11
7.0098636614173229
21
-3.0230796850393702
0
LINE
8
BLACK
6
CONTINUOUS
10
7.0748242913385821
20
-3.0230796850393702
11
7.0773787795275585
21
-3.0247865748031497
0
LINE
8
BLACK
6
CONTINUOUS
10
7.0773787795275585
20
-3.0247865748031497
11
7.079085669291338
21
-3.027341062992126
0
LINE
8
BLACK
6
CONTINUOUS
10
7.079085669291338
20
-3.027341062992126
11
7.0796850393700783
21
-3.0303543307086613
0
LINE
8
BLACK
6
CONTINUOUS
10
7.0796850393700783
20
-3.0303543307086613
11
7.0796850393700783
21
-3.0520078740157479
0
LINE
8
BLACK
6
CONTINUOUS
10
7.0796850393700783
20
-3.0520078740157479
11
7.079085669291338
21
-3.0550211417322832
0
LINE
8
BLACK
6
CONTINUOUS
10
7.079085669291338
20
-3.0550211417322832
11
7.0773787795275585
21
-3.05757562992126
0
LINE
8
BLACK
6
CONTINUOUS
10
7.0773787795275585
20
-3.05757562992126
11
7.0748242913385821
21
-3.0592825196850395
0
LINE
8
BLACK
6
CONTINUOUS
10
7.0748242913385821
20
-3.0592825196850395
11
7.0718110236220468
21
-3.0598818897637794
0
LINE
8
BLACK
6
CONTINUOUS
10
7.0718110236220468
20
-3.0598818897637794
11
7.0560629921259839
21
-3.0598818897637794
0
LINE
8
BLACK
6
CONTINUOUS
10
7.0560629921259839
20
-3.0598818897637794
11
7.0530497244094486
21
-3.0592825196850395
0
LINE
8
BLACK
6
CONTINUOUS
10
7.0530497244094486
20
-3.0592825196850395
11
7.0504952362204723
21
-3.05757562992126
0
LINE
8
BLACK
6
CONTINUOUS
10
7.0504952362204723
20
-3.05757562992126
11
7.0487883464566927
21
-3.0550211417322832
0
LINE
8
BLACK
6
CONTINUOUS
10
7.0487883464566927
20
-3.0550211417322832
11
7.0481889763779524
21
-3.0520078740157479
0
LINE
8
BLACK
6
CONTINUOUS
10
7.0481889763779524
20
-3.0520078740157479
11
7.0481889763779524
21
-3.0303543307086613
0
LINE
8
BLACK
6
CONTINUOUS
10
7.0481889763779524
20
-3.0303543307086613
11
7.0487883464566927
21
-3.027341062992126
0
LINE
8
BLACK
6
CONTINUOUS
10
7.0487883464566927
20
-3.027341062992126
11
7.0504952362204723
21
-3.0247865748031497
0
LINE
8
BLACK
6
CONTINUOUS
10
7.0504952362204723
20
-3.0247865748031497
11
7.0530497244094486
21
-3.0230796850393702
0
LINE
8
BLACK
6
CONTINUOUS
10
7.0530497244094486
20
-3.0230796850393702
11
7.0560629921259839
21
-3.0224803149606299
0
LINE
8
BLACK
6
CONTINUOUS
10
7.0560629921259839
20
-3.0224803149606299
11
7.0718110236220468
21
-3.0224803149606299
0
LINE
8
BLACK
6
CONTINUOUS
10
7.0718110236220468
20
-3.0224803149606299
11
7.0748242913385821
21
-3.0230796850393702
0
LINE
8
BLACK
6
CONTINUOUS
10
6.0117140551181105
20
-3.0144970078740156
11
6.0142685433070868
21
-3.0162038976377952
0
LINE
8
BLACK
6
CONTINUOUS
10
6.0142685433070868
20
-3.0162038976377952
11
6.0159754330708664
21
-3.0187583858267715
0
LINE
8
BLACK
6
CONTINUOUS
10
6.0159754330708664
20
-3.0187583858267715
11
6.0165748031496058
21
-3.0217716535433072
0
LINE
8
BLACK
6
CONTINUOUS
10
6.0165748031496058
20
-3.0217716535433072
11
6.0165748031496058
21
-3.0434251968503938
0
LINE
8
BLACK
6
CONTINUOUS
10
6.0165748031496058
20
-3.0434251968503938
11
6.0159754330708664
21
-3.0464384645669291
0
LINE
8
BLACK
6
CONTINUOUS
10
6.0159754330708664
20
-3.0464384645669291
11
6.0142685433070868
21
-3.0489929527559054
0
LINE
8
BLACK
6
CONTINUOUS
10
6.0142685433070868
20
-3.0489929527559054
11
6.0117140551181105
21
-3.050699842519685
0
LINE
8
BLACK
6
CONTINUOUS
10
6.0117140551181105
20
-3.050699842519685
11
6.0087007874015743
21
-3.0512992125984253
0
LINE
8
BLACK
6
CONTINUOUS
10
6.0087007874015743
20
-3.0512992125984253
11
5.9929527559055114
21
-3.0512992125984253
0
LINE
8
BLACK
6
CONTINUOUS
10
5.9929527559055114
20
-3.0512992125984253
11
5.989939488188976
21
-3.050699842519685
0
LINE
8
BLACK
6
CONTINUOUS
10
5.989939488188976
20
-3.050699842519685
11
5.9873849999999997
21
-3.0489929527559054
0
LINE
8
BLACK
6
CONTINUOUS
10
5.9873849999999997
20
-3.0489929527559054
11
5.9856781102362202
21
-3.0464384645669291
0
LINE
8
BLACK
6
CONTINUOUS
10
5.9856781102362202
20
-3.0464384645669291
11
5.9850787401574799
21
-3.0434251968503938
0
LINE
8
BLACK
6
CONTINUOUS
10
5.9850787401574799
20
-3.0434251968503938
11
5.9850787401574799
21
-3.0217716535433072
0
LINE
8
BLACK
6
CONTINUOUS
10
5.9850787401574799
20
-3.0217716535433072
11
5.9856781102362202
21
-3.0187583858267715
0
LINE
8
BLACK
6
CONTINUOUS
10
5.9856781102362202
20
-3.0187583858267715
11
5.9873849999999997
21
-3.0162038976377952
0
LINE
8
BLACK
6
CONTINUOUS
10
5.9873849999999997
20
-3.0162038976377952
11
5.989939488188976
21
-3.0144970078740156
0
LINE
8
BLACK
6
CONTINUOUS
10
5.989939488188976
20
-3.0144970078740156
11
5.9929527559055114
21
-3.0138976377952753
0
LINE
8
BLACK
6
CONTINUOUS
10
5.9929527559055114
20
-3.0138976377952753
11
6.0087007874015743
21
-3.0138976377952753
0
LINE
8
BLACK
6
CONTINUOUS
10
6.0087007874015743
20
-3.0138976377952753
11
6.0117140551181105
21
-3.0144970078740156
0
LINE
8
BLACK
6
CONTINUOUS
10
6.0766746850393698
20
-3.0144970078740156
11
6.0792291732283461
21
-3.0162038976377952
0
LINE
8
BLACK
6
CONTINUOUS
10
6.0792291732283461
20
-3.0162038976377952
11
6.0809360629921256
21
-3.0187583858267715
0
LINE
8
BLACK
6
CONTINUOUS
10
6.0809360629921256
20
-3.0187583858267715
11
6.081535433070866
21
-3.0217716535433072
0
LINE
8
BLACK
6
CONTINUOUS
10
6.081535433070866
20
-3.0217716535433072
11
6.081535433070866
21
-3.0434251968503938
0
LINE
8
BLACK
6
CONTINUOUS
10
6.081535433070866
20
-3.0434251968503938
11
6.0809360629921256
21
-3.0464384645669291
0
LINE
8
BLACK
6
CONTINUOUS
10
6.0809360629921256
20
-3.0464384645669291
11
6.0792291732283461
21
-3.0489929527559054
0
LINE
8
BLACK
6
CONTINUOUS
10
6.0792291732283461
20
-3.0489929527559054
11
6.0766746850393698
21
-3.050699842519685
0
LINE
8
BLACK
6
CONTINUOUS
10
6.0766746850393698
20
-3.050699842519685
11
6.0736614173228345
21
-3.0512992125984253
0
LINE
8
BLACK
6
CONTINUOUS
10
6.0736614173228345
20
-3.0512992125984253
11
6.0579133858267715
21
-3.0512992125984253
0
LINE
8
BLACK
6
CONTINUOUS
10
6.0579133858267715
20
-3.0512992125984253
11
6.0549001181102362
21
-3.050699842519685
0
LINE
8
BLACK
6
CONTINUOUS
10
6.0549001181102362
20
-3.050699842519685
11
6.0523456299212599
21
-3.0489929527559054
0
LINE
8
BLACK
6
CONTINUOUS
10
6.0523456299212599
20
-3.0489929527559054
11
6.0506387401574804
21
-3.0464384645669291
0
LINE
8
BLACK
6
CONTINUOUS
10
6.0506387401574804
20
-3.0464384645669291
11
6.05003937007874
21
-3.0434251968503938
0
LINE
8
BLACK
6
CONTINUOUS
10
6.05003937007874
20
-3.0434251968503938
11
6.05003937007874
21
-3.0217716535433072
0
LINE
8
BLACK
6
CONTINUOUS
10
6.05003937007874
20
-3.0217716535433072
11
6.0506387401574804
21
-3.0187583858267715
0
LINE
8
BLACK
6
CONTINUOUS
10
6.0506387401574804
20
-3.0187583858267715
11
6.0523456299212599
21
-3.0162038976377952
0
LINE
8
BLACK
6
CONTINUOUS
10
6.0523456299212599
20
-3.0162038976377952
11
6.0549001181102362
21
-3.0144970078740156
0
LINE
8
BLACK
6
CONTINUOUS
10
6.0549001181102362
20
-3.0144970078740156
11
6.0579133858267715
21
-3.0138976377952753
0
LINE
8
BLACK
6
CONTINUOUS
10
6.0579133858267715
20
-3.0138976377952753
11
6.0736614173228345
21
-3.0138976377952753
0
LINE
8
BLACK
6
CONTINUOUS
10
6.0736614173228345
20
-3.0138976377952753
11
6.0766746850393698
21
-3.0144970078740156
0
LINE
8
BLACK
6
CONTINUOUS
10
7.2547796456692915
20
-3.0260400787401576
11
7.2566955118110235
21
-3.0273202362204725
0
LINE
8
BLACK
6
CONTINUOUS
10
7.2566955118110235
20
-3.0273202362204725
11
7.2579756692913389
21
-3.0292361023622045
0
LINE
8
BLACK
6
CONTINUOUS
10
7.2579756692913389
20
-3.0292361023622045
11
7.2584251968503937
21
-3.0314960629921259
0
LINE
8
BLACK
6
CONTINUOUS
10
7.2584251968503937
20
-3.0314960629921259
11
7.2584251968503937
21
-3.0433070866141732
0
LINE
8
BLACK
6
CONTINUOUS
10
7.2584251968503937
20
-3.0433070866141732
11
7.2579756692913389
21
-3.0455670472440945
0
LINE
8
BLACK
6
CONTINUOUS
10
7.2579756692913389
20
-3.0455670472440945
11
7.2566955118110235
21
-3.0474829133858266
0
LINE
8
BLACK
6
CONTINUOUS
10
7.2566955118110235
20
-3.0474829133858266
11
7.2547796456692915
21
-3.0487630708661415
0
LINE
8
BLACK
6
CONTINUOUS
10
7.2547796456692915
20
-3.0487630708661415
11
7.2525196850393696
21
-3.0492125984251968
0
LINE
8
BLACK
6
CONTINUOUS
10
7.2525196850393696
20
-3.0492125984251968
11
7.2062598425196844
21
-3.0492125984251968
0
LINE
8
BLACK
6
CONTINUOUS
10
7.2062598425196844
20
-3.0492125984251968
11
7.2039998818897635
21
-3.0487630708661415
0
LINE
8
BLACK
6
CONTINUOUS
10
7.2039998818897635
20
-3.0487630708661415
11
7.2020840157480315
21
-3.0474829133858266
0
LINE
8
BLACK
6
CONTINUOUS
10
7.2020840157480315
20
-3.0474829133858266
11
7.2008038582677161
21
-3.0455670472440945
0
LINE
8
BLACK
6
CONTINUOUS
10
7.2008038582677161
20
-3.0455670472440945
11
7.2003543307086613
21
-3.0433070866141732
0
LINE
8
BLACK
6
CONTINUOUS
10
7.2003543307086613
20
-3.0433070866141732
11
7.2003543307086613
21
-3.0314960629921259
0
LINE
8
BLACK
6
CONTINUOUS
10
7.2003543307086613
20
-3.0314960629921259
11
7.2008038582677161
21
-3.0292361023622045
0
LINE
8
BLACK
6
CONTINUOUS
10
7.2008038582677161
20
-3.0292361023622045
11
7.2020840157480315
21
-3.0273202362204725
0
LINE
8
BLACK
6
CONTINUOUS
10
7.2020840157480315
20
-3.0273202362204725
11
7.2039998818897635
21
-3.0260400787401576
0
LINE
8
BLACK
6
CONTINUOUS
10
7.2039998818897635
20
-3.0260400787401576
11
7.2062598425196844
21
-3.0255905511811023
0
LINE
8
BLACK
6
CONTINUOUS
10
7.2062598425196844
20
-3.0255905511811023
11
7.2525196850393696
21
-3.0255905511811023
0
LINE
8
BLACK
6
CONTINUOUS
10
7.2525196850393696
20
-3.0255905511811023
11
7.2547796456692915
21
-3.0260400787401576
0
LINE
8
BLACK
6
CONTINUOUS
10
5.9531261023622042
20
-3.0134416535433068
11
5.9550419685039371
21
-3.0147218110236218
0
LINE
8
BLACK
6
CONTINUOUS
10
5.9550419685039371
20
-3.0147218110236218
11
5.9563221259842516
21
-3.0166376771653542
0
LINE
8
BLACK
6
CONTINUOUS
10
5.9563221259842516
20
-3.0166376771653542
11
5.9567716535433073
21
-3.0188976377952756
0
LINE
8
BLACK
6
CONTINUOUS
10
5.9567716535433073
20
-3.0188976377952756
11
5.9567716535433073
21
-3.0307086614173229
0
LINE
8
BLACK
6
CONTINUOUS
10
5.9567716535433073
20
-3.0307086614173229
11
5.9563221259842516
21
-3.0329686220472438
0
LINE
8
BLACK
6
CONTINUOUS
10
5.9563221259842516
20
-3.0329686220472438
11
5.9550419685039371
21
-3.0348844881889763
0
LINE
8
BLACK
6
CONTINUOUS
10
5.9550419685039371
20
-3.0348844881889763
11
5.9531261023622042
21
-3.0361646456692912
0
LINE
8
BLACK
6
CONTINUOUS
10
5.9531261023622042
20
-3.0361646456692912
11
5.9508661417322832
21
-3.0366141732283465
0
LINE
8
BLACK
6
CONTINUOUS
10
5.9508661417322832
20
-3.0366141732283465
11
5.9046062992125981
21
-3.0366141732283465
0
LINE
8
BLACK
6
CONTINUOUS
10
5.9046062992125981
20
-3.0366141732283465
11
5.9023463385826771
21
-3.0361646456692912
0
LINE
8
BLACK
6
CONTINUOUS
10
5.9023463385826771
20
-3.0361646456692912
11
5.9004304724409451
21
-3.0348844881889763
0
LINE
8
BLACK
6
CONTINUOUS
10
5.9004304724409451
20
-3.0348844881889763
11
5.8991503149606297
21
-3.0329686220472438
0
LINE
8
BLACK
6
CONTINUOUS
10
5.8991503149606297
20
-3.0329686220472438
11
5.8987007874015749
21
-3.0307086614173229
0
LINE
8
BLACK
6
CONTINUOUS
10
5.8987007874015749
20
-3.0307086614173229
11
5.8987007874015749
21
-3.0188976377952756
0
LINE
8
BLACK
6
CONTINUOUS
10
5.8987007874015749
20
-3.0188976377952756
11
5.8991503149606297
21
-3.0166376771653542
0
LINE
8
BLACK
6
CONTINUOUS
10
5.8991503149606297
20
-3.0166376771653542
11
5.9004304724409451
21
-3.0147218110236218
0
LINE
8
BLACK
6
CONTINUOUS
10
5.9004304724409451
20
-3.0147218110236218
11
5.9023463385826771
21
-3.0134416535433068
0
LINE
8
BLACK
6
CONTINUOUS
10
5.9023463385826771
20
-3.0134416535433068
11
5.9046062992125981
21
-3.012992125984252
0
LINE
8
BLACK
6
CONTINUOUS
10
5.9046062992125981
20
-3.012992125984252
11
5.9508661417322832
21
-3.012992125984252
0
LINE
8
BLACK
6
CONTINUOUS
10
5.9508661417322832
20
-3.012992125984252
11
5.9531261023622042
21
-3.0134416535433068
0
LINE
8
BLACK
6
CONTINUOUS
10
6.3338400393700782
20
-3.00182968503937
11
6.3363945275590554
21
-3.0035365748031495
0
LINE
8
BLACK
6
CONTINUOUS
10
6.3363945275590554
20
-3.0035365748031495
11
6.3381014173228349
21
-3.0060910629921258
0
LINE
8
BLACK
6
CONTINUOUS
10
6.3381014173228349
20
-3.0060910629921258
11
6.3387007874015744
21
-3.0091043307086616
0
LINE
8
BLACK
6
CONTINUOUS
10
6.3387007874015744
20
-3.0091043307086616
11
6.3387007874015744
21
-3.0248523622047245
0
LINE
8
BLACK
6
CONTINUOUS
10
6.3387007874015744
20
-3.0248523622047245
11
6.3381014173228349
21
-3.0278656299212598
0
LINE
8
BLACK
6
CONTINUOUS
10
6.3381014173228349
20
-3.0278656299212598
11
6.3363945275590554
21
-3.0304201181102361
0
LINE
8
BLACK
6
CONTINUOUS
10
6.3363945275590554
20
-3.0304201181102361
11
6.3338400393700782
21
-3.0321270078740157
0
LINE
8
BLACK
6
CONTINUOUS
10
6.3338400393700782
20
-3.0321270078740157
11
6.3308267716535429
21
-3.032726377952756
0
LINE
8
BLACK
6
CONTINUOUS
10
6.3308267716535429
20
-3.032726377952756
11
6.3091732283464568
21
-3.032726377952756
0
LINE
8
BLACK
6
CONTINUOUS
10
6.3091732283464568
20
-3.032726377952756
11
6.3061599606299215
21
-3.0321270078740157
0
LINE
8
BLACK
6
CONTINUOUS
10
6.3061599606299215
20
-3.0321270078740157
11
6.3036054724409452
21
-3.0304201181102361
0
LINE
8
BLACK
6
CONTINUOUS
10
6.3036054724409452
20
-3.0304201181102361
11
6.3018985826771656
21
-3.0278656299212598
0
LINE
8
BLACK
6
CONTINUOUS
10
6.3018985826771656
20
-3.0278656299212598
11
6.3012992125984253
21
-3.0248523622047245
0
LINE
8
BLACK
6
CONTINUOUS
10
6.3012992125984253
20
-3.0248523622047245
11
6.3012992125984253
21
-3.0091043307086616
0
LINE
8
BLACK
6
CONTINUOUS
10
6.3012992125984253
20
-3.0091043307086616
11
6.3018985826771656
21
-3.0060910629921258
0
LINE
8
BLACK
6
CONTINUOUS
10
6.3018985826771656
20
-3.0060910629921258
11
6.3036054724409452
21
-3.0035365748031495
0
LINE
8
BLACK
6
CONTINUOUS
10
6.3036054724409452
20
-3.0035365748031495
11
6.3061599606299215
21
-3.00182968503937
0
LINE
8
BLACK
6
CONTINUOUS
10
6.3061599606299215
20
-3.00182968503937
11
6.3091732283464568
21
-3.0012303149606296
0
LINE
8
BLACK
6
CONTINUOUS
10
6.3091732283464568
20
-3.0012303149606296
11
6.3308267716535429
21
-3.0012303149606296
0
LINE
8
BLACK
6
CONTINUOUS
10
6.3308267716535429
20
-3.0012303149606296
11
6.3338400393700782
21
-3.00182968503937
0
LINE
8
BLACK
6
CONTINUOUS
10
6.253840039370079
20
-3.0006092125984249
11
6.2563945275590553
21
-3.0023161023622045
0
LINE
8
BLACK
6
CONTINUOUS
10
6.2563945275590553
20
-3.0023161023622045
11
6.2581014173228349
21
-3.0048705905511812
0
LINE
8
BLACK
6
CONTINUOUS
10
6.2581014173228349
20
-3.0048705905511812
11
6.2587007874015743
21
-3.0078838582677165
0
LINE
8
BLACK
6
CONTINUOUS
10
6.2587007874015743
20
-3.0078838582677165
11
6.2587007874015743
21
-3.0236318897637795
0
LINE
8
BLACK
6
CONTINUOUS
10
6.2587007874015743
20
-3.0236318897637795
11
6.2581014173228349
21
-3.0266451574803148
0
LINE
8
BLACK
6
CONTINUOUS
10
6.2581014173228349
20
-3.0266451574803148
11
6.2563945275590553
21
-3.0291996456692911
0
LINE
8
BLACK
6
CONTINUOUS
10
6.2563945275590553
20
-3.0291996456692911
11
6.253840039370079
21
-3.0309065354330706
0
LINE
8
BLACK
6
CONTINUOUS
10
6.253840039370079
20
-3.0309065354330706
11
6.2508267716535428
21
-3.031505905511811
0
LINE
8
BLACK
6
CONTINUOUS
10
6.2508267716535428
20
-3.031505905511811
11
6.2291732283464567
21
-3.031505905511811
0
LINE
8
BLACK
6
CONTINUOUS
10
6.2291732283464567
20
-3.031505905511811
11
6.2261599606299214
21
-3.0309065354330706
0
LINE
8
BLACK
6
CONTINUOUS
10
6.2261599606299214
20
-3.0309065354330706
11
6.2236054724409451
21
-3.0291996456692911
0
LINE
8
BLACK
6
CONTINUOUS
10
6.2236054724409451
20
-3.0291996456692911
11
6.2218985826771656
21
-3.0266451574803148
0
LINE
8
BLACK
6
CONTINUOUS
10
6.2218985826771656
20
-3.0266451574803148
11
6.2212992125984252
21
-3.0236318897637795
0
LINE
8
BLACK
6
CONTINUOUS
10
6.2212992125984252
20
-3.0236318897637795
11
6.2212992125984252
21
-3.0078838582677165
0
LINE
8
BLACK
6
CONTINUOUS
10
6.2212992125984252
20
-3.0078838582677165
11
6.2218985826771656
21
-3.0048705905511812
0
LINE
8
BLACK
6
CONTINUOUS
10
6.2218985826771656
20
-3.0048705905511812
11
6.2236054724409451
21
-3.0023161023622045
0
LINE
8
BLACK
6
CONTINUOUS
10
6.2236054724409451
20
-3.0023161023622045
11
6.2261599606299214
21
-3.0006092125984249
0
LINE
8
BLACK
6
CONTINUOUS
10
6.2261599606299214
20
-3.0006092125984249
11
6.2291732283464567
21
-3.0000098425196851
0
LINE
8
BLACK
6
CONTINUOUS
10
6.2291732283464567
20
-3.0000098425196851
11
6.2508267716535428
21
-3.0000098425196851
0
LINE
8
BLACK
6
CONTINUOUS
10
6.2508267716535428
20
-3.0000098425196851
11
6.253840039370079
21
-3.0006092125984249
0
LINE
8
BLACK
6
CONTINUOUS
10
7.403229803149606
20
-2.987292283464567
11
7.4057842913385823
21
-2.9889991732283465
0
LINE
8
BLACK
6
CONTINUOUS
10
7.4057842913385823
20
-2.9889991732283465
11
7.4074911811023618
21
-2.9915536614173228
0
LINE
8
BLACK
6
CONTINUOUS
10
7.4074911811023618
20
-2.9915536614173228
11
7.4080905511811022
21
-2.9945669291338581
0
LINE
8
BLACK
6
CONTINUOUS
10
7.4080905511811022
20
-2.9945669291338581
11
7.4080905511811022
21
-3.0103149606299211
0
LINE
8
BLACK
6
CONTINUOUS
10
7.4080905511811022
20
-3.0103149606299211
11
7.4074911811023618
21
-3.0133282283464564
0
LINE
8
BLACK
6
CONTINUOUS
10
7.4074911811023618
20
-3.0133282283464564
11
7.4057842913385823
21
-3.0158827165354332
0
LINE
8
BLACK
6
CONTINUOUS
10
7.4057842913385823
20
-3.0158827165354332
11
7.403229803149606
21
-3.0175896062992127
0
LINE
8
BLACK
6
CONTINUOUS
10
7.403229803149606
20
-3.0175896062992127
11
7.4002165354330707
21
-3.0181889763779526
0
LINE
8
BLACK
6
CONTINUOUS
10
7.4002165354330707
20
-3.0181889763779526
11
7.3785629921259837
21
-3.0181889763779526
0
LINE
8
BLACK
6
CONTINUOUS
10
7.3785629921259837
20
-3.0181889763779526
11
7.3755497244094483
21
-3.0175896062992127
0
LINE
8
BLACK
6
CONTINUOUS
10
7.3755497244094483
20
-3.0175896062992127
11
7.372995236220472
21
-3.0158827165354332
0
LINE
8
BLACK
6
CONTINUOUS
10
7.372995236220472
20
-3.0158827165354332
11
7.3712883464566925
21
-3.0133282283464564
0
LINE
8
BLACK
6
CONTINUOUS
10
7.3712883464566925
20
-3.0133282283464564
11
7.3706889763779522
21
-3.0103149606299211
0
LINE
8
BLACK
6
CONTINUOUS
10
7.3706889763779522
20
-3.0103149606299211
11
7.3706889763779522
21
-2.9945669291338581
0
LINE
8
BLACK
6
CONTINUOUS
10
7.3706889763779522
20
-2.9945669291338581
11
7.3712883464566925
21
-2.9915536614173228
0
LINE
8
BLACK
6
CONTINUOUS
10
7.3712883464566925
20
-2.9915536614173228
11
7.372995236220472
21
-2.9889991732283465
0
LINE
8
BLACK
6
CONTINUOUS
10
7.372995236220472
20
-2.9889991732283465
11
7.3755497244094483
21
-2.987292283464567
0
LINE
8
BLACK
6
CONTINUOUS
10
7.3755497244094483
20
-2.987292283464567
11
7.3785629921259837
21
-2.9866929133858267
0
LINE
8
BLACK
6
CONTINUOUS
10
7.3785629921259837
20
-2.9866929133858267
11
7.4002165354330707
21
-2.9866929133858267
0
LINE
8
BLACK
6
CONTINUOUS
10
7.4002165354330707
20
-2.9866929133858267
11
7.403229803149606
21
-2.987292283464567
0
LINE
8
BLACK
6
CONTINUOUS
10
7.3285985433070868
20
-2.9886385039370076
11
7.3305144094488188
21
-2.989918661417323
0
LINE
8
BLACK
6
CONTINUOUS
10
7.3305144094488188
20
-2.989918661417323
11
7.3317945669291333
21
-2.991834527559055
0
LINE
8
BLACK
6
CONTINUOUS
10
7.3317945669291333
20
-2.991834527559055
11
7.332244094488189
21
-2.9940944881889764
0
LINE
8
BLACK
6
CONTINUOUS
10
7.332244094488189
20
-2.9940944881889764
11
7.332244094488189
21
-3.0059055118110236
0
LINE
8
BLACK
6
CONTINUOUS
10
7.332244094488189
20
-3.0059055118110236
11
7.3317945669291333
21
-3.008165472440945
0
LINE
8
BLACK
6
CONTINUOUS
10
7.3317945669291333
20
-3.008165472440945
11
7.3305144094488188
21
-3.010081338582677
0
LINE
8
BLACK
6
CONTINUOUS
10
7.3305144094488188
20
-3.010081338582677
11
7.3285985433070868
21
-3.011361496062992
0
LINE
8
BLACK
6
CONTINUOUS
10
7.3285985433070868
20
-3.011361496062992
11
7.326338582677165
21
-3.0118110236220472
0
LINE
8
BLACK
6
CONTINUOUS
10
7.326338582677165
20
-3.0118110236220472
11
7.2800787401574798
21
-3.0118110236220472
0
LINE
8
BLACK
6
CONTINUOUS
10
7.2800787401574798
20
-3.0118110236220472
11
7.2778187795275588
21
-3.011361496062992
0
LINE
8
BLACK
6
CONTINUOUS
10
7.2778187795275588
20
-3.011361496062992
11
7.2759029133858268
21
-3.010081338582677
0
LINE
8
BLACK
6
CONTINUOUS
10
7.2759029133858268
20
-3.010081338582677
11
7.2746227559055114
21
-3.008165472440945
0
LINE
8
BLACK
6
CONTINUOUS
10
7.2746227559055114
20
-3.008165472440945
11
7.2741732283464566
21
-3.0059055118110236
0
LINE
8
BLACK
6
CONTINUOUS
10
7.2741732283464566
20
-3.0059055118110236
11
7.2741732283464566
21
-2.9940944881889764
0
LINE
8
BLACK
6
CONTINUOUS
10
7.2741732283464566
20
-2.9940944881889764
11
7.2746227559055114
21
-2.991834527559055
0
LINE
8
BLACK
6
CONTINUOUS
10
7.2746227559055114
20
-2.991834527559055
11
7.2759029133858268
21
-2.989918661417323
0
LINE
8
BLACK
6
CONTINUOUS
10
7.2759029133858268
20
-2.989918661417323
11
7.2778187795275588
21
-2.9886385039370076
0
LINE
8
BLACK
6
CONTINUOUS
10
7.2778187795275588
20
-2.9886385039370076
11
7.2800787401574798
21
-2.9881889763779528
0
LINE
8
BLACK
6
CONTINUOUS
10
7.2800787401574798
20
-2.9881889763779528
11
7.326338582677165
21
-2.9881889763779528
0
LINE
8
BLACK
6
CONTINUOUS
10
7.326338582677165
20
-2.9881889763779528
11
7.3285985433070868
21
-2.9886385039370076
0
LINE
8
BLACK
6
CONTINUOUS
10
5.8793072047244097
20
-2.9760400787401573
11
5.8812230708661417
21
-2.9773202362204723
0
LINE
8
BLACK
6
CONTINUOUS
10
5.8812230708661417
20
-2.9773202362204723
11
5.8825032283464562
21
-2.9792361023622047
0
LINE
8
BLACK
6
CONTINUOUS
10
5.8825032283464562
20
-2.9792361023622047
11
5.8829527559055119
21
-2.9814960629921261
0
LINE
8
BLACK
6
CONTINUOUS
10
5.8829527559055119
20
-2.9814960629921261
11
5.8829527559055119
21
-2.9933070866141733
0
LINE
8
BLACK
6
CONTINUOUS
10
5.8829527559055119
20
-2.9933070866141733
11
5.8825032283464562
21
-2.9955670472440943
0
LINE
8
BLACK
6
CONTINUOUS
10
5.8825032283464562
20
-2.9955670472440943
11
5.8812230708661417
21
-2.9974829133858267
0
LINE
8
BLACK
6
CONTINUOUS
10
5.8812230708661417
20
-2.9974829133858267
11
5.8793072047244097
21
-2.9987630708661417
0
LINE
8
BLACK
6
CONTINUOUS
10
5.8793072047244097
20
-2.9987630708661417
11
5.8770472440944879
21
-2.9992125984251969
0
LINE
8
BLACK
6
CONTINUOUS
10
5.8770472440944879
20
-2.9992125984251969
11
5.8307874015748027
21
-2.9992125984251969
0
LINE
8
BLACK
6
CONTINUOUS
10
5.8307874015748027
20
-2.9992125984251969
11
5.8285274409448817
21
-2.9987630708661417
0
LINE
8
BLACK
6
CONTINUOUS
10
5.8285274409448817
20
-2.9987630708661417
11
5.8266115748031497
21
-2.9974829133858267
0
LINE
8
BLACK
6
CONTINUOUS
10
5.8266115748031497
20
-2.9974829133858267
11
5.8253314173228343
21
-2.9955670472440943
0
LINE
8
BLACK
6
CONTINUOUS
10
5.8253314173228343
20
-2.9955670472440943
11
5.8248818897637795
21
-2.9933070866141733
0
LINE
8
BLACK
6
CONTINUOUS
10
5.8248818897637795
20
-2.9933070866141733
11
5.8248818897637795
21
-2.9814960629921261
0
LINE
8
BLACK
6
CONTINUOUS
10
5.8248818897637795
20
-2.9814960629921261
11
5.8253314173228343
21
-2.9792361023622047
0
LINE
8
BLACK
6
CONTINUOUS
10
5.8253314173228343
20
-2.9792361023622047
11
5.8266115748031497
21
-2.9773202362204723
0
LINE
8
BLACK
6
CONTINUOUS
10
5.8266115748031497
20
-2.9773202362204723
11
5.8285274409448817
21
-2.9760400787401573
0
LINE
8
BLACK
6
CONTINUOUS
10
5.8285274409448817
20
-2.9760400787401573
11
5.8307874015748027
21
-2.9755905511811025
0
LINE
8
BLACK
6
CONTINUOUS
10
5.8307874015748027
20
-2.9755905511811025
11
5.8770472440944879
21
-2.9755905511811025
0
LINE
8
BLACK
6
CONTINUOUS
10
5.8770472440944879
20
-2.9755905511811025
11
5.8793072047244097
21
-2.9760400787401573
0
LINE
8
BLACK
6
CONTINUOUS
10
6.0135811811023618
20
-2.9419547637795276
11
6.0163751968503938
21
-2.9438216535433068
0
LINE
8
BLACK
6
CONTINUOUS
10
6.0163751968503938
20
-2.9438216535433068
11
6.0182420866141735
21
-2.9466156692913383
0
LINE
8
BLACK
6
CONTINUOUS
10
6.0182420866141735
20
-2.9466156692913383
11
6.0188976377952752
21
-2.9499114173228347
0
LINE
8
BLACK
6
CONTINUOUS
10
6.0188976377952752
20
-2.9499114173228347
11
6.0188976377952752
21
-2.9700885826771652
0
LINE
8
BLACK
6
CONTINUOUS
10
6.0188976377952752
20
-2.9700885826771652
11
6.0182420866141735
21
-2.9733843307086611
0
LINE
8
BLACK
6
CONTINUOUS
10
6.0182420866141735
20
-2.9733843307086611
11
6.0163751968503938
21
-2.9761783464566927
0
LINE
8
BLACK
6
CONTINUOUS
10
6.0163751968503938
20
-2.9761783464566927
11
6.0135811811023618
21
-2.9780452362204723
0
LINE
8
BLACK
6
CONTINUOUS
10
6.0135811811023618
20
-2.9780452362204723
11
6.0102854330708659
21
-2.978700787401575
0
LINE
8
BLACK
6
CONTINUOUS
10
6.0102854330708659
20
-2.978700787401575
11
5.9930610236220474
21
-2.978700787401575
0
LINE
8
BLACK
6
CONTINUOUS
10
5.9930610236220474
20
-2.978700787401575
11
5.9897652755905506
21
-2.9780452362204723
0
LINE
8
BLACK
6
CONTINUOUS
10
5.9897652755905506
20
-2.9780452362204723
11
5.9869712598425195
21
-2.9761783464566927
0
LINE
8
BLACK
6
CONTINUOUS
10
5.9869712598425195
20
-2.9761783464566927
11
5.9851043700787399
21
-2.9733843307086611
0
LINE
8
BLACK
6
CONTINUOUS
10
5.9851043700787399
20
-2.9733843307086611
11
5.9844488188976372
21
-2.9700885826771652
0
LINE
8
BLACK
6
CONTINUOUS
10
5.9844488188976372
20
-2.9700885826771652
11
5.9844488188976372
21
-2.9499114173228347
0
LINE
8
BLACK
6
CONTINUOUS
10
5.9844488188976372
20
-2.9499114173228347
11
5.9851043700787399
21
-2.9466156692913383
0
LINE
8
BLACK
6
CONTINUOUS
10
5.9851043700787399
20
-2.9466156692913383
11
5.9869712598425195
21
-2.9438216535433068
0
LINE
8
BLACK
6
CONTINUOUS
10
5.9869712598425195
20
-2.9438216535433068
11
5.9897652755905506
21
-2.9419547637795276
0
LINE
8
BLACK
6
CONTINUOUS
10
5.9897652755905506
20
-2.9419547637795276
11
5.9930610236220474
21
-2.941299212598425
0
LINE
8
BLACK
6
CONTINUOUS
10
5.9930610236220474
20
-2.941299212598425
11
6.0102854330708659
21
-2.941299212598425
0
LINE
8
BLACK
6
CONTINUOUS
10
6.0102854330708659
20
-2.941299212598425
11
6.0135811811023618
21
-2.9419547637795276
0
LINE
8
BLACK
6
CONTINUOUS
10
6.07558905511811
20
-2.9419547637795276
11
6.0783830708661419
21
-2.9438216535433068
0
LINE
8
BLACK
6
CONTINUOUS
10
6.0783830708661419
20
-2.9438216535433068
11
6.0802499606299207
21
-2.9466156692913383
0
LINE
8
BLACK
6
CONTINUOUS
10
6.0802499606299207
20
-2.9466156692913383
11
6.0809055118110233
21
-2.9499114173228347
0
LINE
8
BLACK
6
CONTINUOUS
10
6.0809055118110233
20
-2.9499114173228347
11
6.0809055118110233
21
-2.9700885826771652
0
LINE
8
BLACK
6
CONTINUOUS
10
6.0809055118110233
20
-2.9700885826771652
11
6.0802499606299207
21
-2.9733843307086611
0
LINE
8
BLACK
6
CONTINUOUS
10
6.0802499606299207
20
-2.9733843307086611
11
6.0783830708661419
21
-2.9761783464566927
0
LINE
8
BLACK
6
CONTINUOUS
10
6.0783830708661419
20
-2.9761783464566927
11
6.07558905511811
21
-2.9780452362204723
0
LINE
8
BLACK
6
CONTINUOUS
10
6.07558905511811
20
-2.9780452362204723
11
6.0722933070866141
21
-2.978700787401575
0
LINE
8
BLACK
6
CONTINUOUS
10
6.0722933070866141
20
-2.978700787401575
11
6.0550688976377955
21
-2.978700787401575
0
LINE
8
BLACK
6
CONTINUOUS
10
6.0550688976377955
20
-2.978700787401575
11
6.0517731496062988
21
-2.9780452362204723
0
LINE
8
BLACK
6
CONTINUOUS
10
6.0517731496062988
20
-2.9780452362204723
11
6.0489791338582677
21
-2.9761783464566927
0
LINE
8
BLACK
6
CONTINUOUS
10
6.0489791338582677
20
-2.9761783464566927
11
6.047112244094488
21
-2.9733843307086611
0
LINE
8
BLACK
6
CONTINUOUS
10
6.047112244094488
20
-2.9733843307086611
11
6.0464566929133854
21
-2.9700885826771652
0
LINE
8
BLACK
6
CONTINUOUS
10
6.0464566929133854
20
-2.9700885826771652
11
6.0464566929133854
21
-2.9499114173228347
0
LINE
8
BLACK
6
CONTINUOUS
10
6.0464566929133854
20
-2.9499114173228347
11
6.047112244094488
21
-2.9466156692913383
0
LINE
8
BLACK
6
CONTINUOUS
10
6.047112244094488
20
-2.9466156692913383
11
6.0489791338582677
21
-2.9438216535433068
0
LINE
8
BLACK
6
CONTINUOUS
10
6.0489791338582677
20
-2.9438216535433068
11
6.0517731496062988
21
-2.9419547637795276
0
LINE
8
BLACK
6
CONTINUOUS
10
6.0517731496062988
20
-2.9419547637795276
11
6.0550688976377955
21
-2.941299212598425
0
LINE
8
BLACK
6
CONTINUOUS
10
6.0550688976377955
20
-2.941299212598425
11
6.0722933070866141
21
-2.941299212598425
0
LINE
8
BLACK
6
CONTINUOUS
10
6.0722933070866141
20
-2.941299212598425
11
6.07558905511811
21
-2.9419547637795276
0
LINE
8
BLACK
6
CONTINUOUS
10
6.3338400393700782
20
-2.9368690551181102
11
6.3363945275590554
21
-2.9385759448818898
0
LINE
8
BLACK
6
CONTINUOUS
10
6.3363945275590554
20
-2.9385759448818898
11
6.3381014173228349
21
-2.9411304330708661
0
LINE
8
BLACK
6
CONTINUOUS
10
6.3381014173228349
20
-2.9411304330708661
11
6.3387007874015744
21
-2.9441437007874014
0
LINE
8
BLACK
6
CONTINUOUS
10
6.3387007874015744
20
-2.9441437007874014
11
6.3387007874015744
21
-2.9598917322834644
0
LINE
8
BLACK
6
CONTINUOUS
10
6.3387007874015744
20
-2.9598917322834644
11
6.3381014173228349
21
-2.9629050000000001
0
LINE
8
BLACK
6
CONTINUOUS
10
6.3381014173228349
20
-2.9629050000000001
11
6.3363945275590554
21
-2.9654594881889764
0
LINE
8
BLACK
6
CONTINUOUS
10
6.3363945275590554
20
-2.9654594881889764
11
6.3338400393700782
21
-2.967166377952756
0
LINE
8
BLACK
6
CONTINUOUS
10
6.3338400393700782
20
-2.967166377952756
11
6.3308267716535429
21
-2.9677657480314958
0
LINE
8
BLACK
6
CONTINUOUS
10
6.3308267716535429
20
-2.9677657480314958
11
6.3091732283464568
21
-2.9677657480314958
0
LINE
8
BLACK
6
CONTINUOUS
10
6.3091732283464568
20
-2.9677657480314958
11
6.3061599606299215
21
-2.967166377952756
0
LINE
8
BLACK
6
CONTINUOUS
10
6.3061599606299215
20
-2.967166377952756
11
6.3036054724409452
21
-2.9654594881889764
0
LINE
8
BLACK
6
CONTINUOUS
10
6.3036054724409452
20
-2.9654594881889764
11
6.3018985826771656
21
-2.9629050000000001
0
LINE
8
BLACK
6
CONTINUOUS
10
6.3018985826771656
20
-2.9629050000000001
11
6.3012992125984253
21
-2.9598917322834644
0
LINE
8
BLACK
6
CONTINUOUS
10
6.3012992125984253
20
-2.9598917322834644
11
6.3012992125984253
21
-2.9441437007874014
0
LINE
8
BLACK
6
CONTINUOUS
10
6.3012992125984253
20
-2.9441437007874014
11
6.3018985826771656
21
-2.9411304330708661
0
LINE
8
BLACK
6
CONTINUOUS
10
6.3018985826771656
20
-2.9411304330708661
11
6.3036054724409452
21
-2.9385759448818898
0
LINE
8
BLACK
6
CONTINUOUS
10
6.3036054724409452
20
-2.9385759448818898
11
6.3061599606299215
21
-2.9368690551181102
0
LINE
8
BLACK
6
CONTINUOUS
10
6.3061599606299215
20
-2.9368690551181102
11
6.3091732283464568
21
-2.9362696850393699
0
LINE
8
BLACK
6
CONTINUOUS
10
6.3091732283464568
20
-2.9362696850393699
11
6.3308267716535429
21
-2.9362696850393699
0
LINE
8
BLACK
6
CONTINUOUS
10
6.3308267716535429
20
-2.9362696850393699
11
6.3338400393700782
21
-2.9368690551181102
0
LINE
8
BLACK
6
CONTINUOUS
10
6.253840039370079
20
-2.9356485826771652
11
6.2563945275590553
21
-2.9373554724409447
0
LINE
8
BLACK
6
CONTINUOUS
10
6.2563945275590553
20
-2.9373554724409447
11
6.2581014173228349
21
-2.939909960629921
0
LINE
8
BLACK
6
CONTINUOUS
10
6.2581014173228349
20
-2.939909960629921
11
6.2587007874015743
21
-2.9429232283464568
0
LINE
8
BLACK
6
CONTINUOUS
10
6.2587007874015743
20
-2.9429232283464568
11
6.2587007874015743
21
-2.9586712598425198
0
LINE
8
BLACK
6
CONTINUOUS
10
6.2587007874015743
20
-2.9586712598425198
11
6.2581014173228349
21
-2.9616845275590551
0
LINE
8
BLACK
6
CONTINUOUS
10
6.2581014173228349
20
-2.9616845275590551
11
6.2563945275590553
21
-2.9642390157480314
0
LINE
8
BLACK
6
CONTINUOUS
10
6.2563945275590553
20
-2.9642390157480314
11
6.253840039370079
21
-2.9659459055118109
0
LINE
8
BLACK
6
CONTINUOUS
10
6.253840039370079
20
-2.9659459055118109
11
6.2508267716535428
21
-2.9665452755905513
0
LINE
8
BLACK
6
CONTINUOUS
10
6.2508267716535428
20
-2.9665452755905513
11
6.2291732283464567
21
-2.9665452755905513
0
LINE
8
BLACK
6
CONTINUOUS
10
6.2291732283464567
20
-2.9665452755905513
11
6.2261599606299214
21
-2.9659459055118109
0
LINE
8
BLACK
6
CONTINUOUS
10
6.2261599606299214
20
-2.9659459055118109
11
6.2236054724409451
21
-2.9642390157480314
0
LINE
8
BLACK
6
CONTINUOUS
10
6.2236054724409451
20
-2.9642390157480314
11
6.2218985826771656
21
-2.9616845275590551
0
LINE
8
BLACK
6
CONTINUOUS
10
6.2218985826771656
20
-2.9616845275590551
11
6.2212992125984252
21
-2.9586712598425198
0
LINE
8
BLACK
6
CONTINUOUS
10
6.2212992125984252
20
-2.9586712598425198
11
6.2212992125984252
21
-2.9429232283464568
0
LINE
8
BLACK
6
CONTINUOUS
10
6.2212992125984252
20
-2.9429232283464568
11
6.2218985826771656
21
-2.939909960629921
0
LINE
8
BLACK
6
CONTINUOUS
10
6.2218985826771656
20
-2.939909960629921
11
6.2236054724409451
21
-2.9373554724409447
0
LINE
8
BLACK
6
CONTINUOUS
10
6.2236054724409451
20
-2.9373554724409447
11
6.2261599606299214
21
-2.9356485826771652
0
LINE
8
BLACK
6
CONTINUOUS
10
6.2261599606299214
20
-2.9356485826771652
11
6.2291732283464567
21
-2.9350492125984253
0
LINE
8
BLACK
6
CONTINUOUS
10
6.2291732283464567
20
-2.9350492125984253
11
6.2508267716535428
21
-2.9350492125984253
0
LINE
8
BLACK
6
CONTINUOUS
10
6.2508267716535428
20
-2.9350492125984253
11
6.253840039370079
21
-2.9356485826771652
0
LINE
8
BLACK
6
CONTINUOUS
10
5.9531261023622042
20
-2.9386385039370078
11
5.9550419685039371
21
-2.9399186614173227
0
LINE
8
BLACK
6
CONTINUOUS
10
5.9550419685039371
20
-2.9399186614173227
11
5.9563221259842516
21
-2.9418345275590552
0
LINE
8
BLACK
6
CONTINUOUS
10
5.9563221259842516
20
-2.9418345275590552
11
5.9567716535433073
21
-2.9440944881889761
0
LINE
8
BLACK
6
CONTINUOUS
10
5.9567716535433073
20
-2.9440944881889761
11
5.9567716535433073
21
-2.9559055118110233
0
LINE
8
BLACK
6
CONTINUOUS
10
5.9567716535433073
20
-2.9559055118110233
11
5.9563221259842516
21
-2.9581654724409447
0
LINE
8
BLACK
6
CONTINUOUS
10
5.9563221259842516
20
-2.9581654724409447
11
5.9550419685039371
21
-2.9600813385826772
0
LINE
8
BLACK
6
CONTINUOUS
10
5.9550419685039371
20
-2.9600813385826772
11
5.9531261023622042
21
-2.9613614960629921
0
LINE
8
BLACK
6
CONTINUOUS
10
5.9531261023622042
20
-2.9613614960629921
11
5.9508661417322832
21
-2.961811023622047
0
LINE
8
BLACK
6
CONTINUOUS
10
5.9508661417322832
20
-2.961811023622047
11
5.9046062992125981
21
-2.961811023622047
0
LINE
8
BLACK
6
CONTINUOUS
10
5.9046062992125981
20
-2.961811023622047
11
5.9023463385826771
21
-2.9613614960629921
0
LINE
8
BLACK
6
CONTINUOUS
10
5.9023463385826771
20
-2.9613614960629921
11
5.9004304724409451
21
-2.9600813385826772
0
LINE
8
BLACK
6
CONTINUOUS
10
5.9004304724409451
20
-2.9600813385826772
11
5.8991503149606297
21
-2.9581654724409447
0
LINE
8
BLACK
6
CONTINUOUS
10
5.8991503149606297
20
-2.9581654724409447
11
5.8987007874015749
21
-2.9559055118110233
0
LINE
8
BLACK
6
CONTINUOUS
10
5.8987007874015749
20
-2.9559055118110233
11
5.8987007874015749
21
-2.9440944881889761
0
LINE
8
BLACK
6
CONTINUOUS
10
5.8987007874015749
20
-2.9440944881889761
11
5.8991503149606297
21
-2.9418345275590552
0
LINE
8
BLACK
6
CONTINUOUS
10
5.8991503149606297
20
-2.9418345275590552
11
5.9004304724409451
21
-2.9399186614173227
0
LINE
8
BLACK
6
CONTINUOUS
10
5.9004304724409451
20
-2.9399186614173227
11
5.9023463385826771
21
-2.9386385039370078
0
LINE
8
BLACK
6
CONTINUOUS
10
5.9023463385826771
20
-2.9386385039370078
11
5.9046062992125981
21
-2.9381889763779525
0
LINE
8
BLACK
6
CONTINUOUS
10
5.9046062992125981
20
-2.9381889763779525
11
5.9508661417322832
21
-2.9381889763779525
0
LINE
8
BLACK
6
CONTINUOUS
10
5.9508661417322832
20
-2.9381889763779525
11
5.9531261023622042
21
-2.9386385039370078
0
LINE
8
BLACK
6
CONTINUOUS
10
5.7670933464566927
20
-2.8615366141732284
11
5.770286496062992
21
-2.8636701968503937
0
LINE
8
BLACK
6
CONTINUOUS
10
5.770286496062992
20
-2.8636701968503937
11
5.7724200787401569
21
-2.8668633464566931
0
LINE
8
BLACK
6
CONTINUOUS
10
5.7724200787401569
20
-2.8668633464566931
11
5.7731692913385828
21
-2.8706299212598423
0
LINE
8
BLACK
6
CONTINUOUS
10
5.7731692913385828
20
-2.8706299212598423
11
5.7731692913385828
21
-2.9493700787401576
0
LINE
8
BLACK
6
CONTINUOUS
10
5.7731692913385828
20
-2.9493700787401576
11
5.7724200787401569
21
-2.9531366535433072
0
LINE
8
BLACK
6
CONTINUOUS
10
5.7724200787401569
20
-2.9531366535433072
11
5.770286496062992
21
-2.9563298031496061
0
LINE
8
BLACK
6
CONTINUOUS
10
5.770286496062992
20
-2.9563298031496061
11
5.7670933464566927
21
-2.9584633858267715
0
LINE
8
BLACK
6
CONTINUOUS
10
5.7670933464566927
20
-2.9584633858267715
11
5.763326771653543
21
-2.9592125984251969
0
LINE
8
BLACK
6
CONTINUOUS
10
5.763326771653543
20
-2.9592125984251969
11
5.7121456692913384
21
-2.9592125984251969
0
LINE
8
BLACK
6
CONTINUOUS
10
5.7121456692913384
20
-2.9592125984251969
11
5.7083790944881887
21
-2.9584633858267715
0
LINE
8
BLACK
6
CONTINUOUS
10
5.7083790944881887
20
-2.9584633858267715
11
5.7051859448818893
21
-2.9563298031496061
0
LINE
8
BLACK
6
CONTINUOUS
10
5.7051859448818893
20
-2.9563298031496061
11
5.7030523622047244
21
-2.9531366535433072
0
LINE
8
BLACK
6
CONTINUOUS
10
5.7030523622047244
20
-2.9531366535433072
11
5.7023031496062995
21
-2.9493700787401576
0
LINE
8
BLACK
6
CONTINUOUS
10
5.7023031496062995
20
-2.9493700787401576
11
5.7023031496062995
21
-2.8706299212598423
0
LINE
8
BLACK
6
CONTINUOUS
10
5.7023031496062995
20
-2.8706299212598423
11
5.7030523622047244
21
-2.8668633464566931
0
LINE
8
BLACK
6
CONTINUOUS
10
5.7030523622047244
20
-2.8668633464566931
11
5.7051859448818893
21
-2.8636701968503937
0
LINE
8
BLACK
6
CONTINUOUS
10
5.7051859448818893
20
-2.8636701968503937
11
5.7083790944881887
21
-2.8615366141732284
0
LINE
8
BLACK
6
CONTINUOUS
10
5.7083790944881887
20
-2.8615366141732284
11
5.7121456692913384
21
-2.8607874015748029
0
LINE
8
BLACK
6
CONTINUOUS
10
5.7121456692913384
20
-2.8607874015748029
11
5.763326771653543
21
-2.8607874015748029
0
LINE
8
BLACK
6
CONTINUOUS
10
5.763326771653543
20
-2.8607874015748029
11
5.7670933464566927
21
-2.8615366141732284
0
LINE
8
BLACK
6
CONTINUOUS
10
6.2616350000000001
20
-2.8723348031496063
11
6.2647483070866139
21
-2.8744150787401574
0
LINE
8
BLACK
6
CONTINUOUS
10
6.2647483070866139
20
-2.8744150787401574
11
6.2668285826771655
21
-2.8775283858267717
0
LINE
8
BLACK
6
CONTINUOUS
10
6.2668285826771655
20
-2.8775283858267717
11
6.2675590551181104
21
-2.8812007874015748
0
LINE
8
BLACK
6
CONTINUOUS
10
6.2675590551181104
20
-2.8812007874015748
11
6.2675590551181104
21
-2.9003937007874017
0
LINE
8
BLACK
6
CONTINUOUS
10
6.2675590551181104
20
-2.9003937007874017
11
6.2668285826771655
21
-2.9040661023622047
0
LINE
8
BLACK
6
CONTINUOUS
10
6.2668285826771655
20
-2.9040661023622047
11
6.2647483070866139
21
-2.907179409448819
0
LINE
8
BLACK
6
CONTINUOUS
10
6.2647483070866139
20
-2.907179409448819
11
6.2616350000000001
21
-2.9092596850393702
0
LINE
8
BLACK
6
CONTINUOUS
10
6.2616350000000001
20
-2.9092596850393702
11
6.2579625984251965
21
-2.9099901574803151
0
LINE
8
BLACK
6
CONTINUOUS
10
6.2579625984251965
20
-2.9099901574803151
11
6.222037401574803
21
-2.9099901574803151
0
LINE
8
BLACK
6
CONTINUOUS
10
6.222037401574803
20
-2.9099901574803151
11
6.2183649999999995
21
-2.9092596850393702
0
LINE
8
BLACK
6
CONTINUOUS
10
6.2183649999999995
20
-2.9092596850393702
11
6.2152516929133856
21
-2.907179409448819
0
LINE
8
BLACK
6
CONTINUOUS
10
6.2152516929133856
20
-2.907179409448819
11
6.2131714173228341
21
-2.9040661023622047
0
LINE
8
BLACK
6
CONTINUOUS
10
6.2131714173228341
20
-2.9040661023622047
11
6.21244094488189
21
-2.9003937007874017
0
LINE
8
BLACK
6
CONTINUOUS
10
6.21244094488189
20
-2.9003937007874017
11
6.21244094488189
21
-2.8812007874015748
0
LINE
8
BLACK
6
CONTINUOUS
10
6.21244094488189
20
-2.8812007874015748
11
6.2131714173228341
21
-2.8775283858267717
0
LINE
8
BLACK
6
CONTINUOUS
10
6.2131714173228341
20
-2.8775283858267717
11
6.2152516929133856
21
-2.8744150787401574
0
LINE
8
BLACK
6
CONTINUOUS
10
6.2152516929133856
20
-2.8744150787401574
11
6.2183649999999995
21
-2.8723348031496063
0
LINE
8
BLACK
6
CONTINUOUS
10
6.2183649999999995
20
-2.8723348031496063
11
6.222037401574803
21
-2.8716043307086614
0
LINE
8
BLACK
6
CONTINUOUS
10
6.222037401574803
20
-2.8716043307086614
11
6.2579625984251965
21
-2.8716043307086614
0
LINE
8
BLACK
6
CONTINUOUS
10
6.2579625984251965
20
-2.8716043307086614
11
6.2616350000000001
21
-2.8723348031496063
0
LINE
8
BLACK
6
CONTINUOUS
10
6.333384330708661
20
-2.8714134251968502
11
6.336178346456693
21
-2.8732803149606299
0
LINE
8
BLACK
6
CONTINUOUS
10
6.336178346456693
20
-2.8732803149606299
11
6.3380452362204727
21
-2.8760743307086614
0
LINE
8
BLACK
6
CONTINUOUS
10
6.3380452362204727
20
-2.8760743307086614
11
6.3387007874015744
21
-2.8793700787401573
0
LINE
8
BLACK
6
CONTINUOUS
10
6.3387007874015744
20
-2.8793700787401573
11
6.3387007874015744
21
-2.8965944881889762
0
LINE
8
BLACK
6
CONTINUOUS
10
6.3387007874015744
20
-2.8965944881889762
11
6.3380452362204727
21
-2.8998902362204726
0
LINE
8
BLACK
6
CONTINUOUS
10
6.3380452362204727
20
-2.8998902362204726
11
6.336178346456693
21
-2.9026842519685037
0
LINE
8
BLACK
6
CONTINUOUS
10
6.336178346456693
20
-2.9026842519685037
11
6.333384330708661
21
-2.9045511417322833
0
LINE
8
BLACK
6
CONTINUOUS
10
6.333384330708661
20
-2.9045511417322833
11
6.3300885826771651
21
-2.905206692913386
0
LINE
8
BLACK
6
CONTINUOUS
10
6.3300885826771651
20
-2.905206692913386
11
6.3099114173228346
21
-2.905206692913386
0
LINE
8
BLACK
6
CONTINUOUS
10
6.3099114173228346
20
-2.905206692913386
11
6.3066156692913387
21
-2.9045511417322833
0
LINE
8
BLACK
6
CONTINUOUS
10
6.3066156692913387
20
-2.9045511417322833
11
6.3038216535433067
21
-2.9026842519685037
0
LINE
8
BLACK
6
CONTINUOUS
10
6.3038216535433067
20
-2.9026842519685037
11
6.301954763779527
21
-2.8998902362204726
0
LINE
8
BLACK
6
CONTINUOUS
10
6.301954763779527
20
-2.8998902362204726
11
6.3012992125984253
21
-2.8965944881889762
0
LINE
8
BLACK
6
CONTINUOUS
10
6.3012992125984253
20
-2.8965944881889762
11
6.3012992125984253
21
-2.8793700787401573
0
LINE
8
BLACK
6
CONTINUOUS
10
6.3012992125984253
20
-2.8793700787401573
11
6.301954763779527
21
-2.8760743307086614
0
LINE
8
BLACK
6
CONTINUOUS
10
6.301954763779527
20
-2.8760743307086614
11
6.3038216535433067
21
-2.8732803149606299
0
LINE
8
BLACK
6
CONTINUOUS
10
6.3038216535433067
20
-2.8732803149606299
11
6.3066156692913387
21
-2.8714134251968502
0
LINE
8
BLACK
6
CONTINUOUS
10
6.3066156692913387
20
-2.8714134251968502
11
6.3099114173228346
21
-2.870757874015748
0
LINE
8
BLACK
6
CONTINUOUS
10
6.3099114173228346
20
-2.870757874015748
11
6.3300885826771651
21
-2.870757874015748
0
LINE
8
BLACK
6
CONTINUOUS
10
6.3300885826771651
20
-2.870757874015748
11
6.333384330708661
21
-2.8714134251968502
0
LINE
8
BLACK
6
CONTINUOUS
10
7.4038400393700785
20
-2.814851338582677
11
7.4063945275590548
21
-2.8165582283464565
0
LINE
8
BLACK
6
CONTINUOUS
10
7.4063945275590548
20
-2.8165582283464565
11
7.4081014173228343
21
-2.8191127165354328
0
LINE
8
BLACK
6
CONTINUOUS
10
7.4081014173228343
20
-2.8191127165354328
11
7.4087007874015747
21
-2.8221259842519686
0
LINE
8
BLACK
6
CONTINUOUS
10
7.4087007874015747
20
-2.8221259842519686
11
7.4087007874015747
21
-2.8378740157480316
0
LINE
8
BLACK
6
CONTINUOUS
10
7.4087007874015747
20
-2.8378740157480316
11
7.4081014173228343
21
-2.8408872834645669
0
LINE
8
BLACK
6
CONTINUOUS
10
7.4081014173228343
20
-2.8408872834645669
11
7.4063945275590548
21
-2.8434417716535432
0
LINE
8
BLACK
6
CONTINUOUS
10
7.4063945275590548
20
-2.8434417716535432
11
7.4038400393700785
21
-2.8451486614173227
0
LINE
8
BLACK
6
CONTINUOUS
10
7.4038400393700785
20
-2.8451486614173227
11
7.4008267716535432
21
-2.845748031496063
0
LINE
8
BLACK
6
CONTINUOUS
10
7.4008267716535432
20
-2.845748031496063
11
7.3791732283464562
21
-2.845748031496063
0
LINE
8
BLACK
6
CONTINUOUS
10
7.3791732283464562
20
-2.845748031496063
11
7.3761599606299209
21
-2.8451486614173227
0
LINE
8
BLACK
6
CONTINUOUS
10
7.3761599606299209
20
-2.8451486614173227
11
7.3736054724409446
21
-2.8434417716535432
0
LINE
8
BLACK
6
CONTINUOUS
10
7.3736054724409446
20
-2.8434417716535432
11
7.371898582677165
21
-2.8408872834645669
0
LINE
8
BLACK
6
CONTINUOUS
10
7.371898582677165
20
-2.8408872834645669
11
7.3712992125984247
21
-2.8378740157480316
0
LINE
8
BLACK
6
CONTINUOUS
10
7.3712992125984247
20
-2.8378740157480316
11
7.3712992125984247
21
-2.8221259842519686
0
LINE
8
BLACK
6
CONTINUOUS
10
7.3712992125984247
20
-2.8221259842519686
11
7.371898582677165
21
-2.8191127165354328
0
LINE
8
BLACK
6
CONTINUOUS
10
7.371898582677165
20
-2.8191127165354328
11
7.3736054724409446
21
-2.8165582283464565
0
LINE
8
BLACK
6
CONTINUOUS
10
7.3736054724409446
20
-2.8165582283464565
11
7.3761599606299209
21
-2.814851338582677
0
LINE
8
BLACK
6
CONTINUOUS
10
7.3761599606299209
20
-2.814851338582677
11
7.3791732283464562
21
-2.8142519685039371
0
LINE
8
BLACK
6
CONTINUOUS
10
7.3791732283464562
20
-2.8142519685039371
11
7.4008267716535432
21
-2.8142519685039371
0
LINE
8
BLACK
6
CONTINUOUS
10
7.4008267716535432
20
-2.8142519685039371
11
7.4038400393700785
21
-2.814851338582677
0
LINE
8
BLACK
6
CONTINUOUS
10
7.3292087795275584
20
-2.821473149606299
11
7.3311246456692913
21
-2.822753307086614
0
LINE
8
BLACK
6
CONTINUOUS
10
7.3311246456692913
20
-2.822753307086614
11
7.3324048031496059
21
-2.8246691732283464
0
LINE
8
BLACK
6
CONTINUOUS
10
7.3324048031496059
20
-2.8246691732283464
11
7.3328543307086615
21
-2.8269291338582678
0
LINE
8
BLACK
6
CONTINUOUS
10
7.3328543307086615
20
-2.8269291338582678
11
7.3328543307086615
21
-2.8387401574803151
0
LINE
8
BLACK
6
CONTINUOUS
10
7.3328543307086615
20
-2.8387401574803151
11
7.3324048031496059
21
-2.841000118110236
0
LINE
8
BLACK
6
CONTINUOUS
10
7.3324048031496059
20
-2.841000118110236
11
7.3311246456692913
21
-2.8429159842519685
0
LINE
8
BLACK
6
CONTINUOUS
10
7.3311246456692913
20
-2.8429159842519685
11
7.3292087795275584
21
-2.8441961417322834
0
LINE
8
BLACK
6
CONTINUOUS
10
7.3292087795275584
20
-2.8441961417322834
11
7.3269488188976375
21
-2.8446456692913387
0
LINE
8
BLACK
6
CONTINUOUS
10
7.3269488188976375
20
-2.8446456692913387
11
7.2806889763779523
21
-2.8446456692913387
0
LINE
8
BLACK
6
CONTINUOUS
10
7.2806889763779523
20
-2.8446456692913387
11
7.2784290157480314
21
-2.8441961417322834
0
LINE
8
BLACK
6
CONTINUOUS
10
7.2784290157480314
20
-2.8441961417322834
11
7.2765131496062994
21
-2.8429159842519685
0
LINE
8
BLACK
6
CONTINUOUS
10
7.2765131496062994
20
-2.8429159842519685
11
7.275232992125984
21
-2.841000118110236
0
LINE
8
BLACK
6
CONTINUOUS
10
7.275232992125984
20
-2.841000118110236
11
7.2747834645669291
21
-2.8387401574803151
0
LINE
8
BLACK
6
CONTINUOUS
10
7.2747834645669291
20
-2.8387401574803151
11
7.2747834645669291
21
-2.8269291338582678
0
LINE
8
BLACK
6
CONTINUOUS
10
7.2747834645669291
20
-2.8269291338582678
11
7.275232992125984
21
-2.8246691732283464
0
LINE
8
BLACK
6
CONTINUOUS
10
7.275232992125984
20
-2.8246691732283464
11
7.2765131496062994
21
-2.822753307086614
0
LINE
8
BLACK
6
CONTINUOUS
10
7.2765131496062994
20
-2.822753307086614
11
7.2784290157480314
21
-2.821473149606299
0
LINE
8
BLACK
6
CONTINUOUS
10
7.2784290157480314
20
-2.821473149606299
11
7.2806889763779523
21
-2.8210236220472442
0
LINE
8
BLACK
6
CONTINUOUS
10
7.2806889763779523
20
-2.8210236220472442
11
7.3269488188976375
21
-2.8210236220472442
0
LINE
8
BLACK
6
CONTINUOUS
10
7.3269488188976375
20
-2.8210236220472442
11
7.3292087795275584
21
-2.821473149606299
0
LINE
8
BLACK
6
CONTINUOUS
10
6.333384330708661
20
-2.8094055511811025
11
6.336178346456693
21
-2.8112724409448817
0
LINE
8
BLACK
6
CONTINUOUS
10
6.336178346456693
20
-2.8112724409448817
11
6.3380452362204727
21
-2.8140664566929132
0
LINE
8
BLACK
6
CONTINUOUS
10
6.3380452362204727
20
-2.8140664566929132
11
6.3387007874015744
21
-2.8173622047244096
0
LINE
8
BLACK
6
CONTINUOUS
10
6.3387007874015744
20
-2.8173622047244096
11
6.3387007874015744
21
-2.8345866141732281
0
LINE
8
BLACK
6
CONTINUOUS
10
6.3387007874015744
20
-2.8345866141732281
11
6.3380452362204727
21
-2.8378823622047245
0
LINE
8
BLACK
6
CONTINUOUS
10
6.3380452362204727
20
-2.8378823622047245
11
6.336178346456693
21
-2.840676377952756
0
LINE
8
BLACK
6
CONTINUOUS
10
6.336178346456693
20
-2.840676377952756
11
6.333384330708661
21
-2.8425432677165352
0
LINE
8
BLACK
6
CONTINUOUS
10
6.333384330708661
20
-2.8425432677165352
11
6.3300885826771651
21
-2.8431988188976378
0
LINE
8
BLACK
6
CONTINUOUS
10
6.3300885826771651
20
-2.8431988188976378
11
6.3099114173228346
21
-2.8431988188976378
0
LINE
8
BLACK
6
CONTINUOUS
10
6.3099114173228346
20
-2.8431988188976378
11
6.3066156692913387
21
-2.8425432677165352
0
LINE
8
BLACK
6
CONTINUOUS
10
6.3066156692913387
20
-2.8425432677165352
11
6.3038216535433067
21
-2.840676377952756
0
LINE
8
BLACK
6
CONTINUOUS
10
6.3038216535433067
20
-2.840676377952756
11
6.301954763779527
21
-2.8378823622047245
0
LINE
8
BLACK
6
CONTINUOUS
10
6.301954763779527
20
-2.8378823622047245
11
6.3012992125984253
21
-2.8345866141732281
0
LINE
8
BLACK
6
CONTINUOUS
10
6.3012992125984253
20
-2.8345866141732281
11
6.3012992125984253
21
-2.8173622047244096
0
LINE
8
BLACK
6
CONTINUOUS
10
6.3012992125984253
20
-2.8173622047244096
11
6.301954763779527
21
-2.8140664566929132
0
LINE
8
BLACK
6
CONTINUOUS
10
6.301954763779527
20
-2.8140664566929132
11
6.3038216535433067
21
-2.8112724409448817
0
LINE
8
BLACK
6
CONTINUOUS
10
6.3038216535433067
20
-2.8112724409448817
11
6.3066156692913387
21
-2.8094055511811025
0
LINE
8
BLACK
6
CONTINUOUS
10
6.3066156692913387
20
-2.8094055511811025
11
6.3099114173228346
21
-2.8087499999999999
0
LINE
8
BLACK
6
CONTINUOUS
10
6.3099114173228346
20
-2.8087499999999999
11
6.3300885826771651
21
-2.8087499999999999
0
LINE
8
BLACK
6
CONTINUOUS
10
6.3300885826771651
20
-2.8087499999999999
11
6.333384330708661
21
-2.8094055511811025
0
LINE
8
BLACK
6
CONTINUOUS
10
6.2616350000000001
20
-2.798515905511811
11
6.2647483070866139
21
-2.8005961811023621
0
LINE
8
BLACK
6
CONTINUOUS
10
6.2647483070866139
20
-2.8005961811023621
11
6.2668285826771655
21
-2.8037094881889764
0
LINE
8
BLACK
6
CONTINUOUS
10
6.2668285826771655
20
-2.8037094881889764
11
6.2675590551181104
21
-2.8073818897637794
0
LINE
8
BLACK
6
CONTINUOUS
10
6.2675590551181104
20
-2.8073818897637794
11
6.2675590551181104
21
-2.8265748031496063
0
LINE
8
BLACK
6
CONTINUOUS
10
6.2675590551181104
20
-2.8265748031496063
11
6.2668285826771655
21
-2.8302472047244094
0
LINE
8
BLACK
6
CONTINUOUS
10
6.2668285826771655
20
-2.8302472047244094
11
6.2647483070866139
21
-2.8333605118110237
0
LINE
8
BLACK
6
CONTINUOUS
10
6.2647483070866139
20
-2.8333605118110237
11
6.2616350000000001
21
-2.8354407874015748
0
LINE
8
BLACK
6
CONTINUOUS
10
6.2616350000000001
20
-2.8354407874015748
11
6.2579625984251965
21
-2.8361712598425197
0
LINE
8
BLACK
6
CONTINUOUS
10
6.2579625984251965
20
-2.8361712598425197
11
6.222037401574803
21
-2.8361712598425197
0
LINE
8
BLACK
6
CONTINUOUS
10
6.222037401574803
20
-2.8361712598425197
11
6.2183649999999995
21
-2.8354407874015748
0
LINE
8
BLACK
6
CONTINUOUS
10
6.2183649999999995
20
-2.8354407874015748
11
6.2152516929133856
21
-2.8333605118110237
0
LINE
8
BLACK
6
CONTINUOUS
10
6.2152516929133856
20
-2.8333605118110237
11
6.2131714173228341
21
-2.8302472047244094
0
LINE
8
BLACK
6
CONTINUOUS
10
6.2131714173228341
20
-2.8302472047244094
11
6.21244094488189
21
-2.8265748031496063
0
LINE
8
BLACK
6
CONTINUOUS
10
6.21244094488189
20
-2.8265748031496063
11
6.21244094488189
21
-2.8073818897637794
0
LINE
8
BLACK
6
CONTINUOUS
10
6.21244094488189
20
-2.8073818897637794
11
6.2131714173228341
21
-2.8037094881889764
0
LINE
8
BLACK
6
CONTINUOUS
10
6.2131714173228341
20
-2.8037094881889764
11
6.2152516929133856
21
-2.8005961811023621
0
LINE
8
BLACK
6
CONTINUOUS
10
6.2152516929133856
20
-2.8005961811023621
11
6.2183649999999995
21
-2.798515905511811
0
LINE
8
BLACK
6
CONTINUOUS
10
6.2183649999999995
20
-2.798515905511811
11
6.222037401574803
21
-2.797785433070866
0
LINE
8
BLACK
6
CONTINUOUS
10
6.222037401574803
20
-2.797785433070866
11
6.2579625984251965
21
-2.797785433070866
0
LINE
8
BLACK
6
CONTINUOUS
10
6.2579625984251965
20
-2.797785433070866
11
6.2616350000000001
21
-2.798515905511811
0
LINE
8
BLACK
6
CONTINUOUS
10
7.255389881889764
20
-2.7840715748031495
11
7.257305748031496
21
-2.7853517322834644
0
LINE
8
BLACK
6
CONTINUOUS
10
7.257305748031496
20
-2.7853517322834644
11
7.2585859055118105
21
-2.7872675984251969
0
LINE
8
BLACK
6
CONTINUOUS
10
7.2585859055118105
20
-2.7872675984251969
11
7.2590354330708662
21
-2.7895275590551178
0
LINE
8
BLACK
6
CONTINUOUS
10
7.2590354330708662
20
-2.7895275590551178
11
7.2590354330708662
21
-2.8013385826771655
0
LINE
8
BLACK
6
CONTINUOUS
10
7.2590354330708662
20
-2.8013385826771655
11
7.2585859055118105
21
-2.8035985433070865
0
LINE
8
BLACK
6
CONTINUOUS
10
7.2585859055118105
20
-2.8035985433070865
11
7.257305748031496
21
-2.8055144094488189
0
LINE
8
BLACK
6
CONTINUOUS
10
7.257305748031496
20
-2.8055144094488189
11
7.255389881889764
21
-2.8067945669291339
0
LINE
8
BLACK
6
CONTINUOUS
10
7.255389881889764
20
-2.8067945669291339
11
7.2531299212598421
21
-2.8072440944881891
0
LINE
8
BLACK
6
CONTINUOUS
10
7.2531299212598421
20
-2.8072440944881891
11
7.2068700787401569
21
-2.8072440944881891
0
LINE
8
BLACK
6
CONTINUOUS
10
7.2068700787401569
20
-2.8072440944881891
11
7.204610118110236
21
-2.8067945669291339
0
LINE
8
BLACK
6
CONTINUOUS
10
7.204610118110236
20
-2.8067945669291339
11
7.202694251968504
21
-2.8055144094488189
0
LINE
8
BLACK
6
CONTINUOUS
10
7.202694251968504
20
-2.8055144094488189
11
7.2014140944881886
21
-2.8035985433070865
0
LINE
8
BLACK
6
CONTINUOUS
10
7.2014140944881886
20
-2.8035985433070865
11
7.2009645669291338
21
-2.8013385826771655
0
LINE
8
BLACK
6
CONTINUOUS
10
7.2009645669291338
20
-2.8013385826771655
11
7.2009645669291338
21
-2.7895275590551178
0
LINE
8
BLACK
6
CONTINUOUS
10
7.2009645669291338
20
-2.7895275590551178
11
7.2014140944881886
21
-2.7872675984251969
0
LINE
8
BLACK
6
CONTINUOUS
10
7.2014140944881886
20
-2.7872675984251969
11
7.202694251968504
21
-2.7853517322834644
0
LINE
8
BLACK
6
CONTINUOUS
10
7.202694251968504
20
-2.7853517322834644
11
7.204610118110236
21
-2.7840715748031495
0
LINE
8
BLACK
6
CONTINUOUS
10
7.204610118110236
20
-2.7840715748031495
11
7.2068700787401569
21
-2.7836220472440942
0
LINE
8
BLACK
6
CONTINUOUS
10
7.2068700787401569
20
-2.7836220472440942
11
7.2531299212598421
21
-2.7836220472440942
0
LINE
8
BLACK
6
CONTINUOUS
10
7.2531299212598421
20
-2.7836220472440942
11
7.255389881889764
21
-2.7840715748031495
0
LINE
8
BLACK
6
CONTINUOUS
10
7.4038400393700785
20
-2.7498907086614173
11
7.4063945275590548
21
-2.7515975984251968
0
LINE
8
BLACK
6
CONTINUOUS
10
7.4063945275590548
20
-2.7515975984251968
11
7.4081014173228343
21
-2.7541520866141731
0
LINE
8
BLACK
6
CONTINUOUS
10
7.4081014173228343
20
-2.7541520866141731
11
7.4087007874015747
21
-2.7571653543307084
0
LINE
8
BLACK
6
CONTINUOUS
10
7.4087007874015747
20
-2.7571653543307084
11
7.4087007874015747
21
-2.7729133858267714
0
LINE
8
BLACK
6
CONTINUOUS
10
7.4087007874015747
20
-2.7729133858267714
11
7.4081014173228343
21
-2.7759266535433071
0
LINE
8
BLACK
6
CONTINUOUS
10
7.4081014173228343
20
-2.7759266535433071
11
7.4063945275590548
21
-2.7784811417322834
0
LINE
8
BLACK
6
CONTINUOUS
10
7.4063945275590548
20
-2.7784811417322834
11
7.4038400393700785
21
-2.780188031496063
0
LINE
8
BLACK
6
CONTINUOUS
10
7.4038400393700785
20
-2.780188031496063
11
7.4008267716535432
21
-2.7807874015748033
0
LINE
8
BLACK
6
CONTINUOUS
10
7.4008267716535432
20
-2.7807874015748033
11
7.3791732283464562
21
-2.7807874015748033
0
LINE
8
BLACK
6
CONTINUOUS
10
7.3791732283464562
20
-2.7807874015748033
11
7.3761599606299209
21
-2.780188031496063
0
LINE
8
BLACK
6
CONTINUOUS
10
7.3761599606299209
20
-2.780188031496063
11
7.3736054724409446
21
-2.7784811417322834
0
LINE
8
BLACK
6
CONTINUOUS
10
7.3736054724409446
20
-2.7784811417322834
11
7.371898582677165
21
-2.7759266535433071
0
LINE
8
BLACK
6
CONTINUOUS
10
7.371898582677165
20
-2.7759266535433071
11
7.3712992125984247
21
-2.7729133858267714
0
LINE
8
BLACK
6
CONTINUOUS
10
7.3712992125984247
20
-2.7729133858267714
11
7.3712992125984247
21
-2.7571653543307084
0
LINE
8
BLACK
6
CONTINUOUS
10
7.3712992125984247
20
-2.7571653543307084
11
7.371898582677165
21
-2.7541520866141731
0
LINE
8
BLACK
6
CONTINUOUS
10
7.371898582677165
20
-2.7541520866141731
11
7.3736054724409446
21
-2.7515975984251968
0
LINE
8
BLACK
6
CONTINUOUS
10
7.3736054724409446
20
-2.7515975984251968
11
7.3761599606299209
21
-2.7498907086614173
0
LINE
8
BLACK
6
CONTINUOUS
10
7.3761599606299209
20
-2.7498907086614173
11
7.3791732283464562
21
-2.7492913385826769
0
LINE
8
BLACK
6
CONTINUOUS
10
7.3791732283464562
20
-2.7492913385826769
11
7.4008267716535432
21
-2.7492913385826769
0
LINE
8
BLACK
6
CONTINUOUS
10
7.4008267716535432
20
-2.7492913385826769
11
7.4038400393700785
21
-2.7498907086614173
0
LINE
8
BLACK
6
CONTINUOUS
10
5.7670933464566927
20
-2.6802767716535434
11
5.770286496062992
21
-2.6824103543307087
0
LINE
8
BLACK
6
CONTINUOUS
10
5.770286496062992
20
-2.6824103543307087
11
5.7724200787401569
21
-2.6856035039370076
0
LINE
8
BLACK
6
CONTINUOUS
10
5.7724200787401569
20
-2.6856035039370076
11
5.7731692913385828
21
-2.6893700787401573
0
LINE
8
BLACK
6
CONTINUOUS
10
5.7731692913385828
20
-2.6893700787401573
11
5.7731692913385828
21
-2.7681102362204726
0
LINE
8
BLACK
6
CONTINUOUS
10
5.7731692913385828
20
-2.7681102362204726
11
5.7724200787401569
21
-2.7718768110236218
0
LINE
8
BLACK
6
CONTINUOUS
10
5.7724200787401569
20
-2.7718768110236218
11
5.770286496062992
21
-2.7750699606299212
0
LINE
8
BLACK
6
CONTINUOUS
10
5.770286496062992
20
-2.7750699606299212
11
5.7670933464566927
21
-2.7772035433070865
0
LINE
8
BLACK
6
CONTINUOUS
10
5.7670933464566927
20
-2.7772035433070865
11
5.763326771653543
21
-2.7779527559055119
0
LINE
8
BLACK
6
CONTINUOUS
10
5.763326771653543
20
-2.7779527559055119
11
5.7121456692913384
21
-2.7779527559055119
0
LINE
8
BLACK
6
CONTINUOUS
10
5.7121456692913384
20
-2.7779527559055119
11
5.7083790944881887
21
-2.7772035433070865
0
LINE
8
BLACK
6
CONTINUOUS
10
5.7083790944881887
20
-2.7772035433070865
11
5.7051859448818893
21
-2.7750699606299212
0
LINE
8
BLACK
6
CONTINUOUS
10
5.7051859448818893
20
-2.7750699606299212
11
5.7030523622047244
21
-2.7718768110236218
0
LINE
8
BLACK
6
CONTINUOUS
10
5.7030523622047244
20
-2.7718768110236218
11
5.7023031496062995
21
-2.7681102362204726
0
LINE
8
BLACK
6
CONTINUOUS
10
5.7023031496062995
20
-2.7681102362204726
11
5.7023031496062995
21
-2.6893700787401573
0
LINE
8
BLACK
6
CONTINUOUS
10
5.7023031496062995
20
-2.6893700787401573
11
5.7030523622047244
21
-2.6856035039370076
0
LINE
8
BLACK
6
CONTINUOUS
10
5.7030523622047244
20
-2.6856035039370076
11
5.7051859448818893
21
-2.6824103543307087
0
LINE
8
BLACK
6
CONTINUOUS
10
5.7051859448818893
20
-2.6824103543307087
11
5.7083790944881887
21
-2.6802767716535434
0
LINE
8
BLACK
6
CONTINUOUS
10
5.7083790944881887
20
-2.6802767716535434
11
5.7121456692913384
21
-2.679527559055118
0
LINE
8
BLACK
6
CONTINUOUS
10
5.7121456692913384
20
-2.679527559055118
11
5.763326771653543
21
-2.679527559055118
0
LINE
8
BLACK
6
CONTINUOUS
10
5.763326771653543
20
-2.679527559055118
11
5.7670933464566927
21
-2.6802767716535434
0
LINE
8
BLACK
6
CONTINUOUS
10
7.3292087795275584
20
-2.7466699999999999
11
7.3311246456692913
21
-2.7479501574803149
0
LINE
8
BLACK
6
CONTINUOUS
10
7.3311246456692913
20
-2.7479501574803149
11
7.3324048031496059
21
-2.7498660236220474
0
LINE
8
BLACK
6
CONTINUOUS
10
7.3324048031496059
20
-2.7498660236220474
11
7.3328543307086615
21
-2.7521259842519683
0
LINE
8
BLACK
6
CONTINUOUS
10
7.3328543307086615
20
-2.7521259842519683
11
7.3328543307086615
21
-2.7639370078740155
0
LINE
8
BLACK
6
CONTINUOUS
10
7.3328543307086615
20
-2.7639370078740155
11
7.3324048031496059
21
-2.7661969685039369
0
LINE
8
BLACK
6
CONTINUOUS
10
7.3324048031496059
20
-2.7661969685039369
11
7.3311246456692913
21
-2.7681128346456694
0
LINE
8
BLACK
6
CONTINUOUS
10
7.3311246456692913
20
-2.7681128346456694
11
7.3292087795275584
21
-2.7693929921259843
0
LINE
8
BLACK
6
CONTINUOUS
10
7.3292087795275584
20
-2.7693929921259843
11
7.3269488188976375
21
-2.7698425196850391
0
LINE
8
BLACK
6
CONTINUOUS
10
7.3269488188976375
20
-2.7698425196850391
11
7.2806889763779523
21
-2.7698425196850391
0
LINE
8
BLACK
6
CONTINUOUS
10
7.2806889763779523
20
-2.7698425196850391
11
7.2784290157480314
21
-2.7693929921259843
0
LINE
8
BLACK
6
CONTINUOUS
10
7.2784290157480314
20
-2.7693929921259843
11
7.2765131496062994
21
-2.7681128346456694
0
LINE
8
BLACK
6
CONTINUOUS
10
7.2765131496062994
20
-2.7681128346456694
11
7.275232992125984
21
-2.7661969685039369
0
LINE
8
BLACK
6
CONTINUOUS
10
7.275232992125984
20
-2.7661969685039369
11
7.2747834645669291
21
-2.7639370078740155
0
LINE
8
BLACK
6
CONTINUOUS
10
7.2747834645669291
20
-2.7639370078740155
11
7.2747834645669291
21
-2.7521259842519683
0
LINE
8
BLACK
6
CONTINUOUS
10
7.2747834645669291
20
-2.7521259842519683
11
7.275232992125984
21
-2.7498660236220474
0
LINE
8
BLACK
6
CONTINUOUS
10
7.275232992125984
20
-2.7498660236220474
11
7.2765131496062994
21
-2.7479501574803149
0
LINE
8
BLACK
6
CONTINUOUS
10
7.2765131496062994
20
-2.7479501574803149
11
7.2784290157480314
21
-2.7466699999999999
0
LINE
8
BLACK
6
CONTINUOUS
10
7.2784290157480314
20
-2.7466699999999999
11
7.2806889763779523
21
-2.7462204724409447
0
LINE
8
BLACK
6
CONTINUOUS
10
7.2806889763779523
20
-2.7462204724409447
11
7.3269488188976375
21
-2.7462204724409447
0
LINE
8
BLACK
6
CONTINUOUS
10
7.3269488188976375
20
-2.7462204724409447
11
7.3292087795275584
21
-2.7466699999999999
0
LINE
8
BLACK
6
CONTINUOUS
10
6.0117140551181105
20
-2.6818985826771651
11
6.0142685433070868
21
-2.6836054724409446
0
LINE
8
BLACK
6
CONTINUOUS
10
6.0142685433070868
20
-2.6836054724409446
11
6.0159754330708664
21
-2.6861599606299214
0
LINE
8
BLACK
6
CONTINUOUS
10
6.0159754330708664
20
-2.6861599606299214
11
6.0165748031496058
21
-2.6891732283464567
0
LINE
8
BLACK
6
CONTINUOUS
10
6.0165748031496058
20
-2.6891732283464567
11
6.0165748031496058
21
-2.7108267716535432
0
LINE
8
BLACK
6
CONTINUOUS
10
6.0165748031496058
20
-2.7108267716535432
11
6.0159754330708664
21
-2.7138400393700786
0
LINE
8
BLACK
6
CONTINUOUS
10
6.0159754330708664
20
-2.7138400393700786
11
6.0142685433070868
21
-2.7163945275590549
0
LINE
8
BLACK
6
CONTINUOUS
10
6.0142685433070868
20
-2.7163945275590549
11
6.0117140551181105
21
-2.7181014173228344
0
LINE
8
BLACK
6
CONTINUOUS
10
6.0117140551181105
20
-2.7181014173228344
11
6.0087007874015743
21
-2.7187007874015747
0
LINE
8
BLACK
6
CONTINUOUS
10
6.0087007874015743
20
-2.7187007874015747
11
5.9929527559055114
21
-2.7187007874015747
0
LINE
8
BLACK
6
CONTINUOUS
10
5.9929527559055114
20
-2.7187007874015747
11
5.989939488188976
21
-2.7181014173228344
0
LINE
8
BLACK
6
CONTINUOUS
10
5.989939488188976
20
-2.7181014173228344
11
5.9873849999999997
21
-2.7163945275590549
0
LINE
8
BLACK
6
CONTINUOUS
10
5.9873849999999997
20
-2.7163945275590549
11
5.9856781102362202
21
-2.7138400393700786
0
LINE
8
BLACK
6
CONTINUOUS
10
5.9856781102362202
20
-2.7138400393700786
11
5.9850787401574799
21
-2.7108267716535432
0
LINE
8
BLACK
6
CONTINUOUS
10
5.9850787401574799
20
-2.7108267716535432
11
5.9850787401574799
21
-2.6891732283464567
0
LINE
8
BLACK
6
CONTINUOUS
10
5.9850787401574799
20
-2.6891732283464567
11
5.9856781102362202
21
-2.6861599606299214
0
LINE
8
BLACK
6
CONTINUOUS
10
5.9856781102362202
20
-2.6861599606299214
11
5.9873849999999997
21
-2.6836054724409446
0
LINE
8
BLACK
6
CONTINUOUS
10
5.9873849999999997
20
-2.6836054724409446
11
5.989939488188976
21
-2.6818985826771651
0
LINE
8
BLACK
6
CONTINUOUS
10
5.989939488188976
20
-2.6818985826771651
11
5.9929527559055114
21
-2.6812992125984252
0
LINE
8
BLACK
6
CONTINUOUS
10
5.9929527559055114
20
-2.6812992125984252
11
6.0087007874015743
21
-2.6812992125984252
0
LINE
8
BLACK
6
CONTINUOUS
10
6.0087007874015743
20
-2.6812992125984252
11
6.0117140551181105
21
-2.6818985826771651
0
LINE
8
BLACK
6
CONTINUOUS
10
6.0766746850393698
20
-2.6818985826771651
11
6.0792291732283461
21
-2.6836054724409446
0
LINE
8
BLACK
6
CONTINUOUS
10
6.0792291732283461
20
-2.6836054724409446
11
6.0809360629921256
21
-2.6861599606299214
0
LINE
8
BLACK
6
CONTINUOUS
10
6.0809360629921256
20
-2.6861599606299214
11
6.081535433070866
21
-2.6891732283464567
0
LINE
8
BLACK
6
CONTINUOUS
10
6.081535433070866
20
-2.6891732283464567
11
6.081535433070866
21
-2.7108267716535432
0
LINE
8
BLACK
6
CONTINUOUS
10
6.081535433070866
20
-2.7108267716535432
11
6.0809360629921256
21
-2.7138400393700786
0
LINE
8
BLACK
6
CONTINUOUS
10
6.0809360629921256
20
-2.7138400393700786
11
6.0792291732283461
21
-2.7163945275590549
0
LINE
8
BLACK
6
CONTINUOUS
10
6.0792291732283461
20
-2.7163945275590549
11
6.0766746850393698
21
-2.7181014173228344
0
LINE
8
BLACK
6
CONTINUOUS
10
6.0766746850393698
20
-2.7181014173228344
11
6.0736614173228345
21
-2.7187007874015747
0
LINE
8
BLACK
6
CONTINUOUS
10
6.0736614173228345
20
-2.7187007874015747
11
6.0579133858267715
21
-2.7187007874015747
0
LINE
8
BLACK
6
CONTINUOUS
10
6.0579133858267715
20
-2.7187007874015747
11
6.0549001181102362
21
-2.7181014173228344
0
LINE
8
BLACK
6
CONTINUOUS
10
6.0549001181102362
20
-2.7181014173228344
11
6.0523456299212599
21
-2.7163945275590549
0
LINE
8
BLACK
6
CONTINUOUS
10
6.0523456299212599
20
-2.7163945275590549
11
6.0506387401574804
21
-2.7138400393700786
0
LINE
8
BLACK
6
CONTINUOUS
10
6.0506387401574804
20
-2.7138400393700786
11
6.05003937007874
21
-2.7108267716535432
0
LINE
8
BLACK
6
CONTINUOUS
10
6.05003937007874
20
-2.7108267716535432
11
6.05003937007874
21
-2.6891732283464567
0
LINE
8
BLACK
6
CONTINUOUS
10
6.05003937007874
20
-2.6891732283464567
11
6.0506387401574804
21
-2.6861599606299214
0
LINE
8
BLACK
6
CONTINUOUS
10
6.0506387401574804
20
-2.6861599606299214
11
6.0523456299212599
21
-2.6836054724409446
0
LINE
8
BLACK
6
CONTINUOUS
10
6.0523456299212599
20
-2.6836054724409446
11
6.0549001181102362
21
-2.6818985826771651
0
LINE
8
BLACK
6
CONTINUOUS
10
6.0549001181102362
20
-2.6818985826771651
11
6.0579133858267715
21
-2.6812992125984252
0
LINE
8
BLACK
6
CONTINUOUS
10
6.0579133858267715
20
-2.6812992125984252
11
6.0736614173228345
21
-2.6812992125984252
0
LINE
8
BLACK
6
CONTINUOUS
10
6.0736614173228345
20
-2.6812992125984252
11
6.0766746850393698
21
-2.6818985826771651
0
LINE
8
BLACK
6
CONTINUOUS
10
5.9531261023622042
20
-2.6860400787401573
11
5.9550419685039371
21
-2.6873202362204722
0
LINE
8
BLACK
6
CONTINUOUS
10
5.9550419685039371
20
-2.6873202362204722
11
5.9563221259842516
21
-2.6892361023622047
0
LINE
8
BLACK
6
CONTINUOUS
10
5.9563221259842516
20
-2.6892361023622047
11
5.9567716535433073
21
-2.6914960629921261
0
LINE
8
BLACK
6
CONTINUOUS
10
5.9567716535433073
20
-2.6914960629921261
11
5.9567716535433073
21
-2.7033070866141733
0
LINE
8
BLACK
6
CONTINUOUS
10
5.9567716535433073
20
-2.7033070866141733
11
5.9563221259842516
21
-2.7055670472440942
0
LINE
8
BLACK
6
CONTINUOUS
10
5.9563221259842516
20
-2.7055670472440942
11
5.9550419685039371
21
-2.7074829133858267
0
LINE
8
BLACK
6
CONTINUOUS
10
5.9550419685039371
20
-2.7074829133858267
11
5.9531261023622042
21
-2.7087630708661417
0
LINE
8
BLACK
6
CONTINUOUS
10
5.9531261023622042
20
-2.7087630708661417
11
5.9508661417322832
21
-2.7092125984251969
0
LINE
8
BLACK
6
CONTINUOUS
10
5.9508661417322832
20
-2.7092125984251969
11
5.9046062992125981
21
-2.7092125984251969
0
LINE
8
BLACK
6
CONTINUOUS
10
5.9046062992125981
20
-2.7092125984251969
11
5.9023463385826771
21
-2.7087630708661417
0
LINE
8
BLACK
6
CONTINUOUS
10
5.9023463385826771
20
-2.7087630708661417
11
5.9004304724409451
21
-2.7074829133858267
0
LINE
8
BLACK
6
CONTINUOUS
10
5.9004304724409451
20
-2.7074829133858267
11
5.8991503149606297
21
-2.7055670472440942
0
LINE
8
BLACK
6
CONTINUOUS
10
5.8991503149606297
20
-2.7055670472440942
11
5.8987007874015749
21
-2.7033070866141733
0
LINE
8
BLACK
6
CONTINUOUS
10
5.8987007874015749
20
-2.7033070866141733
11
5.8987007874015749
21
-2.6914960629921261
0
LINE
8
BLACK
6
CONTINUOUS
10
5.8987007874015749
20
-2.6914960629921261
11
5.8991503149606297
21
-2.6892361023622047
0
LINE
8
BLACK
6
CONTINUOUS
10
5.8991503149606297
20
-2.6892361023622047
11
5.9004304724409451
21
-2.6873202362204722
0
LINE
8
BLACK
6
CONTINUOUS
10
5.9004304724409451
20
-2.6873202362204722
11
5.9023463385826771
21
-2.6860400787401573
0
LINE
8
BLACK
6
CONTINUOUS
10
5.9023463385826771
20
-2.6860400787401573
11
5.9046062992125981
21
-2.6855905511811025
0
LINE
8
BLACK
6
CONTINUOUS
10
5.9046062992125981
20
-2.6855905511811025
11
5.9508661417322832
21
-2.6855905511811025
0
LINE
8
BLACK
6
CONTINUOUS
10
5.9508661417322832
20
-2.6855905511811025
11
5.9531261023622042
21
-2.6860400787401573
0
LINE
8
BLACK
6
CONTINUOUS
10
5.8793072047244097
20
-2.6486385039370077
11
5.8812230708661417
21
-2.6499186614173227
0
LINE
8
BLACK
6
CONTINUOUS
10
5.8812230708661417
20
-2.6499186614173227
11
5.8825032283464562
21
-2.6518345275590551
0
LINE
8
BLACK
6
CONTINUOUS
10
5.8825032283464562
20
-2.6518345275590551
11
5.8829527559055119
21
-2.6540944881889765
0
LINE
8
BLACK
6
CONTINUOUS
10
5.8829527559055119
20
-2.6540944881889765
11
5.8829527559055119
21
-2.6659055118110238
0
LINE
8
BLACK
6
CONTINUOUS
10
5.8829527559055119
20
-2.6659055118110238
11
5.8825032283464562
21
-2.6681654724409447
0
LINE
8
BLACK
6
CONTINUOUS
10
5.8825032283464562
20
-2.6681654724409447
11
5.8812230708661417
21
-2.6700813385826772
0
LINE
8
BLACK
6
CONTINUOUS
10
5.8812230708661417
20
-2.6700813385826772
11
5.8793072047244097
21
-2.6713614960629921
0
LINE
8
BLACK
6
CONTINUOUS
10
5.8793072047244097
20
-2.6713614960629921
11
5.8770472440944879
21
-2.6718110236220474
0
LINE
8
BLACK
6
CONTINUOUS
10
5.8770472440944879
20
-2.6718110236220474
11
5.8307874015748027
21
-2.6718110236220474
0
LINE
8
BLACK
6
CONTINUOUS
10
5.8307874015748027
20
-2.6718110236220474
11
5.8285274409448817
21
-2.6713614960629921
0
LINE
8
BLACK
6
CONTINUOUS
10
5.8285274409448817
20
-2.6713614960629921
11
5.8266115748031497
21
-2.6700813385826772
0
LINE
8
BLACK
6
CONTINUOUS
10
5.8266115748031497
20
-2.6700813385826772
11
5.8253314173228343
21
-2.6681654724409447
0
LINE
8
BLACK
6
CONTINUOUS
10
5.8253314173228343
20
-2.6681654724409447
11
5.8248818897637795
21
-2.6659055118110238
0
LINE
8
BLACK
6
CONTINUOUS
10
5.8248818897637795
20
-2.6659055118110238
11
5.8248818897637795
21
-2.6540944881889765
0
LINE
8
BLACK
6
CONTINUOUS
10
5.8248818897637795
20
-2.6540944881889765
11
5.8253314173228343
21
-2.6518345275590551
0
LINE
8
BLACK
6
CONTINUOUS
10
5.8253314173228343
20
-2.6518345275590551
11
5.8266115748031497
21
-2.6499186614173227
0
LINE
8
BLACK
6
CONTINUOUS
10
5.8266115748031497
20
-2.6499186614173227
11
5.8285274409448817
21
-2.6486385039370077
0
LINE
8
BLACK
6
CONTINUOUS
10
5.8285274409448817
20
-2.6486385039370077
11
5.8307874015748027
21
-2.6481889763779525
0
LINE
8
BLACK
6
CONTINUOUS
10
5.8307874015748027
20
-2.6481889763779525
11
5.8770472440944879
21
-2.6481889763779525
0
LINE
8
BLACK
6
CONTINUOUS
10
5.8770472440944879
20
-2.6481889763779525
11
5.8793072047244097
21
-2.6486385039370077
0
LINE
8
BLACK
6
CONTINUOUS
10
6.0135811811023618
20
-2.6119547637795275
11
6.0163751968503938
21
-2.6138216535433072
0
LINE
8
BLACK
6
CONTINUOUS
10
6.0163751968503938
20
-2.6138216535433072
11
6.0182420866141735
21
-2.6166156692913387
0
LINE
8
BLACK
6
CONTINUOUS
10
6.0182420866141735
20
-2.6166156692913387
11
6.0188976377952752
21
-2.6199114173228346
0
LINE
8
BLACK
6
CONTINUOUS
10
6.0188976377952752
20
-2.6199114173228346
11
6.0188976377952752
21
-2.6400885826771652
0
LINE
8
BLACK
6
CONTINUOUS
10
6.0188976377952752
20
-2.6400885826771652
11
6.0182420866141735
21
-2.6433843307086615
0
LINE
8
BLACK
6
CONTINUOUS
10
6.0182420866141735
20
-2.6433843307086615
11
6.0163751968503938
21
-2.646178346456693
0
LINE
8
BLACK
6
CONTINUOUS
10
6.0163751968503938
20
-2.646178346456693
11
6.0135811811023618
21
-2.6480452362204723
0
LINE
8
BLACK
6
CONTINUOUS
10
6.0135811811023618
20
-2.6480452362204723
11
6.0102854330708659
21
-2.6487007874015749
0
LINE
8
BLACK
6
CONTINUOUS
10
6.0102854330708659
20
-2.6487007874015749
11
5.9930610236220474
21
-2.6487007874015749
0
LINE
8
BLACK
6
CONTINUOUS
10
5.9930610236220474
20
-2.6487007874015749
11
5.9897652755905506
21
-2.6480452362204723
0
LINE
8
BLACK
6
CONTINUOUS
10
5.9897652755905506
20
-2.6480452362204723
11
5.9869712598425195
21
-2.646178346456693
0
LINE
8
BLACK
6
CONTINUOUS
10
5.9869712598425195
20
-2.646178346456693
11
5.9851043700787399
21
-2.6433843307086615
0
LINE
8
BLACK
6
CONTINUOUS
10
5.9851043700787399
20
-2.6433843307086615
11
5.9844488188976372
21
-2.6400885826771652
0
LINE
8
BLACK
6
CONTINUOUS
10
5.9844488188976372
20
-2.6400885826771652
11
5.9844488188976372
21
-2.6199114173228346
0
LINE
8
BLACK
6
CONTINUOUS
10
5.9844488188976372
20
-2.6199114173228346
11
5.9851043700787399
21
-2.6166156692913387
0
LINE
8
BLACK
6
CONTINUOUS
10
5.9851043700787399
20
-2.6166156692913387
11
5.9869712598425195
21
-2.6138216535433072
0
LINE
8
BLACK
6
CONTINUOUS
10
5.9869712598425195
20
-2.6138216535433072
11
5.9897652755905506
21
-2.6119547637795275
0
LINE
8
BLACK
6
CONTINUOUS
10
5.9897652755905506
20
-2.6119547637795275
11
5.9930610236220474
21
-2.6112992125984253
0
LINE
8
BLACK
6
CONTINUOUS
10
5.9930610236220474
20
-2.6112992125984253
11
6.0102854330708659
21
-2.6112992125984253
0
LINE
8
BLACK
6
CONTINUOUS
10
6.0102854330708659
20
-2.6112992125984253
11
6.0135811811023618
21
-2.6119547637795275
0
LINE
8
BLACK
6
CONTINUOUS
10
6.07558905511811
20
-2.6119547637795275
11
6.0783830708661419
21
-2.6138216535433072
0
LINE
8
BLACK
6
CONTINUOUS
10
6.0783830708661419
20
-2.6138216535433072
11
6.0802499606299207
21
-2.6166156692913387
0
LINE
8
BLACK
6
CONTINUOUS
10
6.0802499606299207
20
-2.6166156692913387
11
6.0809055118110233
21
-2.6199114173228346
0
LINE
8
BLACK
6
CONTINUOUS
10
6.0809055118110233
20
-2.6199114173228346
11
6.0809055118110233
21
-2.6400885826771652
0
LINE
8
BLACK
6
CONTINUOUS
10
6.0809055118110233
20
-2.6400885826771652
11
6.0802499606299207
21
-2.6433843307086615
0
LINE
8
BLACK
6
CONTINUOUS
10
6.0802499606299207
20
-2.6433843307086615
11
6.0783830708661419
21
-2.646178346456693
0
LINE
8
BLACK
6
CONTINUOUS
10
6.0783830708661419
20
-2.646178346456693
11
6.07558905511811
21
-2.6480452362204723
0
LINE
8
BLACK
6
CONTINUOUS
10
6.07558905511811
20
-2.6480452362204723
11
6.0722933070866141
21
-2.6487007874015749
0
LINE
8
BLACK
6
CONTINUOUS
10
6.0722933070866141
20
-2.6487007874015749
11
6.0550688976377955
21
-2.6487007874015749
0
LINE
8
BLACK
6
CONTINUOUS
10
6.0550688976377955
20
-2.6487007874015749
11
6.0517731496062988
21
-2.6480452362204723
0
LINE
8
BLACK
6
CONTINUOUS
10
6.0517731496062988
20
-2.6480452362204723
11
6.0489791338582677
21
-2.646178346456693
0
LINE
8
BLACK
6
CONTINUOUS
10
6.0489791338582677
20
-2.646178346456693
11
6.047112244094488
21
-2.6433843307086615
0
LINE
8
BLACK
6
CONTINUOUS
10
6.047112244094488
20
-2.6433843307086615
11
6.0464566929133854
21
-2.6400885826771652
0
LINE
8
BLACK
6
CONTINUOUS
10
6.0464566929133854
20
-2.6400885826771652
11
6.0464566929133854
21
-2.6199114173228346
0
LINE
8
BLACK
6
CONTINUOUS
10
6.0464566929133854
20
-2.6199114173228346
11
6.047112244094488
21
-2.6166156692913387
0
LINE
8
BLACK
6
CONTINUOUS
10
6.047112244094488
20
-2.6166156692913387
11
6.0489791338582677
21
-2.6138216535433072
0
LINE
8
BLACK
6
CONTINUOUS
10
6.0489791338582677
20
-2.6138216535433072
11
6.0517731496062988
21
-2.6119547637795275
0
LINE
8
BLACK
6
CONTINUOUS
10
6.0517731496062988
20
-2.6119547637795275
11
6.0550688976377955
21
-2.6112992125984253
0
LINE
8
BLACK
6
CONTINUOUS
10
6.0550688976377955
20
-2.6112992125984253
11
6.0722933070866141
21
-2.6112992125984253
0
LINE
8
BLACK
6
CONTINUOUS
10
6.0722933070866141
20
-2.6112992125984253
11
6.07558905511811
21
-2.6119547637795275
0
LINE
8
BLACK
6
CONTINUOUS
10
5.9531261023622042
20
-2.6112369291338582
11
5.9550419685039371
21
-2.6125170866141731
0
LINE
8
BLACK
6
CONTINUOUS
10
5.9550419685039371
20
-2.6125170866141731
11
5.9563221259842516
21
-2.6144329527559056
0
LINE
8
BLACK
6
CONTINUOUS
10
5.9563221259842516
20
-2.6144329527559056
11
5.9567716535433073
21
-2.6166929133858265
0
LINE
8
BLACK
6
CONTINUOUS
10
5.9567716535433073
20
-2.6166929133858265
11
5.9567716535433073
21
-2.6285039370078738
0
LINE
8
BLACK
6
CONTINUOUS
10
5.9567716535433073
20
-2.6285039370078738
11
5.9563221259842516
21
-2.6307638976377952
0
LINE
8
BLACK
6
CONTINUOUS
10
5.9563221259842516
20
-2.6307638976377952
11
5.9550419685039371
21
-2.6326797637795276
0
LINE
8
BLACK
6
CONTINUOUS
10
5.9550419685039371
20
-2.6326797637795276
11
5.9531261023622042
21
-2.6339599212598426
0
LINE
8
BLACK
6
CONTINUOUS
10
5.9531261023622042
20
-2.6339599212598426
11
5.9508661417322832
21
-2.6344094488188974
0
LINE
8
BLACK
6
CONTINUOUS
10
5.9508661417322832
20
-2.6344094488188974
11
5.9046062992125981
21
-2.6344094488188974
0
LINE
8
BLACK
6
CONTINUOUS
10
5.9046062992125981
20
-2.6344094488188974
11
5.9023463385826771
21
-2.6339599212598426
0
LINE
8
BLACK
6
CONTINUOUS
10
5.9023463385826771
20
-2.6339599212598426
11
5.9004304724409451
21
-2.6326797637795276
0
LINE
8
BLACK
6
CONTINUOUS
10
5.9004304724409451
20
-2.6326797637795276
11
5.8991503149606297
21
-2.6307638976377952
0
LINE
8
BLACK
6
CONTINUOUS
10
5.8991503149606297
20
-2.6307638976377952
11
5.8987007874015749
21
-2.6285039370078738
0
LINE
8
BLACK
6
CONTINUOUS
10
5.8987007874015749
20
-2.6285039370078738
11
5.8987007874015749
21
-2.6166929133858265
0
LINE
8
BLACK
6
CONTINUOUS
10
5.8987007874015749
20
-2.6166929133858265
11
5.8991503149606297
21
-2.6144329527559056
0
LINE
8
BLACK
6
CONTINUOUS
10
5.8991503149606297
20
-2.6144329527559056
11
5.9004304724409451
21
-2.6125170866141731
0
LINE
8
BLACK
6
CONTINUOUS
10
5.9004304724409451
20
-2.6125170866141731
11
5.9023463385826771
21
-2.6112369291338582
0
LINE
8
BLACK
6
CONTINUOUS
10
5.9023463385826771
20
-2.6112369291338582
11
5.9046062992125981
21
-2.6107874015748029
0
LINE
8
BLACK
6
CONTINUOUS
10
5.9046062992125981
20
-2.6107874015748029
11
5.9508661417322832
21
-2.6107874015748029
0
LINE
8
BLACK
6
CONTINUOUS
10
5.9508661417322832
20
-2.6107874015748029
11
5.9531261023622042
21
-2.6112369291338582
0
LINE
8
BLACK
6
CONTINUOUS
10
5.7670933464566927
20
-2.5227964566929133
11
5.770286496062992
21
-2.5249300393700786
0
LINE
8
BLACK
6
CONTINUOUS
10
5.770286496062992
20
-2.5249300393700786
11
5.7724200787401569
21
-2.528123188976378
0
LINE
8
BLACK
6
CONTINUOUS
10
5.7724200787401569
20
-2.528123188976378
11
5.7731692913385828
21
-2.5318897637795277
0
LINE
8
BLACK
6
CONTINUOUS
10
5.7731692913385828
20
-2.5318897637795277
11
5.7731692913385828
21
-2.6106299212598425
0
LINE
8
BLACK
6
CONTINUOUS
10
5.7731692913385828
20
-2.6106299212598425
11
5.7724200787401569
21
-2.6143964960629922
0
LINE
8
BLACK
6
CONTINUOUS
10
5.7724200787401569
20
-2.6143964960629922
11
5.770286496062992
21
-2.6175896456692911
0
LINE
8
BLACK
6
CONTINUOUS
10
5.770286496062992
20
-2.6175896456692911
11
5.7670933464566927
21
-2.6197232283464564
0
LINE
8
BLACK
6
CONTINUOUS
10
5.7670933464566927
20
-2.6197232283464564
11
5.763326771653543
21
-2.6204724409448819
0
LINE
8
BLACK
6
CONTINUOUS
10
5.763326771653543
20
-2.6204724409448819
11
5.7121456692913384
21
-2.6204724409448819
0
LINE
8
BLACK
6
CONTINUOUS
10
5.7121456692913384
20
-2.6204724409448819
11
5.7083790944881887
21
-2.6197232283464564
0
LINE
8
BLACK
6
CONTINUOUS
10
5.7083790944881887
20
-2.6197232283464564
11
5.7051859448818893
21
-2.6175896456692911
0
LINE
8
BLACK
6
CONTINUOUS
10
5.7051859448818893
20
-2.6175896456692911
11
5.7030523622047244
21
-2.6143964960629922
0
LINE
8
BLACK
6
CONTINUOUS
10
5.7030523622047244
20
-2.6143964960629922
11
5.7023031496062995
21
-2.6106299212598425
0
LINE
8
BLACK
6
CONTINUOUS
10
5.7023031496062995
20
-2.6106299212598425
11
5.7023031496062995
21
-2.5318897637795277
0
LINE
8
BLACK
6
CONTINUOUS
10
5.7023031496062995
20
-2.5318897637795277
11
5.7030523622047244
21
-2.528123188976378
0
LINE
8
BLACK
6
CONTINUOUS
10
5.7030523622047244
20
-2.528123188976378
11
5.7051859448818893
21
-2.5249300393700786
0
LINE
8
BLACK
6
CONTINUOUS
10
5.7051859448818893
20
-2.5249300393700786
11
5.7083790944881887
21
-2.5227964566929133
0
LINE
8
BLACK
6
CONTINUOUS
10
5.7083790944881887
20
-2.5227964566929133
11
5.7121456692913384
21
-2.5220472440944883
0
LINE
8
BLACK
6
CONTINUOUS
10
5.7121456692913384
20
-2.5220472440944883
11
5.763326771653543
21
-2.5220472440944883
0
LINE
8
BLACK
6
CONTINUOUS
10
5.763326771653543
20
-2.5220472440944883
11
5.7670933464566927
21
-2.5227964566929133
0
LINE
8
BLACK
6
CONTINUOUS
10
7.4038400393700785
20
-2.5724103937007872
11
7.4063945275590548
21
-2.5741172834645667
0
LINE
8
BLACK
6
CONTINUOUS
10
7.4063945275590548
20
-2.5741172834645667
11
7.4081014173228343
21
-2.5766717716535434
0
LINE
8
BLACK
6
CONTINUOUS
10
7.4081014173228343
20
-2.5766717716535434
11
7.4087007874015747
21
-2.5796850393700788
0
LINE
8
BLACK
6
CONTINUOUS
10
7.4087007874015747
20
-2.5796850393700788
11
7.4087007874015747
21
-2.5954330708661417
0
LINE
8
BLACK
6
CONTINUOUS
10
7.4087007874015747
20
-2.5954330708661417
11
7.4081014173228343
21
-2.598446338582677
0
LINE
8
BLACK
6
CONTINUOUS
10
7.4081014173228343
20
-2.598446338582677
11
7.4063945275590548
21
-2.6010008267716533
0
LINE
8
BLACK
6
CONTINUOUS
10
7.4063945275590548
20
-2.6010008267716533
11
7.4038400393700785
21
-2.6027077165354329
0
LINE
8
BLACK
6
CONTINUOUS
10
7.4038400393700785
20
-2.6027077165354329
11
7.4008267716535432
21
-2.6033070866141732
0
LINE
8
BLACK
6
CONTINUOUS
10
7.4008267716535432
20
-2.6033070866141732
11
7.3791732283464562
21
-2.6033070866141732
0
LINE
8
BLACK
6
CONTINUOUS
10
7.3791732283464562
20
-2.6033070866141732
11
7.3761599606299209
21
-2.6027077165354329
0
LINE
8
BLACK
6
CONTINUOUS
10
7.3761599606299209
20
-2.6027077165354329
11
7.3736054724409446
21
-2.6010008267716533
0
LINE
8
BLACK
6
CONTINUOUS
10
7.3736054724409446
20
-2.6010008267716533
11
7.371898582677165
21
-2.598446338582677
0
LINE
8
BLACK
6
CONTINUOUS
10
7.371898582677165
20
-2.598446338582677
11
7.3712992125984247
21
-2.5954330708661417
0
LINE
8
BLACK
6
CONTINUOUS
10
7.3712992125984247
20
-2.5954330708661417
11
7.3712992125984247
21
-2.5796850393700788
0
LINE
8
BLACK
6
CONTINUOUS
10
7.3712992125984247
20
-2.5796850393700788
11
7.371898582677165
21
-2.5766717716535434
0
LINE
8
BLACK
6
CONTINUOUS
10
7.371898582677165
20
-2.5766717716535434
11
7.3736054724409446
21
-2.5741172834645667
0
LINE
8
BLACK
6
CONTINUOUS
10
7.3736054724409446
20
-2.5741172834645667
11
7.3761599606299209
21
-2.5724103937007872
0
LINE
8
BLACK
6
CONTINUOUS
10
7.3761599606299209
20
-2.5724103937007872
11
7.3791732283464562
21
-2.5718110236220473
0
LINE
8
BLACK
6
CONTINUOUS
10
7.3791732283464562
20
-2.5718110236220473
11
7.4008267716535432
21
-2.5718110236220473
0
LINE
8
BLACK
6
CONTINUOUS
10
7.4008267716535432
20
-2.5718110236220473
11
7.4038400393700785
21
-2.5724103937007872
0
LINE
8
BLACK
6
CONTINUOUS
10
7.3292087795275584
20
-2.5786385039370079
11
7.3311246456692913
21
-2.5799186614173228
0
LINE
8
BLACK
6
CONTINUOUS
10
7.3311246456692913
20
-2.5799186614173228
11
7.3324048031496059
21
-2.5818345275590548
0
LINE
8
BLACK
6
CONTINUOUS
10
7.3324048031496059
20
-2.5818345275590548
11
7.3328543307086615
21
-2.5840944881889762
0
LINE
8
BLACK
6
CONTINUOUS
10
7.3328543307086615
20
-2.5840944881889762
11
7.3328543307086615
21
-2.5959055118110235
0
LINE
8
BLACK
6
CONTINUOUS
10
7.3328543307086615
20
-2.5959055118110235
11
7.3324048031496059
21
-2.5981654724409449
0
LINE
8
BLACK
6
CONTINUOUS
10
7.3324048031496059
20
-2.5981654724409449
11
7.3311246456692913
21
-2.6000813385826773
0
LINE
8
BLACK
6
CONTINUOUS
10
7.3311246456692913
20
-2.6000813385826773
11
7.3292087795275584
21
-2.6013614960629923
0
LINE
8
BLACK
6
CONTINUOUS
10
7.3292087795275584
20
-2.6013614960629923
11
7.3269488188976375
21
-2.6018110236220471
0
LINE
8
BLACK
6
CONTINUOUS
10
7.3269488188976375
20
-2.6018110236220471
11
7.2806889763779523
21
-2.6018110236220471
0
LINE
8
BLACK
6
CONTINUOUS
10
7.2806889763779523
20
-2.6018110236220471
11
7.2784290157480314
21
-2.6013614960629923
0
LINE
8
BLACK
6
CONTINUOUS
10
7.2784290157480314
20
-2.6013614960629923
11
7.2765131496062994
21
-2.6000813385826773
0
LINE
8
BLACK
6
CONTINUOUS
10
7.2765131496062994
20
-2.6000813385826773
11
7.275232992125984
21
-2.5981654724409449
0
LINE
8
BLACK
6
CONTINUOUS
10
7.275232992125984
20
-2.5981654724409449
11
7.2747834645669291
21
-2.5959055118110235
0
LINE
8
BLACK
6
CONTINUOUS
10
7.2747834645669291
20
-2.5959055118110235
11
7.2747834645669291
21
-2.5840944881889762
0
LINE
8
BLACK
6
CONTINUOUS
10
7.2747834645669291
20
-2.5840944881889762
11
7.275232992125984
21
-2.5818345275590548
0
LINE
8
BLACK
6
CONTINUOUS
10
7.275232992125984
20
-2.5818345275590548
11
7.2765131496062994
21
-2.5799186614173228
0
LINE
8
BLACK
6
CONTINUOUS
10
7.2765131496062994
20
-2.5799186614173228
11
7.2784290157480314
21
-2.5786385039370079
0
LINE
8
BLACK
6
CONTINUOUS
10
7.2784290157480314
20
-2.5786385039370079
11
7.2806889763779523
21
-2.5781889763779526
0
LINE
8
BLACK
6
CONTINUOUS
10
7.2806889763779523
20
-2.5781889763779526
11
7.3269488188976375
21
-2.5781889763779526
0
LINE
8
BLACK
6
CONTINUOUS
10
7.3269488188976375
20
-2.5781889763779526
11
7.3292087795275584
21
-2.5786385039370079
0
LINE
8
BLACK
6
CONTINUOUS
10
7.255389881889764
20
-2.5412369291338583
11
7.257305748031496
21
-2.5425170866141733
0
LINE
8
BLACK
6
CONTINUOUS
10
7.257305748031496
20
-2.5425170866141733
11
7.2585859055118105
21
-2.5444329527559053
0
LINE
8
BLACK
6
CONTINUOUS
10
7.2585859055118105
20
-2.5444329527559053
11
7.2590354330708662
21
-2.5466929133858267
0
LINE
8
BLACK
6
CONTINUOUS
10
7.2590354330708662
20
-2.5466929133858267
11
7.2590354330708662
21
-2.5585039370078739
0
LINE
8
BLACK
6
CONTINUOUS
10
7.2590354330708662
20
-2.5585039370078739
11
7.2585859055118105
21
-2.5607638976377953
0
LINE
8
BLACK
6
CONTINUOUS
10
7.2585859055118105
20
-2.5607638976377953
11
7.257305748031496
21
-2.5626797637795273
0
LINE
8
BLACK
6
CONTINUOUS
10
7.257305748031496
20
-2.5626797637795273
11
7.255389881889764
21
-2.5639599212598423
0
LINE
8
BLACK
6
CONTINUOUS
10
7.255389881889764
20
-2.5639599212598423
11
7.2531299212598421
21
-2.5644094488188975
0
LINE
8
BLACK
6
CONTINUOUS
10
7.2531299212598421
20
-2.5644094488188975
11
7.2068700787401569
21
-2.5644094488188975
0
LINE
8
BLACK
6
CONTINUOUS
10
7.2068700787401569
20
-2.5644094488188975
11
7.204610118110236
21
-2.5639599212598423
0
LINE
8
BLACK
6
CONTINUOUS
10
7.204610118110236
20
-2.5639599212598423
11
7.202694251968504
21
-2.5626797637795273
0
LINE
8
BLACK
6
CONTINUOUS
10
7.202694251968504
20
-2.5626797637795273
11
7.2014140944881886
21
-2.5607638976377953
0
LINE
8
BLACK
6
CONTINUOUS
10
7.2014140944881886
20
-2.5607638976377953
11
7.2009645669291338
21
-2.5585039370078739
0
LINE
8
BLACK
6
CONTINUOUS
10
7.2009645669291338
20
-2.5585039370078739
11
7.2009645669291338
21
-2.5466929133858267
0
LINE
8
BLACK
6
CONTINUOUS
10
7.2009645669291338
20
-2.5466929133858267
11
7.2014140944881886
21
-2.5444329527559053
0
LINE
8
BLACK
6
CONTINUOUS
10
7.2014140944881886
20
-2.5444329527559053
11
7.202694251968504
21
-2.5425170866141733
0
LINE
8
BLACK
6
CONTINUOUS
10
7.202694251968504
20
-2.5425170866141733
11
7.204610118110236
21
-2.5412369291338583
0
LINE
8
BLACK
6
CONTINUOUS
10
7.204610118110236
20
-2.5412369291338583
11
7.2068700787401569
21
-2.5407874015748031
0
LINE
8
BLACK
6
CONTINUOUS
10
7.2068700787401569
20
-2.5407874015748031
11
7.2531299212598421
21
-2.5407874015748031
0
LINE
8
BLACK
6
CONTINUOUS
10
7.2531299212598421
20
-2.5407874015748031
11
7.255389881889764
21
-2.5412369291338583
0
LINE
8
BLACK
6
CONTINUOUS
10
7.4038400393700785
20
-2.5074497637795274
11
7.4063945275590548
21
-2.509156653543307
0
LINE
8
BLACK
6
CONTINUOUS
10
7.4063945275590548
20
-2.509156653543307
11
7.4081014173228343
21
-2.5117111417322833
0
LINE
8
BLACK
6
CONTINUOUS
10
7.4081014173228343
20
-2.5117111417322833
11
7.4087007874015747
21
-2.514724409448819
0
LINE
8
BLACK
6
CONTINUOUS
10
7.4087007874015747
20
-2.514724409448819
11
7.4087007874015747
21
-2.530472440944882
0
LINE
8
BLACK
6
CONTINUOUS
10
7.4087007874015747
20
-2.530472440944882
11
7.4081014173228343
21
-2.5334857086614173
0
LINE
8
BLACK
6
CONTINUOUS
10
7.4081014173228343
20
-2.5334857086614173
11
7.4063945275590548
21
-2.5360401968503936
0
LINE
8
BLACK
6
CONTINUOUS
10
7.4063945275590548
20
-2.5360401968503936
11
7.4038400393700785
21
-2.5377470866141731
0
LINE
8
BLACK
6
CONTINUOUS
10
7.4038400393700785
20
-2.5377470866141731
11
7.4008267716535432
21
-2.5383464566929135
0
LINE
8
BLACK
6
CONTINUOUS
10
7.4008267716535432
20
-2.5383464566929135
11
7.3791732283464562
21
-2.5383464566929135
0
LINE
8
BLACK
6
CONTINUOUS
10
7.3791732283464562
20
-2.5383464566929135
11
7.3761599606299209
21
-2.5377470866141731
0
LINE
8
BLACK
6
CONTINUOUS
10
7.3761599606299209
20
-2.5377470866141731
11
7.3736054724409446
21
-2.5360401968503936
0
LINE
8
BLACK
6
CONTINUOUS
10
7.3736054724409446
20
-2.5360401968503936
11
7.371898582677165
21
-2.5334857086614173
0
LINE
8
BLACK
6
CONTINUOUS
10
7.371898582677165
20
-2.5334857086614173
11
7.3712992125984247
21
-2.530472440944882
0
LINE
8
BLACK
6
CONTINUOUS
10
7.3712992125984247
20
-2.530472440944882
11
7.3712992125984247
21
-2.514724409448819
0
LINE
8
BLACK
6
CONTINUOUS
10
7.3712992125984247
20
-2.514724409448819
11
7.371898582677165
21
-2.5117111417322833
0
LINE
8
BLACK
6
CONTINUOUS
10
7.371898582677165
20
-2.5117111417322833
11
7.3736054724409446
21
-2.509156653543307
0
LINE
8
BLACK
6
CONTINUOUS
10
7.3736054724409446
20
-2.509156653543307
11
7.3761599606299209
21
-2.5074497637795274
0
LINE
8
BLACK
6
CONTINUOUS
10
7.3761599606299209
20
-2.5074497637795274
11
7.3791732283464562
21
-2.5068503937007875
0
LINE
8
BLACK
6
CONTINUOUS
10
7.3791732283464562
20
-2.5068503937007875
11
7.4008267716535432
21
-2.5068503937007875
0
LINE
8
BLACK
6
CONTINUOUS
10
7.4008267716535432
20
-2.5068503937007875
11
7.4038400393700785
21
-2.5074497637795274
0
LINE
8
BLACK
6
CONTINUOUS
10
7.3292087795275584
20
-2.5038353543307088
11
7.3311246456692913
21
-2.5051155118110238
0
LINE
8
BLACK
6
CONTINUOUS
10
7.3311246456692913
20
-2.5051155118110238
11
7.3324048031496059
21
-2.5070313779527558
0
LINE
8
BLACK
6
CONTINUOUS
10
7.3324048031496059
20
-2.5070313779527558
11
7.3328543307086615
21
-2.5092913385826772
0
LINE
8
BLACK
6
CONTINUOUS
10
7.3328543307086615
20
-2.5092913385826772
11
7.3328543307086615
21
-2.5211023622047244
0
LINE
8
BLACK
6
CONTINUOUS
10
7.3328543307086615
20
-2.5211023622047244
11
7.3324048031496059
21
-2.5233623228346458
0
LINE
8
BLACK
6
CONTINUOUS
10
7.3324048031496059
20
-2.5233623228346458
11
7.3311246456692913
21
-2.5252781889763778
0
LINE
8
BLACK
6
CONTINUOUS
10
7.3311246456692913
20
-2.5252781889763778
11
7.3292087795275584
21
-2.5265583464566927
0
LINE
8
BLACK
6
CONTINUOUS
10
7.3292087795275584
20
-2.5265583464566927
11
7.3269488188976375
21
-2.527007874015748
0
LINE
8
BLACK
6
CONTINUOUS
10
7.3269488188976375
20
-2.527007874015748
11
7.2806889763779523
21
-2.527007874015748
0
LINE
8
BLACK
6
CONTINUOUS
10
7.2806889763779523
20
-2.527007874015748
11
7.2784290157480314
21
-2.5265583464566927
0
LINE
8
BLACK
6
CONTINUOUS
10
7.2784290157480314
20
-2.5265583464566927
11
7.2765131496062994
21
-2.5252781889763778
0
LINE
8
BLACK
6
CONTINUOUS
10
7.2765131496062994
20
-2.5252781889763778
11
7.275232992125984
21
-2.5233623228346458
0
LINE
8
BLACK
6
CONTINUOUS
10
7.275232992125984
20
-2.5233623228346458
11
7.2747834645669291
21
-2.5211023622047244
0
LINE
8
BLACK
6
CONTINUOUS
10
7.2747834645669291
20
-2.5211023622047244
11
7.2747834645669291
21
-2.5092913385826772
0
LINE
8
BLACK
6
CONTINUOUS
10
7.2747834645669291
20
-2.5092913385826772
11
7.275232992125984
21
-2.5070313779527558
0
LINE
8
BLACK
6
CONTINUOUS
10
7.275232992125984
20
-2.5070313779527558
11
7.2765131496062994
21
-2.5051155118110238
0
LINE
8
BLACK
6
CONTINUOUS
10
7.2765131496062994
20
-2.5051155118110238
11
7.2784290157480314
21
-2.5038353543307088
0
LINE
8
BLACK
6
CONTINUOUS
10
7.2784290157480314
20
-2.5038353543307088
11
7.2806889763779523
21
-2.5033858267716536
0
LINE
8
BLACK
6
CONTINUOUS
10
7.2806889763779523
20
-2.5033858267716536
11
7.3269488188976375
21
-2.5033858267716536
0
LINE
8
BLACK
6
CONTINUOUS
10
7.3269488188976375
20
-2.5033858267716536
11
7.3292087795275584
21
-2.5038353543307088
0
LINE
8
BLACK
6
CONTINUOUS
10
5.3530572440944884
20
-3.8443568897637794
11
5.3615136614173231
21
-3.8466227952755903
0
LINE
8
BLACK
6
CONTINUOUS
10
5.3615136614173231
20
-3.8466227952755903
11
5.3696020078740156
21
-3.8499730708661417
0
LINE
8
BLACK
6
CONTINUOUS
10
5.3696020078740156
20
-3.8499730708661417
11
5.3771838188976373
21
-3.8543504724409448
0
LINE
8
BLACK
6
CONTINUOUS
10
5.3771838188976373
20
-3.8543504724409448
11
5.3841294488188973
21
-3.85968
0
LINE
8
BLACK
6
CONTINUOUS
10
5.3841294488188973
20
-3.85968
11
5.39032
21
-3.8658705511811022
0
LINE
8
BLACK
6
CONTINUOUS
10
5.39032
20
-3.8658705511811022
11
5.3956495275590548
21
-3.8728161811023623
0
LINE
8
BLACK
6
CONTINUOUS
10
5.3956495275590548
20
-3.8728161811023623
11
5.4000269291338583
21
-3.8803979921259844
0
LINE
8
BLACK
6
CONTINUOUS
10
5.4000269291338583
20
-3.8803979921259844
11
5.4033772047244097
21
-3.8884863385826769
0
LINE
8
BLACK
6
CONTINUOUS
10
5.4033772047244097
20
-3.8884863385826769
11
5.4056431102362206
21
-3.8969427559055116
0
LINE
8
BLACK
6
CONTINUOUS
10
5.4056431102362206
20
-3.8969427559055116
11
5.4067858267716531
21
-3.9056226377952754
0
LINE
8
BLACK
6
CONTINUOUS
10
5.4067858267716531
20
-3.9056226377952754
11
5.4067858267716531
21
-3.9143773622047244
0
LINE
8
BLACK
6
CONTINUOUS
10
5.4067858267716531
20
-3.9143773622047244
11
5.4056431102362206
21
-3.9230572440944882
0
LINE
8
BLACK
6
CONTINUOUS
10
5.4056431102362206
20
-3.9230572440944882
11
5.4033772047244097
21
-3.9315136614173229
0
LINE
8
BLACK
6
CONTINUOUS
10
5.4033772047244097
20
-3.9315136614173229
11
5.4000269291338583
21
-3.9396020078740155
0
LINE
8
BLACK
6
CONTINUOUS
10
5.4000269291338583
20
-3.9396020078740155
11
5.3956495275590548
21
-3.9471838188976376
0
LINE
8
BLACK
6
CONTINUOUS
10
5.3956495275590548
20
-3.9471838188976376
11
5.39032
21
-3.9541294488188976
0
LINE
8
BLACK
6
CONTINUOUS
10
5.39032
20
-3.9541294488188976
11
5.3841294488188973
21
-3.9603199999999998
0
LINE
8
BLACK
6
CONTINUOUS
10
5.3841294488188973
20
-3.9603199999999998
11
5.3771838188976373
21
-3.9656495275590551
0
LINE
8
BLACK
6
CONTINUOUS
10
5.3771838188976373
20
-3.9656495275590551
11
5.3696020078740156
21
-3.9700269291338581
0
LINE
8
BLACK
6
CONTINUOUS
10
5.3696020078740156
20
-3.9700269291338581
11
5.3615136614173231
21
-3.9733772047244091
0
LINE
8
BLACK
6
CONTINUOUS
10
5.3615136614173231
20
-3.9733772047244091
11
5.3530572440944884
21
-3.9756431102362204
0
LINE
8
BLACK
6
CONTINUOUS
10
5.3530572440944884
20
-3.9756431102362204
11
5.3443773622047246
21
-3.9767858267716534
0
LINE
8
BLACK
6
CONTINUOUS
10
5.3443773622047246
20
-3.9767858267716534
11
5.3356226377952751
21
-3.9767858267716534
0
LINE
8
BLACK
6
CONTINUOUS
10
5.3356226377952751
20
-3.9767858267716534
11
5.3269427559055114
21
-3.9756431102362204
0
LINE
8
BLACK
6
CONTINUOUS
10
5.3269427559055114
20
-3.9756431102362204
11
5.3184863385826766
21
-3.9733772047244091
0
LINE
8
BLACK
6
CONTINUOUS
10
5.3184863385826766
20
-3.9733772047244091
11
5.3103979921259841
21
-3.9700269291338581
0
LINE
8
BLACK
6
CONTINUOUS
10
5.3103979921259841
20
-3.9700269291338581
11
5.3028161811023624
21
-3.9656495275590551
0
LINE
8
BLACK
6
CONTINUOUS
10
5.3028161811023624
20
-3.9656495275590551
11
5.2958705511811024
21
-3.9603199999999998
0
LINE
8
BLACK
6
CONTINUOUS
10
5.2958705511811024
20
-3.9603199999999998
11
5.2896799999999997
21
-3.9541294488188976
0
LINE
8
BLACK
6
CONTINUOUS
10
5.2896799999999997
20
-3.9541294488188976
11
5.2843504724409449
21
-3.9471838188976376
0
LINE
8
BLACK
6
CONTINUOUS
10
5.2843504724409449
20
-3.9471838188976376
11
5.2799730708661414
21
-3.9396020078740155
0
LINE
8
BLACK
6
CONTINUOUS
10
5.2799730708661414
20
-3.9396020078740155
11
5.2766227952755909
21
-3.9315136614173229
0
LINE
8
BLACK
6
CONTINUOUS
10
5.2766227952755909
20
-3.9315136614173229
11
5.2743568897637791
21
-3.9230572440944882
0
LINE
8
BLACK
6
CONTINUOUS
10
5.2743568897637791
20
-3.9230572440944882
11
5.2732141732283466
21
-3.9143773622047244
0
LINE
8
BLACK
6
CONTINUOUS
10
5.2732141732283466
20
-3.9143773622047244
11
5.2732141732283466
21
-3.9056226377952754
0
LINE
8
BLACK
6
CONTINUOUS
10
5.2732141732283466
20
-3.9056226377952754
11
5.2732905511811019
21
-3.9050424015748031
0
LINE
8
BLACK
6
CONTINUOUS
10
5.2732905511811019
20
-3.9050424015748031
11
5.2743568897637791
21
-3.8969427559055116
0
LINE
8
BLACK
6
CONTINUOUS
10
5.2743568897637791
20
-3.8969427559055116
11
5.2766227952755909
21
-3.8884863385826769
0
LINE
8
BLACK
6
CONTINUOUS
10
5.2766227952755909
20
-3.8884863385826769
11
5.2799730708661414
21
-3.8803979921259844
0
LINE
8
BLACK
6
CONTINUOUS
10
5.2799730708661414
20
-3.8803979921259844
11
5.2843504724409449
21
-3.8728161811023623
0
LINE
8
BLACK
6
CONTINUOUS
10
5.2843504724409449
20
-3.8728161811023623
11
5.2896799999999997
21
-3.8658705511811022
0
LINE
8
BLACK
6
CONTINUOUS
10
5.2896799999999997
20
-3.8658705511811022
11
5.2958705511811024
21
-3.85968
0
LINE
8
BLACK
6
CONTINUOUS
10
5.2958705511811024
20
-3.85968
11
5.3028161811023624
21
-3.8543504724409448
0
LINE
8
BLACK
6
CONTINUOUS
10
5.3028161811023624
20
-3.8543504724409448
11
5.3103979921259841
21
-3.8499730708661417
0
LINE
8
BLACK
6
CONTINUOUS
10
5.3103979921259841
20
-3.8499730708661417
11
5.3184863385826766
21
-3.8466227952755903
0
LINE
8
BLACK
6
CONTINUOUS
10
5.3184863385826766
20
-3.8466227952755903
11
5.3269427559055114
21
-3.8443568897637794
0
LINE
8
BLACK
6
CONTINUOUS
10
5.3269427559055114
20
-3.8443568897637794
11
5.3356226377952751
21
-3.8432141732283465
0
LINE
8
BLACK
6
CONTINUOUS
10
5.3356226377952751
20
-3.8432141732283465
11
5.3443773622047246
21
-3.8432141732283465
0
LINE
8
BLACK
6
CONTINUOUS
10
5.3443773622047246
20
-3.8432141732283465
11
5.3530572440944884
21
-3.8443568897637794
0
LINE
8
BLACK
6
CONTINUOUS
10
5.277007874015748
20
-3.9149575984251967
11
5.2785589370078743
21
-3.9247507086614171
0
LINE
8
BLACK
6
CONTINUOUS
10
5.2785589370078743
20
-3.9247507086614171
11
5.2816228740157483
21
-3.9341805905511809
0
LINE
8
BLACK
6
CONTINUOUS
10
5.2816228740157483
20
-3.9341805905511809
11
5.2861242913385826
21
-3.9430150787401574
0
LINE
8
BLACK
6
CONTINUOUS
10
5.2861242913385826
20
-3.9430150787401574
11
5.2919522834645667
21
-3.951036614173228
0
LINE
8
BLACK
6
CONTINUOUS
10
5.2919522834645667
20
-3.951036614173228
11
5.298963385826772
21
-3.9580477165354329
0
LINE
8
BLACK
6
CONTINUOUS
10
5.298963385826772
20
-3.9580477165354329
11
5.3069849212598426
21
-3.9638757086614174
0
LINE
8
BLACK
6
CONTINUOUS
10
5.3069849212598426
20
-3.9638757086614174
11
5.3158194094488191
21
-3.9683771259842517
0
LINE
8
BLACK
6
CONTINUOUS
10
5.3158194094488191
20
-3.9683771259842517
11
5.3252492913385829
21
-3.9714410629921257
0
LINE
8
BLACK
6
CONTINUOUS
10
5.3252492913385829
20
-3.9714410629921257
11
5.3350424015748033
21
-3.972992125984252
0
LINE
8
BLACK
6
CONTINUOUS
10
5.3350424015748033
20
-3.972992125984252
11
5.3449575984251965
21
-3.972992125984252
0
LINE
8
BLACK
6
CONTINUOUS
10
5.3449575984251965
20
-3.972992125984252
11
5.3547507086614168
21
-3.9714410629921257
0
LINE
8
BLACK
6
CONTINUOUS
10
5.3547507086614168
20
-3.9714410629921257
11
5.3641805905511806
21
-3.9683771259842517
0
LINE
8
BLACK
6
CONTINUOUS
10
5.3641805905511806
20
-3.9683771259842517
11
5.3730150787401572
21
-3.9638757086614174
0
LINE
8
BLACK
6
CONTINUOUS
10
5.3730150787401572
20
-3.9638757086614174
11
5.3810366141732286
21
-3.9580477165354329
0
LINE
8
BLACK
6
CONTINUOUS
10
5.3810366141732286
20
-3.9580477165354329
11
5.388047716535433
21
-3.951036614173228
0
LINE
8
BLACK
6
CONTINUOUS
10
5.388047716535433
20
-3.951036614173228
11
5.3938757086614171
21
-3.9430150787401574
0
LINE
8
BLACK
6
CONTINUOUS
10
5.3938757086614171
20
-3.9430150787401574
11
5.3983771259842515
21
-3.9341805905511809
0
LINE
8
BLACK
6
CONTINUOUS
10
5.3983771259842515
20
-3.9341805905511809
11
5.4014410629921255
21
-3.9247507086614171
0
LINE
8
BLACK
6
CONTINUOUS
10
5.4014410629921255
20
-3.9247507086614171
11
5.4029921259842517
21
-3.9149575984251967
0
LINE
8
BLACK
6
CONTINUOUS
10
5.4029921259842517
20
-3.9149575984251967
11
5.4029921259842517
21
-3.9050424015748031
0
LINE
8
BLACK
6
CONTINUOUS
10
5.4029921259842517
20
-3.9050424015748031
11
5.4014410629921255
21
-3.8952492913385828
0
LINE
8
BLACK
6
CONTINUOUS
10
5.4014410629921255
20
-3.8952492913385828
11
5.3983771259842515
21
-3.885819409448819
0
LINE
8
BLACK
6
CONTINUOUS
10
5.3983771259842515
20
-3.885819409448819
11
5.3938757086614171
21
-3.8769849212598424
0
LINE
8
BLACK
6
CONTINUOUS
10
5.3938757086614171
20
-3.8769849212598424
11
5.388047716535433
21
-3.8689633858267714
0
LINE
8
BLACK
6
CONTINUOUS
10
5.388047716535433
20
-3.8689633858267714
11
5.3810366141732286
21
-3.861952283464567
0
LINE
8
BLACK
6
CONTINUOUS
10
5.3810366141732286
20
-3.861952283464567
11
5.3730150787401572
21
-3.8561242913385825
0
LINE
8
BLACK
6
CONTINUOUS
10
5.3730150787401572
20
-3.8561242913385825
11
5.3641805905511806
21
-3.8516228740157481
0
LINE
8
BLACK
6
CONTINUOUS
10
5.3641805905511806
20
-3.8516228740157481
11
5.3547507086614168
21
-3.8485589370078741
0
LINE
8
BLACK
6
CONTINUOUS
10
5.3547507086614168
20
-3.8485589370078741
11
5.3449575984251965
21
-3.8470078740157478
0
LINE
8
BLACK
6
CONTINUOUS
10
5.3449575984251965
20
-3.8470078740157478
11
5.3350424015748033
21
-3.8470078740157478
0
LINE
8
BLACK
6
CONTINUOUS
10
5.3350424015748033
20
-3.8470078740157478
11
5.3252492913385829
21
-3.8485589370078741
0
LINE
8
BLACK
6
CONTINUOUS
10
5.3252492913385829
20
-3.8485589370078741
11
5.3158194094488191
21
-3.8516228740157481
0
LINE
8
BLACK
6
CONTINUOUS
10
5.3158194094488191
20
-3.8516228740157481
11
5.3069849212598426
21
-3.8561242913385825
0
LINE
8
BLACK
6
CONTINUOUS
10
5.3069849212598426
20
-3.8561242913385825
11
5.298963385826772
21
-3.861952283464567
0
LINE
8
BLACK
6
CONTINUOUS
10
5.298963385826772
20
-3.861952283464567
11
5.2919522834645667
21
-3.8689633858267714
0
LINE
8
BLACK
6
CONTINUOUS
10
5.2919522834645667
20
-3.8689633858267714
11
5.2861242913385826
21
-3.8769849212598424
0
LINE
8
BLACK
6
CONTINUOUS
10
5.2861242913385826
20
-3.8769849212598424
11
5.2816228740157483
21
-3.885819409448819
0
LINE
8
BLACK
6
CONTINUOUS
10
5.2816228740157483
20
-3.885819409448819
11
5.2785589370078743
21
-3.8952492913385828
0
LINE
8
BLACK
6
CONTINUOUS
10
5.2785589370078743
20
-3.8952492913385828
11
5.277007874015748
21
-3.9050424015748031
0
LINE
8
BLACK
6
CONTINUOUS
10
5.277007874015748
20
-3.9050424015748031
11
5.277007874015748
21
-3.9149575984251967
0
LINE
8
BLACK
6
CONTINUOUS
10
8.0130572440944885
20
-3.8443568897637794
11
8.0215136614173232
21
-3.8466227952755903
0
LINE
8
BLACK
6
CONTINUOUS
10
8.0215136614173232
20
-3.8466227952755903
11
8.0296020078740149
21
-3.8499730708661417
0
LINE
8
BLACK
6
CONTINUOUS
10
8.0296020078740149
20
-3.8499730708661417
11
8.0371838188976383
21
-3.8543504724409448
0
LINE
8
BLACK
6
CONTINUOUS
10
8.0371838188976383
20
-3.8543504724409448
11
8.0441294488188966
21
-3.85968
0
LINE
8
BLACK
6
CONTINUOUS
10
8.0441294488188966
20
-3.85968
11
8.0503199999999993
21
-3.8658705511811022
0
LINE
8
BLACK
6
CONTINUOUS
10
8.0503199999999993
20
-3.8658705511811022
11
8.0556495275590549
21
-3.8728161811023623
0
LINE
8
BLACK
6
CONTINUOUS
10
8.0556495275590549
20
-3.8728161811023623
11
8.0600269291338584
21
-3.8803979921259844
0
LINE
8
BLACK
6
CONTINUOUS
10
8.0600269291338584
20
-3.8803979921259844
11
8.063377204724409
21
-3.8884863385826769
0
LINE
8
BLACK
6
CONTINUOUS
10
8.063377204724409
20
-3.8884863385826769
11
8.0656431102362198
21
-3.8969427559055116
0
LINE
8
BLACK
6
CONTINUOUS
10
8.0656431102362198
20
-3.8969427559055116
11
8.0667858267716532
21
-3.9056226377952754
0
LINE
8
BLACK
6
CONTINUOUS
10
8.0667858267716532
20
-3.9056226377952754
11
8.0667858267716532
21
-3.9143773622047244
0
LINE
8
BLACK
6
CONTINUOUS
10
8.0667858267716532
20
-3.9143773622047244
11
8.0656431102362198
21
-3.9230572440944882
0
LINE
8
BLACK
6
CONTINUOUS
10
8.0656431102362198
20
-3.9230572440944882
11
8.063377204724409
21
-3.9315136614173229
0
LINE
8
BLACK
6
CONTINUOUS
10
8.063377204724409
20
-3.9315136614173229
11
8.0600269291338584
21
-3.9396020078740155
0
LINE
8
BLACK
6
CONTINUOUS
10
8.0600269291338584
20
-3.9396020078740155
11
8.0556495275590549
21
-3.9471838188976376
0
LINE
8
BLACK
6
CONTINUOUS
10
8.0556495275590549
20
-3.9471838188976376
11
8.0503199999999993
21
-3.9541294488188976
0
LINE
8
BLACK
6
CONTINUOUS
10
8.0503199999999993
20
-3.9541294488188976
11
8.0441294488188966
21
-3.9603199999999998
0
LINE
8
BLACK
6
CONTINUOUS
10
8.0441294488188966
20
-3.9603199999999998
11
8.0371838188976383
21
-3.9656495275590551
0
LINE
8
BLACK
6
CONTINUOUS
10
8.0371838188976383
20
-3.9656495275590551
11
8.0296020078740149
21
-3.9700269291338581
0
LINE
8
BLACK
6
CONTINUOUS
10
8.0296020078740149
20
-3.9700269291338581
11
8.0215136614173232
21
-3.9733772047244091
0
LINE
8
BLACK
6
CONTINUOUS
10
8.0215136614173232
20
-3.9733772047244091
11
8.0130572440944885
21
-3.9756431102362204
0
LINE
8
BLACK
6
CONTINUOUS
10
8.0130572440944885
20
-3.9756431102362204
11
8.0043773622047247
21
-3.9767858267716534
0
LINE
8
BLACK
6
CONTINUOUS
10
8.0043773622047247
20
-3.9767858267716534
11
7.9956226377952753
21
-3.9767858267716534
0
LINE
8
BLACK
6
CONTINUOUS
10
7.9956226377952753
20
-3.9767858267716534
11
7.9869427559055115
21
-3.9756431102362204
0
LINE
8
BLACK
6
CONTINUOUS
10
7.9869427559055115
20
-3.9756431102362204
11
7.9784863385826768
21
-3.9733772047244091
0
LINE
8
BLACK
6
CONTINUOUS
10
7.9784863385826768
20
-3.9733772047244091
11
7.9703979921259842
21
-3.9700269291338581
0
LINE
8
BLACK
6
CONTINUOUS
10
7.9703979921259842
20
-3.9700269291338581
11
7.9628161811023617
21
-3.9656495275590551
0
LINE
8
BLACK
6
CONTINUOUS
10
7.9628161811023617
20
-3.9656495275590551
11
7.9558705511811025
21
-3.9603199999999998
0
LINE
8
BLACK
6
CONTINUOUS
10
7.9558705511811025
20
-3.9603199999999998
11
7.9496799999999999
21
-3.9541294488188976
0
LINE
8
BLACK
6
CONTINUOUS
10
7.9496799999999999
20
-3.9541294488188976
11
7.9443504724409451
21
-3.9471838188976376
0
LINE
8
BLACK
6
CONTINUOUS
10
7.9443504724409451
20
-3.9471838188976376
11
7.9399730708661416
21
-3.9396020078740155
0
LINE
8
BLACK
6
CONTINUOUS
10
7.9399730708661416
20
-3.9396020078740155
11
7.9366227952755901
21
-3.9315136614173229
0
LINE
8
BLACK
6
CONTINUOUS
10
7.9366227952755901
20
-3.9315136614173229
11
7.9343568897637793
21
-3.9230572440944882
0
LINE
8
BLACK
6
CONTINUOUS
10
7.9343568897637793
20
-3.9230572440944882
11
7.9332141732283459
21
-3.9143773622047244
0
LINE
8
BLACK
6
CONTINUOUS
10
7.9332141732283459
20
-3.9143773622047244
11
7.9332141732283459
21
-3.9056226377952754
0
LINE
8
BLACK
6
CONTINUOUS
10
7.9332141732283459
20
-3.9056226377952754
11
7.933290551181102
21
-3.9050424015748031
0
LINE
8
BLACK
6
CONTINUOUS
10
7.933290551181102
20
-3.9050424015748031
11
7.9343568897637793
21
-3.8969427559055116
0
LINE
8
BLACK
6
CONTINUOUS
10
7.9343568897637793
20
-3.8969427559055116
11
7.9366227952755901
21
-3.8884863385826769
0
LINE
8
BLACK
6
CONTINUOUS
10
7.9366227952755901
20
-3.8884863385826769
11
7.9399730708661416
21
-3.8803979921259844
0
LINE
8
BLACK
6
CONTINUOUS
10
7.9399730708661416
20
-3.8803979921259844
11
7.9443504724409451
21
-3.8728161811023623
0
LINE
8
BLACK
6
CONTINUOUS
10
7.9443504724409451
20
-3.8728161811023623
11
7.9496799999999999
21
-3.8658705511811022
0
LINE
8
BLACK
6
CONTINUOUS
10
7.9496799999999999
20
-3.8658705511811022
11
7.9558705511811025
21
-3.85968
0
LINE
8
BLACK
6
CONTINUOUS
10
7.9558705511811025
20
-3.85968
11
7.9628161811023617
21
-3.8543504724409448
0
LINE
8
BLACK
6
CONTINUOUS
10
7.9628161811023617
20
-3.8543504724409448
11
7.9703979921259842
21
-3.8499730708661417
0
LINE
8
BLACK
6
CONTINUOUS
10
7.9703979921259842
20
-3.8499730708661417
11
7.9784863385826768
21
-3.8466227952755903
0
LINE
8
BLACK
6
CONTINUOUS
10
7.9784863385826768
20
-3.8466227952755903
11
7.9869427559055115
21
-3.8443568897637794
0
LINE
8
BLACK
6
CONTINUOUS
10
7.9869427559055115
20
-3.8443568897637794
11
7.9956226377952753
21
-3.8432141732283465
0
LINE
8
BLACK
6
CONTINUOUS
10
7.9956226377952753
20
-3.8432141732283465
11
8.0043773622047247
21
-3.8432141732283465
0
LINE
8
BLACK
6
CONTINUOUS
10
8.0043773622047247
20
-3.8432141732283465
11
8.0130572440944885
21
-3.8443568897637794
0
LINE
8
BLACK
6
CONTINUOUS
10
7.9370078740157481
20
-3.9149575984251967
11
7.9385589370078735
21
-3.9247507086614171
0
LINE
8
BLACK
6
CONTINUOUS
10
7.9385589370078735
20
-3.9247507086614171
11
7.9416228740157475
21
-3.9341805905511809
0
LINE
8
BLACK
6
CONTINUOUS
10
7.9416228740157475
20
-3.9341805905511809
11
7.9461242913385828
21
-3.9430150787401574
0
LINE
8
BLACK
6
CONTINUOUS
10
7.9461242913385828
20
-3.9430150787401574
11
7.9519522834645668
21
-3.951036614173228
0
LINE
8
BLACK
6
CONTINUOUS
10
7.9519522834645668
20
-3.951036614173228
11
7.9589633858267712
21
-3.9580477165354329
0
LINE
8
BLACK
6
CONTINUOUS
10
7.9589633858267712
20
-3.9580477165354329
11
7.9669849212598427
21
-3.9638757086614174
0
LINE
8
BLACK
6
CONTINUOUS
10
7.9669849212598427
20
-3.9638757086614174
11
7.9758194094488184
21
-3.9683771259842517
0
LINE
8
BLACK
6
CONTINUOUS
10
7.9758194094488184
20
-3.9683771259842517
11
7.9852492913385822
21
-3.9714410629921257
0
LINE
8
BLACK
6
CONTINUOUS
10
7.9852492913385822
20
-3.9714410629921257
11
7.9950424015748034
21
-3.972992125984252
0
LINE
8
BLACK
6
CONTINUOUS
10
7.9950424015748034
20
-3.972992125984252
11
8.0049575984251966
21
-3.972992125984252
0
LINE
8
BLACK
6
CONTINUOUS
10
8.0049575984251966
20
-3.972992125984252
11
8.0147507086614169
21
-3.9714410629921257
0
LINE
8
BLACK
6
CONTINUOUS
10
8.0147507086614169
20
-3.9714410629921257
11
8.0241805905511807
21
-3.9683771259842517
0
LINE
8
BLACK
6
CONTINUOUS
10
8.0241805905511807
20
-3.9683771259842517
11
8.0330150787401564
21
-3.9638757086614174
0
LINE
8
BLACK
6
CONTINUOUS
10
8.0330150787401564
20
-3.9638757086614174
11
8.0410366141732279
21
-3.9580477165354329
0
LINE
8
BLACK
6
CONTINUOUS
10
8.0410366141732279
20
-3.9580477165354329
11
8.0480477165354323
21
-3.951036614173228
0
LINE
8
BLACK
6
CONTINUOUS
10
8.0480477165354323
20
-3.951036614173228
11
8.0538757086614172
21
-3.9430150787401574
0
LINE
8
BLACK
6
CONTINUOUS
10
8.0538757086614172
20
-3.9430150787401574
11
8.0583771259842525
21
-3.9341805905511809
0
LINE
8
BLACK
6
CONTINUOUS
10
8.0583771259842525
20
-3.9341805905511809
11
8.0614410629921256
21
-3.9247507086614171
0
LINE
8
BLACK
6
CONTINUOUS
10
8.0614410629921256
20
-3.9247507086614171
11
8.0629921259842519
21
-3.9149575984251967
0
LINE
8
BLACK
6
CONTINUOUS
10
8.0629921259842519
20
-3.9149575984251967
11
8.0629921259842519
21
-3.9050424015748031
0
LINE
8
BLACK
6
CONTINUOUS
10
8.0629921259842519
20
-3.9050424015748031
11
8.0614410629921256
21
-3.8952492913385828
0
LINE
8
BLACK
6
CONTINUOUS
10
8.0614410629921256
20
-3.8952492913385828
11
8.0583771259842525
21
-3.885819409448819
0
LINE
8
BLACK
6
CONTINUOUS
10
8.0583771259842525
20
-3.885819409448819
11
8.0538757086614172
21
-3.8769849212598424
0
LINE
8
BLACK
6
CONTINUOUS
10
8.0538757086614172
20
-3.8769849212598424
11
8.0480477165354323
21
-3.8689633858267714
0
LINE
8
BLACK
6
CONTINUOUS
10
8.0480477165354323
20
-3.8689633858267714
11
8.0410366141732279
21
-3.861952283464567
0
LINE
8
BLACK
6
CONTINUOUS
10
8.0410366141732279
20
-3.861952283464567
11
8.0330150787401564
21
-3.8561242913385825
0
LINE
8
BLACK
6
CONTINUOUS
10
8.0330150787401564
20
-3.8561242913385825
11
8.0241805905511807
21
-3.8516228740157481
0
LINE
8
BLACK
6
CONTINUOUS
10
8.0241805905511807
20
-3.8516228740157481
11
8.0147507086614169
21
-3.8485589370078741
0
LINE
8
BLACK
6
CONTINUOUS
10
8.0147507086614169
20
-3.8485589370078741
11
8.0049575984251966
21
-3.8470078740157478
0
LINE
8
BLACK
6
CONTINUOUS
10
8.0049575984251966
20
-3.8470078740157478
11
7.9950424015748034
21
-3.8470078740157478
0
LINE
8
BLACK
6
CONTINUOUS
10
7.9950424015748034
20
-3.8470078740157478
11
7.9852492913385822
21
-3.8485589370078741
0
LINE
8
BLACK
6
CONTINUOUS
10
7.9852492913385822
20
-3.8485589370078741
11
7.9758194094488184
21
-3.8516228740157481
0
LINE
8
BLACK
6
CONTINUOUS
10
7.9758194094488184
20
-3.8516228740157481
11
7.9669849212598427
21
-3.8561242913385825
0
LINE
8
BLACK
6
CONTINUOUS
10
7.9669849212598427
20
-3.8561242913385825
11
7.9589633858267712
21
-3.861952283464567
0
LINE
8
BLACK
6
CONTINUOUS
10
7.9589633858267712
20
-3.861952283464567
11
7.9519522834645668
21
-3.8689633858267714
0
LINE
8
BLACK
6
CONTINUOUS
10
7.9519522834645668
20
-3.8689633858267714
11
7.9461242913385828
21
-3.8769849212598424
0
LINE
8
BLACK
6
CONTINUOUS
10
7.9461242913385828
20
-3.8769849212598424
11
7.9416228740157475
21
-3.885819409448819
0
LINE
8
BLACK
6
CONTINUOUS
10
7.9416228740157475
20
-3.885819409448819
11
7.9385589370078735
21
-3.8952492913385828
0
LINE
8
BLACK
6
CONTINUOUS
10
7.9385589370078735
20
-3.8952492913385828
11
7.9370078740157481
21
-3.9050424015748031
0
LINE
8
BLACK
6
CONTINUOUS
10
7.9370078740157481
20
-3.9050424015748031
11
7.9370078740157481
21
-3.9149575984251967
0
LINE
8
BLACK
6
CONTINUOUS
10
6.2580178740157475
20
-3.4143568897637793
11
6.2664742913385822
21
-3.4166227952755905
0
LINE
8
BLACK
6
CONTINUOUS
10
6.2664742913385822
20
-3.4166227952755905
11
6.2745626377952757
21
-3.4199730708661416
0
LINE
8
BLACK
6
CONTINUOUS
10
6.2745626377952757
20
-3.4199730708661416
11
6.2821444488188973
21
-3.4243504724409446
0
LINE
8
BLACK
6
CONTINUOUS
10
6.2821444488188973
20
-3.4243504724409446
11
6.2890900787401574
21
-3.4296799999999998
0
LINE
8
BLACK
6
CONTINUOUS
10
6.2890900787401574
20
-3.4296799999999998
11
6.29528062992126
21
-3.4358705511811021
0
LINE
8
BLACK
6
CONTINUOUS
10
6.29528062992126
20
-3.4358705511811021
11
6.3006101574803148
21
-3.4428161811023621
0
LINE
8
BLACK
6
CONTINUOUS
10
6.3006101574803148
20
-3.4428161811023621
11
6.3049875590551183
21
-3.4503979921259842
0
LINE
8
BLACK
6
CONTINUOUS
10
6.3049875590551183
20
-3.4503979921259842
11
6.3083378346456689
21
-3.4584863385826772
0
LINE
8
BLACK
6
CONTINUOUS
10
6.3083378346456689
20
-3.4584863385826772
11
6.3106037401574806
21
-3.4669427559055119
0
LINE
8
BLACK
6
CONTINUOUS
10
6.3106037401574806
20
-3.4669427559055119
11
6.3117464566929131
21
-3.4756226377952757
0
LINE
8
BLACK
6
CONTINUOUS
10
6.3117464566929131
20
-3.4756226377952757
11
6.3117464566929131
21
-3.4843773622047243
0
LINE
8
BLACK
6
CONTINUOUS
10
6.3117464566929131
20
-3.4843773622047243
11
6.3106037401574806
21
-3.493057244094488
0
LINE
8
BLACK
6
CONTINUOUS
10
6.3106037401574806
20
-3.493057244094488
11
6.3083378346456689
21
-3.5015136614173228
0
LINE
8
BLACK
6
CONTINUOUS
10
6.3083378346456689
20
-3.5015136614173228
11
6.3049875590551183
21
-3.5096020078740158
0
LINE
8
BLACK
6
CONTINUOUS
10
6.3049875590551183
20
-3.5096020078740158
11
6.3006101574803148
21
-3.5171838188976379
0
LINE
8
BLACK
6
CONTINUOUS
10
6.3006101574803148
20
-3.5171838188976379
11
6.29528062992126
21
-3.5241294488188974
0
LINE
8
BLACK
6
CONTINUOUS
10
6.29528062992126
20
-3.5241294488188974
11
6.2890900787401574
21
-3.5303200000000001
0
LINE
8
BLACK
6
CONTINUOUS
10
6.2890900787401574
20
-3.5303200000000001
11
6.2821444488188973
21
-3.5356495275590549
0
LINE
8
BLACK
6
CONTINUOUS
10
6.2821444488188973
20
-3.5356495275590549
11
6.2745626377952757
21
-3.540026929133858
0
LINE
8
BLACK
6
CONTINUOUS
10
6.2745626377952757
20
-3.540026929133858
11
6.2664742913385822
21
-3.5433772047244094
0
LINE
8
BLACK
6
CONTINUOUS
10
6.2664742913385822
20
-3.5433772047244094
11
6.2580178740157475
21
-3.5456431102362203
0
LINE
8
BLACK
6
CONTINUOUS
10
6.2580178740157475
20
-3.5456431102362203
11
6.2493379921259837
21
-3.5467858267716537
0
LINE
8
BLACK
6
CONTINUOUS
10
6.2493379921259837
20
-3.5467858267716537
11
6.2405832677165352
21
-3.5467858267716537
0
LINE
8
BLACK
6
CONTINUOUS
10
6.2405832677165352
20
-3.5467858267716537
11
6.2319033858267714
21
-3.5456431102362203
0
LINE
8
BLACK
6
CONTINUOUS
10
6.2319033858267714
20
-3.5456431102362203
11
6.2234469685039366
21
-3.5433772047244094
0
LINE
8
BLACK
6
CONTINUOUS
10
6.2234469685039366
20
-3.5433772047244094
11
6.2153586220472441
21
-3.540026929133858
0
LINE
8
BLACK
6
CONTINUOUS
10
6.2153586220472441
20
-3.540026929133858
11
6.2077768110236216
21
-3.5356495275590549
0
LINE
8
BLACK
6
CONTINUOUS
10
6.2077768110236216
20
-3.5356495275590549
11
6.2008311811023624
21
-3.5303200000000001
0
LINE
8
BLACK
6
CONTINUOUS
10
6.2008311811023624
20
-3.5303200000000001
11
6.1946406299212597
21
-3.5241294488188974
0
LINE
8
BLACK
6
CONTINUOUS
10
6.1946406299212597
20
-3.5241294488188974
11
6.1893111023622049
21
-3.5171838188976379
0
LINE
8
BLACK
6
CONTINUOUS
10
6.1893111023622049
20
-3.5171838188976379
11
6.1849337007874015
21
-3.5096020078740158
0
LINE
8
BLACK
6
CONTINUOUS
10
6.1849337007874015
20
-3.5096020078740158
11
6.18158342519685
21
-3.5015136614173228
0
LINE
8
BLACK
6
CONTINUOUS
10
6.18158342519685
20
-3.5015136614173228
11
6.1793175196850392
21
-3.493057244094488
0
LINE
8
BLACK
6
CONTINUOUS
10
6.1793175196850392
20
-3.493057244094488
11
6.1781748031496058
21
-3.4843773622047243
0
LINE
8
BLACK
6
CONTINUOUS
10
6.1781748031496058
20
-3.4843773622047243
11
6.1781748031496058
21
-3.4756226377952757
0
LINE
8
BLACK
6
CONTINUOUS
10
6.1781748031496058
20
-3.4756226377952757
11
6.1782511811023619
21
-3.4750424015748029
0
LINE
8
BLACK
6
CONTINUOUS
10
6.1782511811023619
20
-3.4750424015748029
11
6.1793175196850392
21
-3.4669427559055119
0
LINE
8
BLACK
6
CONTINUOUS
10
6.1793175196850392
20
-3.4669427559055119
11
6.18158342519685
21
-3.4584863385826772
0
LINE
8
BLACK
6
CONTINUOUS
10
6.18158342519685
20
-3.4584863385826772
11
6.1849337007874015
21
-3.4503979921259842
0
LINE
8
BLACK
6
CONTINUOUS
10
6.1849337007874015
20
-3.4503979921259842
11
6.1893111023622049
21
-3.4428161811023621
0
LINE
8
BLACK
6
CONTINUOUS
10
6.1893111023622049
20
-3.4428161811023621
11
6.1946406299212597
21
-3.4358705511811021
0
LINE
8
BLACK
6
CONTINUOUS
10
6.1946406299212597
20
-3.4358705511811021
11
6.2008311811023624
21
-3.4296799999999998
0
LINE
8
BLACK
6
CONTINUOUS
10
6.2008311811023624
20
-3.4296799999999998
11
6.2077768110236216
21
-3.4243504724409446
0
LINE
8
BLACK
6
CONTINUOUS
10
6.2077768110236216
20
-3.4243504724409446
11
6.2153586220472441
21
-3.4199730708661416
0
LINE
8
BLACK
6
CONTINUOUS
10
6.2153586220472441
20
-3.4199730708661416
11
6.2234469685039366
21
-3.4166227952755905
0
LINE
8
BLACK
6
CONTINUOUS
10
6.2234469685039366
20
-3.4166227952755905
11
6.2319033858267714
21
-3.4143568897637793
0
LINE
8
BLACK
6
CONTINUOUS
10
6.2319033858267714
20
-3.4143568897637793
11
6.2405832677165352
21
-3.4132141732283463
0
LINE
8
BLACK
6
CONTINUOUS
10
6.2405832677165352
20
-3.4132141732283463
11
6.2493379921259837
21
-3.4132141732283463
0
LINE
8
BLACK
6
CONTINUOUS
10
6.2493379921259837
20
-3.4132141732283463
11
6.2580178740157475
21
-3.4143568897637793
0
LINE
8
BLACK
6
CONTINUOUS
10
6.181968503937008
20
-3.4849575984251966
11
6.1835195669291334
21
-3.4947507086614173
0
LINE
8
BLACK
6
CONTINUOUS
10
6.1835195669291334
20
-3.4947507086614173
11
6.1865835039370074
21
-3.5041805905511811
0
LINE
8
BLACK
6
CONTINUOUS
10
6.1865835039370074
20
-3.5041805905511811
11
6.1910849212598427
21
-3.5130150787401573
0
LINE
8
BLACK
6
CONTINUOUS
10
6.1910849212598427
20
-3.5130150787401573
11
6.1969129133858267
21
-3.5210366141732283
0
LINE
8
BLACK
6
CONTINUOUS
10
6.1969129133858267
20
-3.5210366141732283
11
6.2039240157480311
21
-3.5280477165354331
0
LINE
8
BLACK
6
CONTINUOUS
10
6.2039240157480311
20
-3.5280477165354331
11
6.2119455511811026
21
-3.5338757086614172
0
LINE
8
BLACK
6
CONTINUOUS
10
6.2119455511811026
20
-3.5338757086614172
11
6.2207800393700783
21
-3.538377125984252
0
LINE
8
BLACK
6
CONTINUOUS
10
6.2207800393700783
20
-3.538377125984252
11
6.2302099212598421
21
-3.541441062992126
0
LINE
8
BLACK
6
CONTINUOUS
10
6.2302099212598421
20
-3.541441062992126
11
6.2400030314960633
21
-3.5429921259842518
0
LINE
8
BLACK
6
CONTINUOUS
10
6.2400030314960633
20
-3.5429921259842518
11
6.2499182283464565
21
-3.5429921259842518
0
LINE
8
BLACK
6
CONTINUOUS
10
6.2499182283464565
20
-3.5429921259842518
11
6.2597113385826768
21
-3.541441062992126
0
LINE
8
BLACK
6
CONTINUOUS
10
6.2597113385826768
20
-3.541441062992126
11
6.2691412204724406
21
-3.538377125984252
0
LINE
8
BLACK
6
CONTINUOUS
10
6.2691412204724406
20
-3.538377125984252
11
6.2779757086614172
21
-3.5338757086614172
0
LINE
8
BLACK
6
CONTINUOUS
10
6.2779757086614172
20
-3.5338757086614172
11
6.2859972440944878
21
-3.5280477165354331
0
LINE
8
BLACK
6
CONTINUOUS
10
6.2859972440944878
20
-3.5280477165354331
11
6.293008346456693
21
-3.5210366141732283
0
LINE
8
BLACK
6
CONTINUOUS
10
6.293008346456693
20
-3.5210366141732283
11
6.2988363385826771
21
-3.5130150787401573
0
LINE
8
BLACK
6
CONTINUOUS
10
6.2988363385826771
20
-3.5130150787401573
11
6.3033377559055115
21
-3.5041805905511811
0
LINE
8
BLACK
6
CONTINUOUS
10
6.3033377559055115
20
-3.5041805905511811
11
6.3064016929133855
21
-3.4947507086614173
0
LINE
8
BLACK
6
CONTINUOUS
10
6.3064016929133855
20
-3.4947507086614173
11
6.3079527559055117
21
-3.4849575984251966
0
LINE
8
BLACK
6
CONTINUOUS
10
6.3079527559055117
20
-3.4849575984251966
11
6.3079527559055117
21
-3.4750424015748029
0
LINE
8
BLACK
6
CONTINUOUS
10
6.3079527559055117
20
-3.4750424015748029
11
6.3064016929133855
21
-3.4652492913385826
0
LINE
8
BLACK
6
CONTINUOUS
10
6.3064016929133855
20
-3.4652492913385826
11
6.3033377559055115
21
-3.4558194094488188
0
LINE
8
BLACK
6
CONTINUOUS
10
6.3033377559055115
20
-3.4558194094488188
11
6.2988363385826771
21
-3.4469849212598422
0
LINE
8
BLACK
6
CONTINUOUS
10
6.2988363385826771
20
-3.4469849212598422
11
6.293008346456693
21
-3.4389633858267716
0
LINE
8
BLACK
6
CONTINUOUS
10
6.293008346456693
20
-3.4389633858267716
11
6.2859972440944878
21
-3.4319522834645668
0
LINE
8
BLACK
6
CONTINUOUS
10
6.2859972440944878
20
-3.4319522834645668
11
6.2779757086614172
21
-3.4261242913385828
0
LINE
8
BLACK
6
CONTINUOUS
10
6.2779757086614172
20
-3.4261242913385828
11
6.2691412204724406
21
-3.4216228740157479
0
LINE
8
BLACK
6
CONTINUOUS
10
6.2691412204724406
20
-3.4216228740157479
11
6.2597113385826768
21
-3.4185589370078739
0
LINE
8
BLACK
6
CONTINUOUS
10
6.2597113385826768
20
-3.4185589370078739
11
6.2499182283464565
21
-3.4170078740157481
0
LINE
8
BLACK
6
CONTINUOUS
10
6.2499182283464565
20
-3.4170078740157481
11
6.2400030314960633
21
-3.4170078740157481
0
LINE
8
BLACK
6
CONTINUOUS
10
6.2400030314960633
20
-3.4170078740157481
11
6.2302099212598421
21
-3.4185589370078739
0
LINE
8
BLACK
6
CONTINUOUS
10
6.2302099212598421
20
-3.4185589370078739
11
6.2207800393700783
21
-3.4216228740157479
0
LINE
8
BLACK
6
CONTINUOUS
10
6.2207800393700783
20
-3.4216228740157479
11
6.2119455511811026
21
-3.4261242913385828
0
LINE
8
BLACK
6
CONTINUOUS
10
6.2119455511811026
20
-3.4261242913385828
11
6.2039240157480311
21
-3.4319522834645668
0
LINE
8
BLACK
6
CONTINUOUS
10
6.2039240157480311
20
-3.4319522834645668
11
6.1969129133858267
21
-3.4389633858267716
0
LINE
8
BLACK
6
CONTINUOUS
10
6.1969129133858267
20
-3.4389633858267716
11
6.1910849212598427
21
-3.4469849212598422
0
LINE
8
BLACK
6
CONTINUOUS
10
6.1910849212598427
20
-3.4469849212598422
11
6.1865835039370074
21
-3.4558194094488188
0
LINE
8
BLACK
6
CONTINUOUS
10
6.1865835039370074
20
-3.4558194094488188
11
6.1835195669291334
21
-3.4652492913385826
0
LINE
8
BLACK
6
CONTINUOUS
10
6.1835195669291334
20
-3.4652492913385826
11
6.181968503937008
21
-3.4750424015748029
0
LINE
8
BLACK
6
CONTINUOUS
10
6.181968503937008
20
-3.4750424015748029
11
6.181968503937008
21
-3.4849575984251966
0
LINE
8
BLACK
6
CONTINUOUS
10
6.2580178740157475
20
-2.5743568897637794
11
6.2664742913385822
21
-2.5766227952755907
0
LINE
8
BLACK
6
CONTINUOUS
10
6.2664742913385822
20
-2.5766227952755907
11
6.2745626377952757
21
-2.5799730708661417
0
LINE
8
BLACK
6
CONTINUOUS
10
6.2745626377952757
20
-2.5799730708661417
11
6.2821444488188973
21
-2.5843504724409447
0
LINE
8
BLACK
6
CONTINUOUS
10
6.2821444488188973
20
-2.5843504724409447
11
6.2890900787401574
21
-2.58968
0
LINE
8
BLACK
6
CONTINUOUS
10
6.2890900787401574
20
-2.58968
11
6.29528062992126
21
-2.5958705511811022
0
LINE
8
BLACK
6
CONTINUOUS
10
6.29528062992126
20
-2.5958705511811022
11
6.3006101574803148
21
-2.6028161811023622
0
LINE
8
BLACK
6
CONTINUOUS
10
6.3006101574803148
20
-2.6028161811023622
11
6.3049875590551183
21
-2.6103979921259843
0
LINE
8
BLACK
6
CONTINUOUS
10
6.3049875590551183
20
-2.6103979921259843
11
6.3083378346456689
21
-2.6184863385826773
0
LINE
8
BLACK
6
CONTINUOUS
10
6.3083378346456689
20
-2.6184863385826773
11
6.3106037401574806
21
-2.6269427559055116
0
LINE
8
BLACK
6
CONTINUOUS
10
6.3106037401574806
20
-2.6269427559055116
11
6.3117464566929131
21
-2.6356226377952754
0
LINE
8
BLACK
6
CONTINUOUS
10
6.3117464566929131
20
-2.6356226377952754
11
6.3117464566929131
21
-2.6443773622047244
0
LINE
8
BLACK
6
CONTINUOUS
10
6.3117464566929131
20
-2.6443773622047244
11
6.3106037401574806
21
-2.6530572440944882
0
LINE
8
BLACK
6
CONTINUOUS
10
6.3106037401574806
20
-2.6530572440944882
11
6.3083378346456689
21
-2.6615136614173229
0
LINE
8
BLACK
6
CONTINUOUS
10
6.3083378346456689
20
-2.6615136614173229
11
6.3049875590551183
21
-2.6696020078740155
0
LINE
8
BLACK
6
CONTINUOUS
10
6.3049875590551183
20
-2.6696020078740155
11
6.3006101574803148
21
-2.6771838188976376
0
LINE
8
BLACK
6
CONTINUOUS
10
6.3006101574803148
20
-2.6771838188976376
11
6.29528062992126
21
-2.6841294488188976
0
LINE
8
BLACK
6
CONTINUOUS
10
6.29528062992126
20
-2.6841294488188976
11
6.2890900787401574
21
-2.6903199999999998
0
LINE
8
BLACK
6
CONTINUOUS
10
6.2890900787401574
20
-2.6903199999999998
11
6.2821444488188973
21
-2.6956495275590551
0
LINE
8
BLACK
6
CONTINUOUS
10
6.2821444488188973
20
-2.6956495275590551
11
6.2745626377952757
21
-2.7000269291338581
0
LINE
8
BLACK
6
CONTINUOUS
10
6.2745626377952757
20
-2.7000269291338581
11
6.2664742913385822
21
-2.7033772047244096
0
LINE
8
BLACK
6
CONTINUOUS
10
6.2664742913385822
20
-2.7033772047244096
11
6.2580178740157475
21
-2.7056431102362204
0
LINE
8
BLACK
6
CONTINUOUS
10
6.2580178740157475
20
-2.7056431102362204
11
6.2493379921259837
21
-2.7067858267716534
0
LINE
8
BLACK
6
CONTINUOUS
10
6.2493379921259837
20
-2.7067858267716534
11
6.2405832677165352
21
-2.7067858267716534
0
LINE
8
BLACK
6
CONTINUOUS
10
6.2405832677165352
20
-2.7067858267716534
11
6.2319033858267714
21
-2.7056431102362204
0
LINE
8
BLACK
6
CONTINUOUS
10
6.2319033858267714
20
-2.7056431102362204
11
6.2234469685039366
21
-2.7033772047244096
0
LINE
8
BLACK
6
CONTINUOUS
10
6.2234469685039366
20
-2.7033772047244096
11
6.2153586220472441
21
-2.7000269291338581
0
LINE
8
BLACK
6
CONTINUOUS
10
6.2153586220472441
20
-2.7000269291338581
11
6.2077768110236216
21
-2.6956495275590551
0
LINE
8
BLACK
6
CONTINUOUS
10
6.2077768110236216
20
-2.6956495275590551
11
6.2008311811023624
21
-2.6903199999999998
0
LINE
8
BLACK
6
CONTINUOUS
10
6.2008311811023624
20
-2.6903199999999998
11
6.1946406299212597
21
-2.6841294488188976
0
LINE
8
BLACK
6
CONTINUOUS
10
6.1946406299212597
20
-2.6841294488188976
11
6.1893111023622049
21
-2.6771838188976376
0
LINE
8
BLACK
6
CONTINUOUS
10
6.1893111023622049
20
-2.6771838188976376
11
6.1849337007874015
21
-2.6696020078740155
0
LINE
8
BLACK
6
CONTINUOUS
10
6.1849337007874015
20
-2.6696020078740155
11
6.18158342519685
21
-2.6615136614173229
0
LINE
8
BLACK
6
CONTINUOUS
10
6.18158342519685
20
-2.6615136614173229
11
6.1793175196850392
21
-2.6530572440944882
0
LINE
8
BLACK
6
CONTINUOUS
10
6.1793175196850392
20
-2.6530572440944882
11
6.1781748031496058
21
-2.6443773622047244
0
LINE
8
BLACK
6
CONTINUOUS
10
6.1781748031496058
20
-2.6443773622047244
11
6.1781748031496058
21
-2.6356226377952754
0
LINE
8
BLACK
6
CONTINUOUS
10
6.1781748031496058
20
-2.6356226377952754
11
6.1782511811023619
21
-2.6350424015748031
0
LINE
8
BLACK
6
CONTINUOUS
10
6.1782511811023619
20
-2.6350424015748031
11
6.1793175196850392
21
-2.6269427559055116
0
LINE
8
BLACK
6
CONTINUOUS
10
6.1793175196850392
20
-2.6269427559055116
11
6.18158342519685
21
-2.6184863385826773
0
LINE
8
BLACK
6
CONTINUOUS
10
6.18158342519685
20
-2.6184863385826773
11
6.1849337007874015
21
-2.6103979921259843
0
LINE
8
BLACK
6
CONTINUOUS
10
6.1849337007874015
20
-2.6103979921259843
11
6.1893111023622049
21
-2.6028161811023622
0
LINE
8
BLACK
6
CONTINUOUS
10
6.1893111023622049
20
-2.6028161811023622
11
6.1946406299212597
21
-2.5958705511811022
0
LINE
8
BLACK
6
CONTINUOUS
10
6.1946406299212597
20
-2.5958705511811022
11
6.2008311811023624
21
-2.58968
0
LINE
8
BLACK
6
CONTINUOUS
10
6.2008311811023624
20
-2.58968
11
6.2077768110236216
21
-2.5843504724409447
0
LINE
8
BLACK
6
CONTINUOUS
10
6.2077768110236216
20
-2.5843504724409447
11
6.2153586220472441
21
-2.5799730708661417
0
LINE
8
BLACK
6
CONTINUOUS
10
6.2153586220472441
20
-2.5799730708661417
11
6.2234469685039366
21
-2.5766227952755907
0
LINE
8
BLACK
6
CONTINUOUS
10
6.2234469685039366
20
-2.5766227952755907
11
6.2319033858267714
21
-2.5743568897637794
0
LINE
8
BLACK
6
CONTINUOUS
10
6.2319033858267714
20
-2.5743568897637794
11
6.2405832677165352
21
-2.5732141732283464
0
LINE
8
BLACK
6
CONTINUOUS
10
6.2405832677165352
20
-2.5732141732283464
11
6.2493379921259837
21
-2.5732141732283464
0
LINE
8
BLACK
6
CONTINUOUS
10
6.2493379921259837
20
-2.5732141732283464
11
6.2580178740157475
21
-2.5743568897637794
0
LINE
8
BLACK
6
CONTINUOUS
10
6.181968503937008
20
-2.6449575984251967
11
6.1835195669291334
21
-2.654750708661417
0
LINE
8
BLACK
6
CONTINUOUS
10
6.1835195669291334
20
-2.654750708661417
11
6.1865835039370074
21
-2.6641805905511808
0
LINE
8
BLACK
6
CONTINUOUS
10
6.1865835039370074
20
-2.6641805905511808
11
6.1910849212598427
21
-2.6730150787401574
0
LINE
8
BLACK
6
CONTINUOUS
10
6.1910849212598427
20
-2.6730150787401574
11
6.1969129133858267
21
-2.6810366141732285
0
LINE
8
BLACK
6
CONTINUOUS
10
6.1969129133858267
20
-2.6810366141732285
11
6.2039240157480311
21
-2.6880477165354328
0
LINE
8
BLACK
6
CONTINUOUS
10
6.2039240157480311
20
-2.6880477165354328
11
6.2119455511811026
21
-2.6938757086614173
0
LINE
8
BLACK
6
CONTINUOUS
10
6.2119455511811026
20
-2.6938757086614173
11
6.2207800393700783
21
-2.6983771259842517
0
LINE
8
BLACK
6
CONTINUOUS
10
6.2207800393700783
20
-2.6983771259842517
11
6.2302099212598421
21
-2.7014410629921257
0
LINE
8
BLACK
6
CONTINUOUS
10
6.2302099212598421
20
-2.7014410629921257
11
6.2400030314960633
21
-2.702992125984252
0
LINE
8
BLACK
6
CONTINUOUS
10
6.2400030314960633
20
-2.702992125984252
11
6.2499182283464565
21
-2.702992125984252
0
LINE
8
BLACK
6
CONTINUOUS
10
6.2499182283464565
20
-2.702992125984252
11
6.2597113385826768
21
-2.7014410629921257
0
LINE
8
BLACK
6
CONTINUOUS
10
6.2597113385826768
20
-2.7014410629921257
11
6.2691412204724406
21
-2.6983771259842517
0
LINE
8
BLACK
6
CONTINUOUS
10
6.2691412204724406
20
-2.6983771259842517
11
6.2779757086614172
21
-2.6938757086614173
0
LINE
8
BLACK
6
CONTINUOUS
10
6.2779757086614172
20
-2.6938757086614173
11
6.2859972440944878
21
-2.6880477165354328
0
LINE
8
BLACK
6
CONTINUOUS
10
6.2859972440944878
20
-2.6880477165354328
11
6.293008346456693
21
-2.6810366141732285
0
LINE
8
BLACK
6
CONTINUOUS
10
6.293008346456693
20
-2.6810366141732285
11
6.2988363385826771
21
-2.6730150787401574
0
LINE
8
BLACK
6
CONTINUOUS
10
6.2988363385826771
20
-2.6730150787401574
11
6.3033377559055115
21
-2.6641805905511808
0
LINE
8
BLACK
6
CONTINUOUS
10
6.3033377559055115
20
-2.6641805905511808
11
6.3064016929133855
21
-2.654750708661417
0
LINE
8
BLACK
6
CONTINUOUS
10
6.3064016929133855
20
-2.654750708661417
11
6.3079527559055117
21
-2.6449575984251967
0
LINE
8
BLACK
6
CONTINUOUS
10
6.3079527559055117
20
-2.6449575984251967
11
6.3079527559055117
21
-2.6350424015748031
0
LINE
8
BLACK
6
CONTINUOUS
10
6.3079527559055117
20
-2.6350424015748031
11
6.3064016929133855
21
-2.6252492913385828
0
LINE
8
BLACK
6
CONTINUOUS
10
6.3064016929133855
20
-2.6252492913385828
11
6.3033377559055115
21
-2.615819409448819
0
LINE
8
BLACK
6
CONTINUOUS
10
6.3033377559055115
20
-2.615819409448819
11
6.2988363385826771
21
-2.6069849212598424
0
LINE
8
BLACK
6
CONTINUOUS
10
6.2988363385826771
20
-2.6069849212598424
11
6.293008346456693
21
-2.5989633858267718
0
LINE
8
BLACK
6
CONTINUOUS
10
6.293008346456693
20
-2.5989633858267718
11
6.2859972440944878
21
-2.591952283464567
0
LINE
8
BLACK
6
CONTINUOUS
10
6.2859972440944878
20
-2.591952283464567
11
6.2779757086614172
21
-2.5861242913385825
0
LINE
8
BLACK
6
CONTINUOUS
10
6.2779757086614172
20
-2.5861242913385825
11
6.2691412204724406
21
-2.5816228740157481
0
LINE
8
BLACK
6
CONTINUOUS
10
6.2691412204724406
20
-2.5816228740157481
11
6.2597113385826768
21
-2.5785589370078741
0
LINE
8
BLACK
6
CONTINUOUS
10
6.2597113385826768
20
-2.5785589370078741
11
6.2499182283464565
21
-2.5770078740157478
0
LINE
8
BLACK
6
CONTINUOUS
10
6.2499182283464565
20
-2.5770078740157478
11
6.2400030314960633
21
-2.5770078740157478
0
LINE
8
BLACK
6
CONTINUOUS
10
6.2400030314960633
20
-2.5770078740157478
11
6.2302099212598421
21
-2.5785589370078741
0
LINE
8
BLACK
6
CONTINUOUS
10
6.2302099212598421
20
-2.5785589370078741
11
6.2207800393700783
21
-2.5816228740157481
0
LINE
8
BLACK
6
CONTINUOUS
10
6.2207800393700783
20
-2.5816228740157481
11
6.2119455511811026
21
-2.5861242913385825
0
LINE
8
BLACK
6
CONTINUOUS
10
6.2119455511811026
20
-2.5861242913385825
11
6.2039240157480311
21
-2.591952283464567
0
LINE
8
BLACK
6
CONTINUOUS
10
6.2039240157480311
20
-2.591952283464567
11
6.1969129133858267
21
-2.5989633858267718
0
LINE
8
BLACK
6
CONTINUOUS
10
6.1969129133858267
20
-2.5989633858267718
11
6.1910849212598427
21
-2.6069849212598424
0
LINE
8
BLACK
6
CONTINUOUS
10
6.1910849212598427
20
-2.6069849212598424
11
6.1865835039370074
21
-2.615819409448819
0
LINE
8
BLACK
6
CONTINUOUS
10
6.1865835039370074
20
-2.615819409448819
11
6.1835195669291334
21
-2.6252492913385828
0
LINE
8
BLACK
6
CONTINUOUS
10
6.1835195669291334
20
-2.6252492913385828
11
6.181968503937008
21
-2.6350424015748031
0
LINE
8
BLACK
6
CONTINUOUS
10
6.181968503937008
20
-2.6350424015748031
11
6.181968503937008
21
-2.6449575984251967
0
LINE
8
BLACK
6
CONTINUOUS
10
7.0830572440944879
20
-2.5743568897637794
11
7.0915136614173226
21
-2.5766227952755907
0
LINE
8
BLACK
6
CONTINUOUS
10
7.0915136614173226
20
-2.5766227952755907
11
7.0996020078740152
21
-2.5799730708661417
0
LINE
8
BLACK
6
CONTINUOUS
10
7.0996020078740152
20
-2.5799730708661417
11
7.1071838188976377
21
-2.5843504724409447
0
LINE
8
BLACK
6
CONTINUOUS
10
7.1071838188976377
20
-2.5843504724409447
11
7.1141294488188977
21
-2.58968
0
LINE
8
BLACK
6
CONTINUOUS
10
7.1141294488188977
20
-2.58968
11
7.1203199999999995
21
-2.5958705511811022
0
LINE
8
BLACK
6
CONTINUOUS
10
7.1203199999999995
20
-2.5958705511811022
11
7.1256495275590552
21
-2.6028161811023622
0
LINE
8
BLACK
6
CONTINUOUS
10
7.1256495275590552
20
-2.6028161811023622
11
7.1300269291338578
21
-2.6103979921259843
0
LINE
8
BLACK
6
CONTINUOUS
10
7.1300269291338578
20
-2.6103979921259843
11
7.1333772047244093
21
-2.6184863385826773
0
LINE
8
BLACK
6
CONTINUOUS
10
7.1333772047244093
20
-2.6184863385826773
11
7.1356431102362201
21
-2.6269427559055116
0
LINE
8
BLACK
6
CONTINUOUS
10
7.1356431102362201
20
-2.6269427559055116
11
7.1367858267716535
21
-2.6356226377952754
0
LINE
8
BLACK
6
CONTINUOUS
10
7.1367858267716535
20
-2.6356226377952754
11
7.1367858267716535
21
-2.6443773622047244
0
LINE
8
BLACK
6
CONTINUOUS
10
7.1367858267716535
20
-2.6443773622047244
11
7.1356431102362201
21
-2.6530572440944882
0
LINE
8
BLACK
6
CONTINUOUS
10
7.1356431102362201
20
-2.6530572440944882
11
7.1333772047244093
21
-2.6615136614173229
0
LINE
8
BLACK
6
CONTINUOUS
10
7.1333772047244093
20
-2.6615136614173229
11
7.1300269291338578
21
-2.6696020078740155
0
LINE
8
BLACK
6
CONTINUOUS
10
7.1300269291338578
20
-2.6696020078740155
11
7.1256495275590552
21
-2.6771838188976376
0
LINE
8
BLACK
6
CONTINUOUS
10
7.1256495275590552
20
-2.6771838188976376
11
7.1203199999999995
21
-2.6841294488188976
0
LINE
8
BLACK
6
CONTINUOUS
10
7.1203199999999995
20
-2.6841294488188976
11
7.1141294488188977
21
-2.6903199999999998
0
LINE
8
BLACK
6
CONTINUOUS
10
7.1141294488188977
20
-2.6903199999999998
11
7.1071838188976377
21
-2.6956495275590551
0
LINE
8
BLACK
6
CONTINUOUS
10
7.1071838188976377
20
-2.6956495275590551
11
7.0996020078740152
21
-2.7000269291338581
0
LINE
8
BLACK
6
CONTINUOUS
10
7.0996020078740152
20
-2.7000269291338581
11
7.0915136614173226
21
-2.7033772047244096
0
LINE
8
BLACK
6
CONTINUOUS
10
7.0915136614173226
20
-2.7033772047244096
11
7.0830572440944879
21
-2.7056431102362204
0
LINE
8
BLACK
6
CONTINUOUS
10
7.0830572440944879
20
-2.7056431102362204
11
7.0743773622047241
21
-2.7067858267716534
0
LINE
8
BLACK
6
CONTINUOUS
10
7.0743773622047241
20
-2.7067858267716534
11
7.0656226377952756
21
-2.7067858267716534
0
LINE
8
BLACK
6
CONTINUOUS
10
7.0656226377952756
20
-2.7067858267716534
11
7.0569427559055118
21
-2.7056431102362204
0
LINE
8
BLACK
6
CONTINUOUS
10
7.0569427559055118
20
-2.7056431102362204
11
7.048486338582677
21
-2.7033772047244096
0
LINE
8
BLACK
6
CONTINUOUS
10
7.048486338582677
20
-2.7033772047244096
11
7.0403979921259845
21
-2.7000269291338581
0
LINE
8
BLACK
6
CONTINUOUS
10
7.0403979921259845
20
-2.7000269291338581
11
7.032816181102362
21
-2.6956495275590551
0
LINE
8
BLACK
6
CONTINUOUS
10
7.032816181102362
20
-2.6956495275590551
11
7.0258705511811019
21
-2.6903199999999998
0
LINE
8
BLACK
6
CONTINUOUS
10
7.0258705511811019
20
-2.6903199999999998
11
7.0196800000000001
21
-2.6841294488188976
0
LINE
8
BLACK
6
CONTINUOUS
10
7.0196800000000001
20
-2.6841294488188976
11
7.0143504724409445
21
-2.6771838188976376
0
LINE
8
BLACK
6
CONTINUOUS
10
7.0143504724409445
20
-2.6771838188976376
11
7.0099730708661419
21
-2.6696020078740155
0
LINE
8
BLACK
6
CONTINUOUS
10
7.0099730708661419
20
-2.6696020078740155
11
7.0066227952755904
21
-2.6615136614173229
0
LINE
8
BLACK
6
CONTINUOUS
10
7.0066227952755904
20
-2.6615136614173229
11
7.0043568897637796
21
-2.6530572440944882
0
LINE
8
BLACK
6
CONTINUOUS
10
7.0043568897637796
20
-2.6530572440944882
11
7.0032141732283462
21
-2.6443773622047244
0
LINE
8
BLACK
6
CONTINUOUS
10
7.0032141732283462
20
-2.6443773622047244
11
7.0032141732283462
21
-2.6356226377952754
0
LINE
8
BLACK
6
CONTINUOUS
10
7.0032141732283462
20
-2.6356226377952754
11
7.0032905511811023
21
-2.6350424015748031
0
LINE
8
BLACK
6
CONTINUOUS
10
7.0032905511811023
20
-2.6350424015748031
11
7.0043568897637796
21
-2.6269427559055116
0
LINE
8
BLACK
6
CONTINUOUS
10
7.0043568897637796
20
-2.6269427559055116
11
7.0066227952755904
21
-2.6184863385826773
0
LINE
8
BLACK
6
CONTINUOUS
10
7.0066227952755904
20
-2.6184863385826773
11
7.0099730708661419
21
-2.6103979921259843
0
LINE
8
BLACK
6
CONTINUOUS
10
7.0099730708661419
20
-2.6103979921259843
11
7.0143504724409445
21
-2.6028161811023622
0
LINE
8
BLACK
6
CONTINUOUS
10
7.0143504724409445
20
-2.6028161811023622
11
7.0196800000000001
21
-2.5958705511811022
0
LINE
8
BLACK
6
CONTINUOUS
10
7.0196800000000001
20
-2.5958705511811022
11
7.0258705511811019
21
-2.58968
0
LINE
8
BLACK
6
CONTINUOUS
10
7.0258705511811019
20
-2.58968
11
7.032816181102362
21
-2.5843504724409447
0
LINE
8
BLACK
6
CONTINUOUS
10
7.032816181102362
20
-2.5843504724409447
11
7.0403979921259845
21
-2.5799730708661417
0
LINE
8
BLACK
6
CONTINUOUS
10
7.0403979921259845
20
-2.5799730708661417
11
7.048486338582677
21
-2.5766227952755907
0
LINE
8
BLACK
6
CONTINUOUS
10
7.048486338582677
20
-2.5766227952755907
11
7.0569427559055118
21
-2.5743568897637794
0
LINE
8
BLACK
6
CONTINUOUS
10
7.0569427559055118
20
-2.5743568897637794
11
7.0656226377952756
21
-2.5732141732283464
0
LINE
8
BLACK
6
CONTINUOUS
10
7.0656226377952756
20
-2.5732141732283464
11
7.0743773622047241
21
-2.5732141732283464
0
LINE
8
BLACK
6
CONTINUOUS
10
7.0743773622047241
20
-2.5732141732283464
11
7.0830572440944879
21
-2.5743568897637794
0
LINE
8
BLACK
6
CONTINUOUS
10
7.0070078740157475
20
-2.6449575984251967
11
7.0085589370078738
21
-2.654750708661417
0
LINE
8
BLACK
6
CONTINUOUS
10
7.0085589370078738
20
-2.654750708661417
11
7.0116228740157478
21
-2.6641805905511808
0
LINE
8
BLACK
6
CONTINUOUS
10
7.0116228740157478
20
-2.6641805905511808
11
7.0161242913385822
21
-2.6730150787401574
0
LINE
8
BLACK
6
CONTINUOUS
10
7.0161242913385822
20
-2.6730150787401574
11
7.0219522834645671
21
-2.6810366141732285
0
LINE
8
BLACK
6
CONTINUOUS
10
7.0219522834645671
20
-2.6810366141732285
11
7.0289633858267715
21
-2.6880477165354328
0
LINE
8
BLACK
6
CONTINUOUS
10
7.0289633858267715
20
-2.6880477165354328
11
7.0369849212598421
21
-2.6938757086614173
0
LINE
8
BLACK
6
CONTINUOUS
10
7.0369849212598421
20
-2.6938757086614173
11
7.0458194094488187
21
-2.6983771259842517
0
LINE
8
BLACK
6
CONTINUOUS
10
7.0458194094488187
20
-2.6983771259842517
11
7.0552492913385825
21
-2.7014410629921257
0
LINE
8
BLACK
6
CONTINUOUS
10
7.0552492913385825
20
-2.7014410629921257
11
7.0650424015748028
21
-2.702992125984252
0
LINE
8
BLACK
6
CONTINUOUS
10
7.0650424015748028
20
-2.702992125984252
11
7.0749575984251969
21
-2.702992125984252
0
LINE
8
BLACK
6
CONTINUOUS
10
7.0749575984251969
20
-2.702992125984252
11
7.0847507086614172
21
-2.7014410629921257
0
LINE
8
BLACK
6
CONTINUOUS
10
7.0847507086614172
20
-2.7014410629921257
11
7.094180590551181
21
-2.6983771259842517
0
LINE
8
BLACK
6
CONTINUOUS
10
7.094180590551181
20
-2.6983771259842517
11
7.1030150787401576
21
-2.6938757086614173
0
LINE
8
BLACK
6
CONTINUOUS
10
7.1030150787401576
20
-2.6938757086614173
11
7.1110366141732282
21
-2.6880477165354328
0
LINE
8
BLACK
6
CONTINUOUS
10
7.1110366141732282
20
-2.6880477165354328
11
7.1180477165354326
21
-2.6810366141732285
0
LINE
8
BLACK
6
CONTINUOUS
10
7.1180477165354326
20
-2.6810366141732285
11
7.1238757086614175
21
-2.6730150787401574
0
LINE
8
BLACK
6
CONTINUOUS
10
7.1238757086614175
20
-2.6730150787401574
11
7.1283771259842519
21
-2.6641805905511808
0
LINE
8
BLACK
6
CONTINUOUS
10
7.1283771259842519
20
-2.6641805905511808
11
7.1314410629921259
21
-2.654750708661417
0
LINE
8
BLACK
6
CONTINUOUS
10
7.1314410629921259
20
-2.654750708661417
11
7.1329921259842521
21
-2.6449575984251967
0
LINE
8
BLACK
6
CONTINUOUS
10
7.1329921259842521
20
-2.6449575984251967
11
7.1329921259842521
21
-2.6350424015748031
0
LINE
8
BLACK
6
CONTINUOUS
10
7.1329921259842521
20
-2.6350424015748031
11
7.1314410629921259
21
-2.6252492913385828
0
LINE
8
BLACK
6
CONTINUOUS
10
7.1314410629921259
20
-2.6252492913385828
11
7.1283771259842519
21
-2.615819409448819
0
LINE
8
BLACK
6
CONTINUOUS
10
7.1283771259842519
20
-2.615819409448819
11
7.1238757086614175
21
-2.6069849212598424
0
LINE
8
BLACK
6
CONTINUOUS
10
7.1238757086614175
20
-2.6069849212598424
11
7.1180477165354326
21
-2.5989633858267718
0
LINE
8
BLACK
6
CONTINUOUS
10
7.1180477165354326
20
-2.5989633858267718
11
7.1110366141732282
21
-2.591952283464567
0
LINE
8
BLACK
6
CONTINUOUS
10
7.1110366141732282
20
-2.591952283464567
11
7.1030150787401576
21
-2.5861242913385825
0
LINE
8
BLACK
6
CONTINUOUS
10
7.1030150787401576
20
-2.5861242913385825
11
7.094180590551181
21
-2.5816228740157481
0
LINE
8
BLACK
6
CONTINUOUS
10
7.094180590551181
20
-2.5816228740157481
11
7.0847507086614172
21
-2.5785589370078741
0
LINE
8
BLACK
6
CONTINUOUS
10
7.0847507086614172
20
-2.5785589370078741
11
7.0749575984251969
21
-2.5770078740157478
0
LINE
8
BLACK
6
CONTINUOUS
10
7.0749575984251969
20
-2.5770078740157478
11
7.0650424015748028
21
-2.5770078740157478
0
LINE
8
BLACK
6
CONTINUOUS
10
7.0650424015748028
20
-2.5770078740157478
11
7.0552492913385825
21
-2.5785589370078741
0
LINE
8
BLACK
6
CONTINUOUS
10
7.0552492913385825
20
-2.5785589370078741
11
7.0458194094488187
21
-2.5816228740157481
0
LINE
8
BLACK
6
CONTINUOUS
10
7.0458194094488187
20
-2.5816228740157481
11
7.0369849212598421
21
-2.5861242913385825
0
LINE
8
BLACK
6
CONTINUOUS
10
7.0369849212598421
20
-2.5861242913385825
11
7.0289633858267715
21
-2.591952283464567
0
LINE
8
BLACK
6
CONTINUOUS
10
7.0289633858267715
20
-2.591952283464567
11
7.0219522834645671
21
-2.5989633858267718
0
LINE
8
BLACK
6
CONTINUOUS
10
7.0219522834645671
20
-2.5989633858267718
11
7.0161242913385822
21
-2.6069849212598424
0
LINE
8
BLACK
6
CONTINUOUS
10
7.0161242913385822
20
-2.6069849212598424
11
7.0116228740157478
21
-2.615819409448819
0
LINE
8
BLACK
6
CONTINUOUS
10
7.0116228740157478
20
-2.615819409448819
11
7.0085589370078738
21
-2.6252492913385828
0
LINE
8
BLACK
6
CONTINUOUS
10
7.0085589370078738
20
-2.6252492913385828
11
7.0070078740157475
21
-2.6350424015748031
0
LINE
8
BLACK
6
CONTINUOUS
10
7.0070078740157475
20
-2.6350424015748031
11
7.0070078740157475
21
-2.6449575984251967
0
LINE
8
BLACK
6
CONTINUOUS
10
5.3530572440944884
20
-2.3343568897637796
11
5.3615136614173231
21
-2.3366227952755905
0
LINE
8
BLACK
6
CONTINUOUS
10
5.3615136614173231
20
-2.3366227952755905
11
5.3696020078740156
21
-2.3399730708661415
0
LINE
8
BLACK
6
CONTINUOUS
10
5.3696020078740156
20
-2.3399730708661415
11
5.3771838188976373
21
-2.344350472440945
0
LINE
8
BLACK
6
CONTINUOUS
10
5.3771838188976373
20
-2.344350472440945
11
5.3841294488188973
21
-2.3496799999999998
0
LINE
8
BLACK
6
CONTINUOUS
10
5.3841294488188973
20
-2.3496799999999998
11
5.39032
21
-2.3558705511811024
0
LINE
8
BLACK
6
CONTINUOUS
10
5.39032
20
-2.3558705511811024
11
5.3956495275590548
21
-2.362816181102362
0
LINE
8
BLACK
6
CONTINUOUS
10
5.3956495275590548
20
-2.362816181102362
11
5.4000269291338583
21
-2.3703979921259841
0
LINE
8
BLACK
6
CONTINUOUS
10
5.4000269291338583
20
-2.3703979921259841
11
5.4033772047244097
21
-2.3784863385826771
0
LINE
8
BLACK
6
CONTINUOUS
10
5.4033772047244097
20
-2.3784863385826771
11
5.4056431102362206
21
-2.3869427559055119
0
LINE
8
BLACK
6
CONTINUOUS
10
5.4056431102362206
20
-2.3869427559055119
11
5.4067858267716531
21
-2.3956226377952756
0
LINE
8
BLACK
6
CONTINUOUS
10
5.4067858267716531
20
-2.3956226377952756
11
5.4067858267716531
21
-2.4043773622047242
0
LINE
8
BLACK
6
CONTINUOUS
10
5.4067858267716531
20
-2.4043773622047242
11
5.4056431102362206
21
-2.413057244094488
0
LINE
8
BLACK
6
CONTINUOUS
10
5.4056431102362206
20
-2.413057244094488
11
5.4033772047244097
21
-2.4215136614173227
0
LINE
8
BLACK
6
CONTINUOUS
10
5.4033772047244097
20
-2.4215136614173227
11
5.4000269291338583
21
-2.4296020078740157
0
LINE
8
BLACK
6
CONTINUOUS
10
5.4000269291338583
20
-2.4296020078740157
11
5.3956495275590548
21
-2.4371838188976378
0
LINE
8
BLACK
6
CONTINUOUS
10
5.3956495275590548
20
-2.4371838188976378
11
5.39032
21
-2.4441294488188974
0
LINE
8
BLACK
6
CONTINUOUS
10
5.39032
20
-2.4441294488188974
11
5.3841294488188973
21
-2.4503200000000001
0
LINE
8
BLACK
6
CONTINUOUS
10
5.3841294488188973
20
-2.4503200000000001
11
5.3771838188976373
21
-2.4556495275590549
0
LINE
8
BLACK
6
CONTINUOUS
10
5.3771838188976373
20
-2.4556495275590549
11
5.3696020078740156
21
-2.4600269291338583
0
LINE
8
BLACK
6
CONTINUOUS
10
5.3696020078740156
20
-2.4600269291338583
11
5.3615136614173231
21
-2.4633772047244094
0
LINE
8
BLACK
6
CONTINUOUS
10
5.3615136614173231
20
-2.4633772047244094
11
5.3530572440944884
21
-2.4656431102362206
0
LINE
8
BLACK
6
CONTINUOUS
10
5.3530572440944884
20
-2.4656431102362206
11
5.3443773622047246
21
-2.4667858267716536
0
LINE
8
BLACK
6
CONTINUOUS
10
5.3443773622047246
20
-2.4667858267716536
11
5.3356226377952751
21
-2.4667858267716536
0
LINE
8
BLACK
6
CONTINUOUS
10
5.3356226377952751
20
-2.4667858267716536
11
5.3269427559055114
21
-2.4656431102362206
0
LINE
8
BLACK
6
CONTINUOUS
10
5.3269427559055114
20
-2.4656431102362206
11
5.3184863385826766
21
-2.4633772047244094
0
LINE
8
BLACK
6
CONTINUOUS
10
5.3184863385826766
20
-2.4633772047244094
11
5.3103979921259841
21
-2.4600269291338583
0
LINE
8
BLACK
6
CONTINUOUS
10
5.3103979921259841
20
-2.4600269291338583
11
5.3028161811023624
21
-2.4556495275590549
0
LINE
8
BLACK
6
CONTINUOUS
10
5.3028161811023624
20
-2.4556495275590549
11
5.2958705511811024
21
-2.4503200000000001
0
LINE
8
BLACK
6
CONTINUOUS
10
5.2958705511811024
20
-2.4503200000000001
11
5.2896799999999997
21
-2.4441294488188974
0
LINE
8
BLACK
6
CONTINUOUS
10
5.2896799999999997
20
-2.4441294488188974
11
5.2843504724409449
21
-2.4371838188976378
0
LINE
8
BLACK
6
CONTINUOUS
10
5.2843504724409449
20
-2.4371838188976378
11
5.2799730708661414
21
-2.4296020078740157
0
LINE
8
BLACK
6
CONTINUOUS
10
5.2799730708661414
20
-2.4296020078740157
11
5.2766227952755909
21
-2.4215136614173227
0
LINE
8
BLACK
6
CONTINUOUS
10
5.2766227952755909
20
-2.4215136614173227
11
5.2743568897637791
21
-2.413057244094488
0
LINE
8
BLACK
6
CONTINUOUS
10
5.2743568897637791
20
-2.413057244094488
11
5.2732141732283466
21
-2.4043773622047242
0
LINE
8
BLACK
6
CONTINUOUS
10
5.2732141732283466
20
-2.4043773622047242
11
5.2732141732283466
21
-2.3956226377952756
0
LINE
8
BLACK
6
CONTINUOUS
10
5.2732141732283466
20
-2.3956226377952756
11
5.2732905511811019
21
-2.3950424015748033
0
LINE
8
BLACK
6
CONTINUOUS
10
5.2732905511811019
20
-2.3950424015748033
11
5.2743568897637791
21
-2.3869427559055119
0
LINE
8
BLACK
6
CONTINUOUS
10
5.2743568897637791
20
-2.3869427559055119
11
5.2766227952755909
21
-2.3784863385826771
0
LINE
8
BLACK
6
CONTINUOUS
10
5.2766227952755909
20
-2.3784863385826771
11
5.2799730708661414
21
-2.3703979921259841
0
LINE
8
BLACK
6
CONTINUOUS
10
5.2799730708661414
20
-2.3703979921259841
11
5.2843504724409449
21
-2.362816181102362
0
LINE
8
BLACK
6
CONTINUOUS
10
5.2843504724409449
20
-2.362816181102362
11
5.2896799999999997
21
-2.3558705511811024
0
LINE
8
BLACK
6
CONTINUOUS
10
5.2896799999999997
20
-2.3558705511811024
11
5.2958705511811024
21
-2.3496799999999998
0
LINE
8
BLACK
6
CONTINUOUS
10
5.2958705511811024
20
-2.3496799999999998
11
5.3028161811023624
21
-2.344350472440945
0
LINE
8
BLACK
6
CONTINUOUS
10
5.3028161811023624
20
-2.344350472440945
11
5.3103979921259841
21
-2.3399730708661415
0
LINE
8
BLACK
6
CONTINUOUS
10
5.3103979921259841
20
-2.3399730708661415
11
5.3184863385826766
21
-2.3366227952755905
0
LINE
8
BLACK
6
CONTINUOUS
10
5.3184863385826766
20
-2.3366227952755905
11
5.3269427559055114
21
-2.3343568897637796
0
LINE
8
BLACK
6
CONTINUOUS
10
5.3269427559055114
20
-2.3343568897637796
11
5.3356226377952751
21
-2.3332141732283462
0
LINE
8
BLACK
6
CONTINUOUS
10
5.3356226377952751
20
-2.3332141732283462
11
5.3443773622047246
21
-2.3332141732283462
0
LINE
8
BLACK
6
CONTINUOUS
10
5.3443773622047246
20
-2.3332141732283462
11
5.3530572440944884
21
-2.3343568897637796
0
LINE
8
BLACK
6
CONTINUOUS
10
5.277007874015748
20
-2.404957598425197
11
5.2785589370078743
21
-2.4147507086614173
0
LINE
8
BLACK
6
CONTINUOUS
10
5.2785589370078743
20
-2.4147507086614173
11
5.2816228740157483
21
-2.4241805905511811
0
LINE
8
BLACK
6
CONTINUOUS
10
5.2816228740157483
20
-2.4241805905511811
11
5.2861242913385826
21
-2.4330150787401572
0
LINE
8
BLACK
6
CONTINUOUS
10
5.2861242913385826
20
-2.4330150787401572
11
5.2919522834645667
21
-2.4410366141732283
0
LINE
8
BLACK
6
CONTINUOUS
10
5.2919522834645667
20
-2.4410366141732283
11
5.298963385826772
21
-2.4480477165354331
0
LINE
8
BLACK
6
CONTINUOUS
10
5.298963385826772
20
-2.4480477165354331
11
5.3069849212598426
21
-2.4538757086614171
0
LINE
8
BLACK
6
CONTINUOUS
10
5.3069849212598426
20
-2.4538757086614171
11
5.3158194094488191
21
-2.458377125984252
0
LINE
8
BLACK
6
CONTINUOUS
10
5.3158194094488191
20
-2.458377125984252
11
5.3252492913385829
21
-2.4614410629921259
0
LINE
8
BLACK
6
CONTINUOUS
10
5.3252492913385829
20
-2.4614410629921259
11
5.3350424015748033
21
-2.4629921259842518
0
LINE
8
BLACK
6
CONTINUOUS
10
5.3350424015748033
20
-2.4629921259842518
11
5.3449575984251965
21
-2.4629921259842518
0
LINE
8
BLACK
6
CONTINUOUS
10
5.3449575984251965
20
-2.4629921259842518
11
5.3547507086614168
21
-2.4614410629921259
0
LINE
8
BLACK
6
CONTINUOUS
10
5.3547507086614168
20
-2.4614410629921259
11
5.3641805905511806
21
-2.458377125984252
0
LINE
8
BLACK
6
CONTINUOUS
10
5.3641805905511806
20
-2.458377125984252
11
5.3730150787401572
21
-2.4538757086614171
0
LINE
8
BLACK
6
CONTINUOUS
10
5.3730150787401572
20
-2.4538757086614171
11
5.3810366141732286
21
-2.4480477165354331
0
LINE
8
BLACK
6
CONTINUOUS
10
5.3810366141732286
20
-2.4480477165354331
11
5.388047716535433
21
-2.4410366141732283
0
LINE
8
BLACK
6
CONTINUOUS
10
5.388047716535433
20
-2.4410366141732283
11
5.3938757086614171
21
-2.4330150787401572
0
LINE
8
BLACK
6
CONTINUOUS
10
5.3938757086614171
20
-2.4330150787401572
11
5.3983771259842515
21
-2.4241805905511811
0
LINE
8
BLACK
6
CONTINUOUS
10
5.3983771259842515
20
-2.4241805905511811
11
5.4014410629921255
21
-2.4147507086614173
0
LINE
8
BLACK
6
CONTINUOUS
10
5.4014410629921255
20
-2.4147507086614173
11
5.4029921259842517
21
-2.404957598425197
0
LINE
8
BLACK
6
CONTINUOUS
10
5.4029921259842517
20
-2.404957598425197
11
5.4029921259842517
21
-2.3950424015748033
0
LINE
8
BLACK
6
CONTINUOUS
10
5.4029921259842517
20
-2.3950424015748033
11
5.4014410629921255
21
-2.3852492913385825
0
LINE
8
BLACK
6
CONTINUOUS
10
5.4014410629921255
20
-2.3852492913385825
11
5.3983771259842515
21
-2.3758194094488188
0
LINE
8
BLACK
6
CONTINUOUS
10
5.3983771259842515
20
-2.3758194094488188
11
5.3938757086614171
21
-2.3669849212598426
0
LINE
8
BLACK
6
CONTINUOUS
10
5.3938757086614171
20
-2.3669849212598426
11
5.388047716535433
21
-2.3589633858267716
0
LINE
8
BLACK
6
CONTINUOUS
10
5.388047716535433
20
-2.3589633858267716
11
5.3810366141732286
21
-2.3519522834645668
0
LINE
8
BLACK
6
CONTINUOUS
10
5.3810366141732286
20
-2.3519522834645668
11
5.3730150787401572
21
-2.3461242913385827
0
LINE
8
BLACK
6
CONTINUOUS
10
5.3730150787401572
20
-2.3461242913385827
11
5.3641805905511806
21
-2.3416228740157479
0
LINE
8
BLACK
6
CONTINUOUS
10
5.3641805905511806
20
-2.3416228740157479
11
5.3547507086614168
21
-2.3385589370078739
0
LINE
8
BLACK
6
CONTINUOUS
10
5.3547507086614168
20
-2.3385589370078739
11
5.3449575984251965
21
-2.3370078740157481
0
LINE
8
BLACK
6
CONTINUOUS
10
5.3449575984251965
20
-2.3370078740157481
11
5.3350424015748033
21
-2.3370078740157481
0
LINE
8
BLACK
6
CONTINUOUS
10
5.3350424015748033
20
-2.3370078740157481
11
5.3252492913385829
21
-2.3385589370078739
0
LINE
8
BLACK
6
CONTINUOUS
10
5.3252492913385829
20
-2.3385589370078739
11
5.3158194094488191
21
-2.3416228740157479
0
LINE
8
BLACK
6
CONTINUOUS
10
5.3158194094488191
20
-2.3416228740157479
11
5.3069849212598426
21
-2.3461242913385827
0
LINE
8
BLACK
6
CONTINUOUS
10
5.3069849212598426
20
-2.3461242913385827
11
5.298963385826772
21
-2.3519522834645668
0
LINE
8
BLACK
6
CONTINUOUS
10
5.298963385826772
20
-2.3519522834645668
11
5.2919522834645667
21
-2.3589633858267716
0
LINE
8
BLACK
6
CONTINUOUS
10
5.2919522834645667
20
-2.3589633858267716
11
5.2861242913385826
21
-2.3669849212598426
0
LINE
8
BLACK
6
CONTINUOUS
10
5.2861242913385826
20
-2.3669849212598426
11
5.2816228740157483
21
-2.3758194094488188
0
LINE
8
BLACK
6
CONTINUOUS
10
5.2816228740157483
20
-2.3758194094488188
11
5.2785589370078743
21
-2.3852492913385825
0
LINE
8
BLACK
6
CONTINUOUS
10
5.2785589370078743
20
-2.3852492913385825
11
5.277007874015748
21
-2.3950424015748033
0
LINE
8
BLACK
6
CONTINUOUS
10
5.277007874015748
20
-2.3950424015748033
11
5.277007874015748
21
-2.404957598425197
0
LINE
8
BLACK
6
CONTINUOUS
10
8.0130572440944885
20
-2.3343568897637796
11
8.0215136614173232
21
-2.3366227952755905
0
LINE
8
BLACK
6
CONTINUOUS
10
8.0215136614173232
20
-2.3366227952755905
11
8.0296020078740149
21
-2.3399730708661415
0
LINE
8
BLACK
6
CONTINUOUS
10
8.0296020078740149
20
-2.3399730708661415
11
8.0371838188976383
21
-2.344350472440945
0
LINE
8
BLACK
6
CONTINUOUS
10
8.0371838188976383
20
-2.344350472440945
11
8.0441294488188966
21
-2.3496799999999998
0
LINE
8
BLACK
6
CONTINUOUS
10
8.0441294488188966
20
-2.3496799999999998
11
8.0503199999999993
21
-2.3558705511811024
0
LINE
8
BLACK
6
CONTINUOUS
10
8.0503199999999993
20
-2.3558705511811024
11
8.0556495275590549
21
-2.362816181102362
0
LINE
8
BLACK
6
CONTINUOUS
10
8.0556495275590549
20
-2.362816181102362
11
8.0600269291338584
21
-2.3703979921259841
0
LINE
8
BLACK
6
CONTINUOUS
10
8.0600269291338584
20
-2.3703979921259841
11
8.063377204724409
21
-2.3784863385826771
0
LINE
8
BLACK
6
CONTINUOUS
10
8.063377204724409
20
-2.3784863385826771
11
8.0656431102362198
21
-2.3869427559055119
0
LINE
8
BLACK
6
CONTINUOUS
10
8.0656431102362198
20
-2.3869427559055119
11
8.0667858267716532
21
-2.3956226377952756
0
LINE
8
BLACK
6
CONTINUOUS
10
8.0667858267716532
20
-2.3956226377952756
11
8.0667858267716532
21
-2.4043773622047242
0
LINE
8
BLACK
6
CONTINUOUS
10
8.0667858267716532
20
-2.4043773622047242
11
8.0656431102362198
21
-2.413057244094488
0
LINE
8
BLACK
6
CONTINUOUS
10
8.0656431102362198
20
-2.413057244094488
11
8.063377204724409
21
-2.4215136614173227
0
LINE
8
BLACK
6
CONTINUOUS
10
8.063377204724409
20
-2.4215136614173227
11
8.0600269291338584
21
-2.4296020078740157
0
LINE
8
BLACK
6
CONTINUOUS
10
8.0600269291338584
20
-2.4296020078740157
11
8.0556495275590549
21
-2.4371838188976378
0
LINE
8
BLACK
6
CONTINUOUS
10
8.0556495275590549
20
-2.4371838188976378
11
8.0503199999999993
21
-2.4441294488188974
0
LINE
8
BLACK
6
CONTINUOUS
10
8.0503199999999993
20
-2.4441294488188974
11
8.0441294488188966
21
-2.4503200000000001
0
LINE
8
BLACK
6
CONTINUOUS
10
8.0441294488188966
20
-2.4503200000000001
11
8.0371838188976383
21
-2.4556495275590549
0
LINE
8
BLACK
6
CONTINUOUS
10
8.0371838188976383
20
-2.4556495275590549
11
8.0296020078740149
21
-2.4600269291338583
0
LINE
8
BLACK
6
CONTINUOUS
10
8.0296020078740149
20
-2.4600269291338583
11
8.0215136614173232
21
-2.4633772047244094
0
LINE
8
BLACK
6
CONTINUOUS
10
8.0215136614173232
20
-2.4633772047244094
11
8.0130572440944885
21
-2.4656431102362206
0
LINE
8
BLACK
6
CONTINUOUS
10
8.0130572440944885
20
-2.4656431102362206
11
8.0043773622047247
21
-2.4667858267716536
0
LINE
8
BLACK
6
CONTINUOUS
10
8.0043773622047247
20
-2.4667858267716536
11
7.9956226377952753
21
-2.4667858267716536
0
LINE
8
BLACK
6
CONTINUOUS
10
7.9956226377952753
20
-2.4667858267716536
11
7.9869427559055115
21
-2.4656431102362206
0
LINE
8
BLACK
6
CONTINUOUS
10
7.9869427559055115
20
-2.4656431102362206
11
7.9784863385826768
21
-2.4633772047244094
0
LINE
8
BLACK
6
CONTINUOUS
10
7.9784863385826768
20
-2.4633772047244094
11
7.9703979921259842
21
-2.4600269291338583
0
LINE
8
BLACK
6
CONTINUOUS
10
7.9703979921259842
20
-2.4600269291338583
11
7.9628161811023617
21
-2.4556495275590549
0
LINE
8
BLACK
6
CONTINUOUS
10
7.9628161811023617
20
-2.4556495275590549
11
7.9558705511811025
21
-2.4503200000000001
0
LINE
8
BLACK
6
CONTINUOUS
10
7.9558705511811025
20
-2.4503200000000001
11
7.9496799999999999
21
-2.4441294488188974
0
LINE
8
BLACK
6
CONTINUOUS
10
7.9496799999999999
20
-2.4441294488188974
11
7.9443504724409451
21
-2.4371838188976378
0
LINE
8
BLACK
6
CONTINUOUS
10
7.9443504724409451
20
-2.4371838188976378
11
7.9399730708661416
21
-2.4296020078740157
0
LINE
8
BLACK
6
CONTINUOUS
10
7.9399730708661416
20
-2.4296020078740157
11
7.9366227952755901
21
-2.4215136614173227
0
LINE
8
BLACK
6
CONTINUOUS
10
7.9366227952755901
20
-2.4215136614173227
11
7.9343568897637793
21
-2.413057244094488
0
LINE
8
BLACK
6
CONTINUOUS
10
7.9343568897637793
20
-2.413057244094488
11
7.9332141732283459
21
-2.4043773622047242
0
LINE
8
BLACK
6
CONTINUOUS
10
7.9332141732283459
20
-2.4043773622047242
11
7.9332141732283459
21
-2.3956226377952756
0
LINE
8
BLACK
6
CONTINUOUS
10
7.9332141732283459
20
-2.3956226377952756
11
7.933290551181102
21
-2.3950424015748033
0
LINE
8
BLACK
6
CONTINUOUS
10
7.933290551181102
20
-2.3950424015748033
11
7.9343568897637793
21
-2.3869427559055119
0
LINE
8
BLACK
6
CONTINUOUS
10
7.9343568897637793
20
-2.3869427559055119
11
7.9366227952755901
21
-2.3784863385826771
0
LINE
8
BLACK
6
CONTINUOUS
10
7.9366227952755901
20
-2.3784863385826771
11
7.9399730708661416
21
-2.3703979921259841
0
LINE
8
BLACK
6
CONTINUOUS
10
7.9399730708661416
20
-2.3703979921259841
11
7.9443504724409451
21
-2.362816181102362
0
LINE
8
BLACK
6
CONTINUOUS
10
7.9443504724409451
20
-2.362816181102362
11
7.9496799999999999
21
-2.3558705511811024
0
LINE
8
BLACK
6
CONTINUOUS
10
7.9496799999999999
20
-2.3558705511811024
11
7.9558705511811025
21
-2.3496799999999998
0
LINE
8
BLACK
6
CONTINUOUS
10
7.9558705511811025
20
-2.3496799999999998
11
7.9628161811023617
21
-2.344350472440945
0
LINE
8
BLACK
6
CONTINUOUS
10
7.9628161811023617
20
-2.344350472440945
11
7.9703979921259842
21
-2.3399730708661415
0
LINE
8
BLACK
6
CONTINUOUS
10
7.9703979921259842
20
-2.3399730708661415
11
7.9784863385826768
21
-2.3366227952755905
0
LINE
8
BLACK
6
CONTINUOUS
10
7.9784863385826768
20
-2.3366227952755905
11
7.9869427559055115
21
-2.3343568897637796
0
LINE
8
BLACK
6
CONTINUOUS
10
7.9869427559055115
20
-2.3343568897637796
11
7.9956226377952753
21
-2.3332141732283462
0
LINE
8
BLACK
6
CONTINUOUS
10
7.9956226377952753
20
-2.3332141732283462
11
8.0043773622047247
21
-2.3332141732283462
0
LINE
8
BLACK
6
CONTINUOUS
10
8.0043773622047247
20
-2.3332141732283462
11
8.0130572440944885
21
-2.3343568897637796
0
LINE
8
BLACK
6
CONTINUOUS
10
7.9370078740157481
20
-2.404957598425197
11
7.9385589370078735
21
-2.4147507086614173
0
LINE
8
BLACK
6
CONTINUOUS
10
7.9385589370078735
20
-2.4147507086614173
11
7.9416228740157475
21
-2.4241805905511811
0
LINE
8
BLACK
6
CONTINUOUS
10
7.9416228740157475
20
-2.4241805905511811
11
7.9461242913385828
21
-2.4330150787401572
0
LINE
8
BLACK
6
CONTINUOUS
10
7.9461242913385828
20
-2.4330150787401572
11
7.9519522834645668
21
-2.4410366141732283
0
LINE
8
BLACK
6
CONTINUOUS
10
7.9519522834645668
20
-2.4410366141732283
11
7.9589633858267712
21
-2.4480477165354331
0
LINE
8
BLACK
6
CONTINUOUS
10
7.9589633858267712
20
-2.4480477165354331
11
7.9669849212598427
21
-2.4538757086614171
0
LINE
8
BLACK
6
CONTINUOUS
10
7.9669849212598427
20
-2.4538757086614171
11
7.9758194094488184
21
-2.458377125984252
0
LINE
8
BLACK
6
CONTINUOUS
10
7.9758194094488184
20
-2.458377125984252
11
7.9852492913385822
21
-2.4614410629921259
0
LINE
8
BLACK
6
CONTINUOUS
10
7.9852492913385822
20
-2.4614410629921259
11
7.9950424015748034
21
-2.4629921259842518
0
LINE
8
BLACK
6
CONTINUOUS
10
7.9950424015748034
20
-2.4629921259842518
11
8.0049575984251966
21
-2.4629921259842518
0
LINE
8
BLACK
6
CONTINUOUS
10
8.0049575984251966
20
-2.4629921259842518
11
8.0147507086614169
21
-2.4614410629921259
0
LINE
8
BLACK
6
CONTINUOUS
10
8.0147507086614169
20
-2.4614410629921259
11
8.0241805905511807
21
-2.458377125984252
0
LINE
8
BLACK
6
CONTINUOUS
10
8.0241805905511807
20
-2.458377125984252
11
8.0330150787401564
21
-2.4538757086614171
0
LINE
8
BLACK
6
CONTINUOUS
10
8.0330150787401564
20
-2.4538757086614171
11
8.0410366141732279
21
-2.4480477165354331
0
LINE
8
BLACK
6
CONTINUOUS
10
8.0410366141732279
20
-2.4480477165354331
11
8.0480477165354323
21
-2.4410366141732283
0
LINE
8
BLACK
6
CONTINUOUS
10
8.0480477165354323
20
-2.4410366141732283
11
8.0538757086614172
21
-2.4330150787401572
0
LINE
8
BLACK
6
CONTINUOUS
10
8.0538757086614172
20
-2.4330150787401572
11
8.0583771259842525
21
-2.4241805905511811
0
LINE
8
BLACK
6
CONTINUOUS
10
8.0583771259842525
20
-2.4241805905511811
11
8.0614410629921256
21
-2.4147507086614173
0
LINE
8
BLACK
6
CONTINUOUS
10
8.0614410629921256
20
-2.4147507086614173
11
8.0629921259842519
21
-2.404957598425197
0
LINE
8
BLACK
6
CONTINUOUS
10
8.0629921259842519
20
-2.404957598425197
11
8.0629921259842519
21
-2.3950424015748033
0
LINE
8
BLACK
6
CONTINUOUS
10
8.0629921259842519
20
-2.3950424015748033
11
8.0614410629921256
21
-2.3852492913385825
0
LINE
8
BLACK
6
CONTINUOUS
10
8.0614410629921256
20
-2.3852492913385825
11
8.0583771259842525
21
-2.3758194094488188
0
LINE
8
BLACK
6
CONTINUOUS
10
8.0583771259842525
20
-2.3758194094488188
11
8.0538757086614172
21
-2.3669849212598426
0
LINE
8
BLACK
6
CONTINUOUS
10
8.0538757086614172
20
-2.3669849212598426
11
8.0480477165354323
21
-2.3589633858267716
0
LINE
8
BLACK
6
CONTINUOUS
10
8.0480477165354323
20
-2.3589633858267716
11
8.0410366141732279
21
-2.3519522834645668
0
LINE
8
BLACK
6
CONTINUOUS
10
8.0410366141732279
20
-2.3519522834645668
11
8.0330150787401564
21
-2.3461242913385827
0
LINE
8
BLACK
6
CONTINUOUS
10
8.0330150787401564
20
-2.3461242913385827
11
8.0241805905511807
21
-2.3416228740157479
0
LINE
8
BLACK
6
CONTINUOUS
10
8.0241805905511807
20
-2.3416228740157479
11
8.0147507086614169
21
-2.3385589370078739
0
LINE
8
BLACK
6
CONTINUOUS
10
8.0147507086614169
20
-2.3385589370078739
11
8.0049575984251966
21
-2.3370078740157481
0
LINE
8
BLACK
6
CONTINUOUS
10
8.0049575984251966
20
-2.3370078740157481
11
7.9950424015748034
21
-2.3370078740157481
0
LINE
8
BLACK
6
CONTINUOUS
10
7.9950424015748034
20
-2.3370078740157481
11
7.9852492913385822
21
-2.3385589370078739
0
LINE
8
BLACK
6
CONTINUOUS
10
7.9852492913385822
20
-2.3385589370078739
11
7.9758194094488184
21
-2.3416228740157479
0
LINE
8
BLACK
6
CONTINUOUS
10
7.9758194094488184
20
-2.3416228740157479
11
7.9669849212598427
21
-2.3461242913385827
0
LINE
8
BLACK
6
CONTINUOUS
10
7.9669849212598427
20
-2.3461242913385827
11
7.9589633858267712
21
-2.3519522834645668
0
LINE
8
BLACK
6
CONTINUOUS
10
7.9589633858267712
20
-2.3519522834645668
11
7.9519522834645668
21
-2.3589633858267716
0
LINE
8
BLACK
6
CONTINUOUS
10
7.9519522834645668
20
-2.3589633858267716
11
7.9461242913385828
21
-2.3669849212598426
0
LINE
8
BLACK
6
CONTINUOUS
10
7.9461242913385828
20
-2.3669849212598426
11
7.9416228740157475
21
-2.3758194094488188
0
LINE
8
BLACK
6
CONTINUOUS
10
7.9416228740157475
20
-2.3758194094488188
11
7.9385589370078735
21
-2.3852492913385825
0
LINE
8
BLACK
6
CONTINUOUS
10
7.9385589370078735
20
-2.3852492913385825
11
7.9370078740157481
21
-2.3950424015748033
0
LINE
8
BLACK
6
CONTINUOUS
10
7.9370078740157481
20
-2.3950424015748033
11
7.9370078740157481
21
-2.404957598425197
0
LINE
8
BLACK
6
CONTINUOUS
10
8.1107680708661416
20
-2.2861386220472442
11
8.1121872834645661
21
-2.2867264960629923
0
LINE
8
BLACK
6
CONTINUOUS
10
8.1121872834645661
20
-2.2867264960629923
11
8.1132735039370072
21
-2.2878127165354329
0
LINE
8
BLACK
6
CONTINUOUS
10
8.1132735039370072
20
-2.2878127165354329
11
8.1138613779527553
21
-2.2892319291338583
0
LINE
8
BLACK
6
CONTINUOUS
10
8.1138613779527553
20
-2.2892319291338583
11
8.1139370078740161
21
-2.29
0
LINE
8
BLACK
6
CONTINUOUS
10
8.1139370078740161
20
-2.29
11
8.1139370078740161
21
-4.0199999999999996
0
LINE
8
BLACK
6
CONTINUOUS
10
8.1139370078740161
20
-4.0199999999999996
11
8.1138613779527553
21
-4.0207680708661417
0
LINE
8
BLACK
6
CONTINUOUS
10
8.1138613779527553
20
-4.0207680708661417
11
8.1132735039370072
21
-4.0221872834645671
0
LINE
8
BLACK
6
CONTINUOUS
10
8.1132735039370072
20
-4.0221872834645671
11
8.1121872834645661
21
-4.0232735039370082
0
LINE
8
BLACK
6
CONTINUOUS
10
8.1121872834645661
20
-4.0232735039370082
11
8.1107680708661416
21
-4.0238613779527554
0
LINE
8
BLACK
6
CONTINUOUS
10
8.1107680708661416
20
-4.0238613779527554
11
8.1099999999999994
21
-4.0239370078740153
0
LINE
8
BLACK
6
CONTINUOUS
10
8.1099999999999994
20
-4.0239370078740153
11
5.2299999999999995
21
-4.0239370078740153
0
LINE
8
BLACK
6
CONTINUOUS
10
5.2299999999999995
20
-4.0239370078740153
11
5.2292319291338583
21
-4.0238613779527554
0
LINE
8
BLACK
6
CONTINUOUS
10
5.2292319291338583
20
-4.0238613779527554
11
5.2278127165354329
21
-4.0232735039370082
0
LINE
8
BLACK
6
CONTINUOUS
10
5.2278127165354329
20
-4.0232735039370082
11
5.2267264960629918
21
-4.0221872834645671
0
LINE
8
BLACK
6
CONTINUOUS
10
5.2267264960629918
20
-4.0221872834645671
11
5.2261386220472437
21
-4.0207680708661417
0
LINE
8
BLACK
6
CONTINUOUS
10
5.2261386220472437
20
-4.0207680708661417
11
5.2260629921259838
21
-4.0199999999999996
0
LINE
8
BLACK
6
CONTINUOUS
10
5.2260629921259838
20
-4.0199999999999996
11
5.2260629921259838
21
-2.29
0
LINE
8
BLACK
6
CONTINUOUS
10
5.2260629921259838
20
-2.29
11
5.2261386220472437
21
-2.2892319291338583
0
LINE
8
BLACK
6
CONTINUOUS
10
5.2261386220472437
20
-2.2892319291338583
11
5.2267264960629918
21
-2.2878127165354329
0
LINE
8
BLACK
6
CONTINUOUS
10
5.2267264960629918
20
-2.2878127165354329
11
5.2278127165354329
21
-2.2867264960629923
0
LINE
8
BLACK
6
CONTINUOUS
10
5.2278127165354329
20
-2.2867264960629923
11
5.2292319291338583
21
-2.2861386220472442
0
LINE
8
BLACK
6
CONTINUOUS
10
5.2292319291338583
20
-2.2861386220472442
11
5.2299999999999995
21
-2.2860629921259843
0
LINE
8
BLACK
6
CONTINUOUS
10
5.2299999999999995
20
-2.2860629921259843
11
8.1099999999999994
21
-2.2860629921259843
0
LINE
8
BLACK
6
CONTINUOUS
10
8.1099999999999994
20
-2.2860629921259843
11
8.1107680708661416
21
-2.2861386220472442
0
LINE
8
BLACK
6
CONTINUOUS
10
5.2339370078740153
20
-2.2939370078740158
11
5.2339370078740153
21
-4.0160629921259838
0
LINE
8
BLACK
6
CONTINUOUS
10
5.2339370078740153
20
-4.0160629921259838
11
8.1060629921259846
21
-4.0160629921259838
0
LINE
8
BLACK
6
CONTINUOUS
10
8.1060629921259846
20
-4.0160629921259838
11
8.1060629921259846
21
-2.2939370078740158
0
LINE
8
BLACK
6
CONTINUOUS
10
8.1060629921259846
20
-2.2939370078740158
11
5.2339370078740153
21
-2.2939370078740158
  0
ENDSEC
  0
EOF
